tree
version=v4
num_class=1
num_tree_per_iteration=1
label_index=0
max_feature_idx=15
objective=regression
feature_names=RevolvingUtilizationOfUnsecuredLines age NumberOfTime30-59DaysPastDueNotWorse DebtRatio MonthlyIncome NumberOfOpenCreditLinesAndLoans NumberOfTimes90DaysLate NumberRealEstateLoansOrLines NumberOfTime60-89DaysPastDueNotWorse NumberOfDependents dpd_sentinel_flag util_extreme_flag income_missing_flag dependents_missing_flag pd_cal spend_pre
feature_infos=[0:2] [21:103] none [0:326442] [0:629000] [0:57] none [0:23] none [0:9] none none [0:1] none [0:0.090365448504983389] [0:3680.0812128017346]
tree_sizes=571 679 593 593 590 591 680 679 681 589 686 599 688 685 691 596 678 678 678 688 602 686 598 683 689 683 690 685 686 687 691 688 690 682 694 601 774 682 689 682 689 681 779 694 679 688 604 688 684 684 603 685 687 689 693 687 679 681 686 693 690 681 597 688 601 689 686 602 683 770 605 690 687 682 686 687 683 598 687 774 600 601 603 770 687 679 776 687 596 685 594 606 692 696 687 694 689 772 601 597 602 689 691 694 603 605 688 687 692 690 598 693 688 596 603 781 688 595 693 603 688 690 603 605 603 687 686 689 685 685 603 685 779 692 690 688 591 687 604 598 684 698 604 686 687 691 684 684 688 686 601 688 603 688 688 689 691 600 600 602 600 599 685 608 692 684 684 693 687 692 688 685 682 694 684 698 603 688 600 606 698 604 688 686 599 601 685 696 690 688 698 690 598 687 602 687 780 688 600 690 690 687 690 690 775 687 690 691 686 690 692 689 601 686 601 777 693 601 685 691 689 687 690 602 688 601 597 606 688 691 690 689 600 691 689 602 689 687 692 605 687 687 690 688 687 775 684 696 695 683 687 691 693 681 690 686 692 602 690 688 687 778 687 689 696 679 683 599 686 604 688 698 605 687 687 689 684 604 689 685 692 694 688 686 598 595 692 686 687 690 692 601 684 693 603 777 773 688 690 693 685 689 605 684 691 686 687 603 779 773 598 683 686 596 693 600 603 692 694 691 691 688 690 687 608 691 696 687 610 774 600 689 607 691 599 692 687 595 599 691 685 690 698 690 776 692 682 692 691 605 693 686 697 688 695 685 774 690 685 602 693 691 683 692 696 697 604 691 606 779 780 694 603 599 602 688 775 605 694 776 689 602 690 595 683 778 689 693 692 600 693 695 680 687 764 690 686 695 690 690

Tree=0
num_leaves=5
num_cat=0
split_feature=0 3 3 0
split_gain=593105 209969 142542 132050
threshold=0.32542979000000005 0.3898229800000001 1.6523074720000002 0.04440873900000001
decision_type=2 2 2 2
left_child=1 3 -3 -1
right_child=-2 2 -4 -5
leaf_value=25.795420851496932 24.646114198009069 24.851362364091411 25.384282752288382 25.340971282006418
leaf_weight=3256 3599 2307 2751 3140
leaf_count=3256 3599 2307 2751 3140
internal_value=25.206 25.3819 25.1412 25.5723
internal_weight=15053 11454 5058 6396
internal_count=15053 11454 5058 6396
is_linear=0
shrinkage=1


Tree=1
num_leaves=6
num_cat=0
split_feature=0 0 5 7 3
split_gain=647058 127251 94086.4 92628.5 72711.7
threshold=0.14719174900000001 0.48245778750000007 7.5000000000000009 1.0000000180025095e-35 0.3898229800000001
decision_type=2 2 2 2 2
left_child=2 -2 3 -1 -4
right_child=1 -3 4 -5 -6
leaf_value=0.21256115249268814 -0.21420427343011594 -0.68610035902413025 0.28952394218106725 0.66545613816131588 -0.11186136626342454
leaf_weight=2336 3634 2354 2517 2185 2045
leaf_count=2336 3634 2354 2517 2185 2045
internal_value=0.00378483 -0.399716 0.269794 0.431445 0.109596
internal_weight=15071 5988 9083 4521 4562
internal_count=15071 5988 9083 4521 4562
is_linear=0
shrinkage=0.05


Tree=2
num_leaves=5
num_cat=0
split_feature=14 14 15 14
split_gain=913438 156313 109833 70074.9
threshold=0.019418389610717211 0.039578543350886307 237.45072442864242 0.0065607549037540753
decision_type=2 2 2 2
left_child=2 -2 3 -1
right_child=1 -3 -4 -5
leaf_value=0.45100655695209818 -0.223036982898139 -0.72961466683919107 0.58146942958646375 0.087785561505936305
leaf_weight=2005 3290 2835 3004 3932
leaf_count=2005 3290 2835 3004 3932
internal_value=0.0128718 -0.45751 0.335105 0.21045
internal_weight=15066 6125 8941 5937
internal_count=15066 6125 8941 5937
is_linear=0
shrinkage=0.05


Tree=3
num_leaves=5
num_cat=0
split_feature=0 4 0 5
split_gain=461002 137826 128004 59561.7
threshold=0.32542979000000005 6666.5000000000009 0.072709426000000008 8.5000000000000018
decision_type=2 8 2 2
left_child=1 3 -3 -1
right_child=-2 2 -4 -5
leaf_value=0.055196102508239475 -0.54514470737398679 0.44260163645172668 -0.02616930478718997 -0.28521148705165433
leaf_weight=3153 3605 3816 2355 2169
leaf_count=3153 3605 3816 2355 2169
internal_value=-0.0518279 0.10291 0.263708 -0.0835382
internal_weight=15098 11493 6171 5322
internal_count=15098 11493 6171 5322
is_linear=0
shrinkage=0.05


Tree=4
num_leaves=5
num_cat=0
split_feature=14 4 4 4
split_gain=649660 118640 104502 92188.7
threshold=0.01729465325404151 6666.5000000000009 5703.0000000000009 5500.5000000000009
decision_type=2 10 8 8
left_child=1 3 -2 -1
right_child=2 -3 -4 -5
leaf_value=0.36828693834675713 -0.58706364648629972 0.54981838945544592 -0.18228946013907277 -0.029598605847660522
leaf_weight=2772 3021 2917 3377 3066
leaf_count=2772 3021 2917 3377 3066
internal_value=0.00955926 0.28943 -0.373415 0.159325
internal_weight=15153 8755 6398 5838
internal_count=15153 8755 6398 5838
is_linear=0
shrinkage=0.05


Tree=5
num_leaves=5
num_cat=0
split_feature=0 5 15 4
split_gain=595242 213203 130606 33377.6
threshold=0.30595714450000006 11.500000000000002 222.57937421379515 9206.5000000000018
decision_type=2 2 2 8
left_child=1 2 3 -1
right_child=-2 -3 -4 -5
leaf_value=0.063867996345334174 -0.54011357539669091 -0.21651906199751147 0.56101677898737978 0.31357691850386421
leaf_weight=3600 3837 2616 3066 2130
leaf_count=3600 3837 2616 3066 2130
internal_value=-0.00137114 0.179768 0.297626 0.156692
internal_weight=15249 11412 8796 5730
internal_count=15249 11412 8796 5730
is_linear=0
shrinkage=0.05


Tree=6
num_leaves=6
num_cat=0
split_feature=14 14 0 15 15
split_gain=620430 161721 116684 169415 24819.7
threshold=0.01729465325404151 0.03753454587747914 0.041238561000000014 171.9428776006915 163.70562771812314
decision_type=2 2 2 2 2
left_child=2 -2 3 -1 -4
right_child=1 -3 4 -5 -6
leaf_value=0.14783417046991271 -0.15365146050857004 -0.65572048718017906 0.18186234977915516 0.75286621954649424 -0.065449205999784238
leaf_weight=2523 3367 3063 2035 2137 2023
leaf_count=2523 3367 3063 2035 2137 2023
internal_value=-0.0202185 -0.392817 0.254594 0.425292 0.0585722
internal_weight=15148 6430 8718 4660 4058
internal_count=15148 6430 8718 4660 4058
is_linear=0
shrinkage=0.05


Tree=7
num_leaves=6
num_cat=0
split_feature=0 15 5 4 4
split_gain=392244 193081 74230.1 72440.4 67970.8
threshold=0.24856369500000003 342.51419006032336 10.500000000000002 5401.5000000000009 9583.5000000000018
decision_type=2 2 2 10 8
left_child=1 2 4 -2 -1
right_child=3 -3 -4 -5 -6
leaf_value=0.038963325507926604 -0.56115082429457819 0.61542464539068542 -0.15841832625756641 -0.15560264122145778 0.38337945037493332
leaf_weight=3798 2447 2059 2420 2002 2300
leaf_count=3798 2447 2059 2420 2002 2300
internal_value=0.0152329 0.180915 0.0758844 -0.378659 0.168868
internal_weight=15026 10577 8518 4449 6098
internal_count=15026 10577 8518 4449 6098
is_linear=0
shrinkage=0.05


Tree=8
num_leaves=6
num_cat=0
split_feature=14 1 4 4 14
split_gain=401915 97206 58852.3 80210.4 26701.1
threshold=0.025280486192390764 48.500000000000007 6666.5000000000009 11002.500000000002 0.010684573751964429
decision_type=2 2 8 8 2
left_child=2 -2 4 -4 -1
right_child=1 -3 3 -5 -6
leaf_value=0.15418383119579937 -0.15504970963009088 -0.61351141105172646 0.50811663874735968 0.13277917021649926 -0.089750895136123887
leaf_weight=2411 2330 2295 2342 3629 2098
leaf_count=2411 2330 2295 2342 3629 2098
internal_value=0.00569547 -0.382546 0.177033 0.279997 0.040683
internal_weight=15105 4625 10480 5971 4509
internal_count=15105 4625 10480 5971 4509
is_linear=0
shrinkage=0.05


Tree=9
num_leaves=5
num_cat=0
split_feature=14 4 4 15
split_gain=416033 193699 133770 259314
threshold=0.01729465325404151 5703.0000000000009 9166.5000000000018 179.30883766686631
decision_type=2 10 8 2
left_child=2 -2 3 -1
right_child=1 -3 -4 -5
leaf_value=0.088295879688735257 -0.51836286825473932 0.047661872129767274 0.012771305418145674 0.83054829662934404
leaf_weight=2746 3943 2451 3920 2059
leaf_count=2746 3943 2451 3920 2059
internal_value=0.00499619 -0.30139 0.229527 0.40636
internal_weight=15119 6394 8725 4805
internal_count=15119 6394 8725 4805
is_linear=0
shrinkage=0.05


Tree=10
num_leaves=6
num_cat=0
split_feature=14 14 1 3 15
split_gain=403565 176752 111483 48033.4 45272.1
threshold=0.03753454587747914 0.0086638047098293435 56.500000000000007 0.31799734850000005 186.38224170547119
decision_type=2 2 2 2 2
left_child=1 4 3 -3 -1
right_child=-2 2 -4 -5 -6
leaf_value=0.1924916830288603 -0.55361736895916935 0.24775009694826472 -0.34474272509280596 -0.064702412900045275 0.50603010133691317
leaf_weight=2602 3048 2184 2367 2816 2065
leaf_count=2602 3048 2184 2367 2816 2065
internal_value=-0.0396985 0.0904681 -0.0620499 0.0717768 0.331223
internal_weight=15082 12034 7367 5000 4667
internal_count=15082 12034 7367 5000 4667
is_linear=0
shrinkage=0.05


Tree=11
num_leaves=5
num_cat=0
split_feature=14 0 7 1
split_gain=268424 145308 73179.7 67754.9
threshold=0.03753454587747914 0.070103120500000018 1.0000000180025095e-35 57.500000000000007
decision_type=2 2 2 2
left_child=1 2 -1 -3
right_child=-2 3 -4 -5
leaf_value=0.082825416340946895 -0.39942623427721546 0.085090542106801725 0.42071866408137409 -0.27375582581828917
leaf_weight=2686 3015 3157 3972 2255
leaf_count=2686 3015 3157 3972 2255
internal_value=0.022579 0.127993 0.284404 -0.0644288
internal_weight=15085 12070 6658 5412
internal_count=15085 12070 6658 5412
is_linear=0
shrinkage=0.05


Tree=12
num_leaves=6
num_cat=0
split_feature=14 14 1 4 15
split_gain=254270 86438.8 91927.9 57591.1 32160.3
threshold=0.024683041463863385 0.0086638047098293435 52.500000000000007 4416.5000000000009 167.79371583570341
decision_type=2 2 2 10 2
left_child=1 4 -3 -2 -1
right_child=3 2 -4 -5 -6
leaf_value=0.16808549125020264 -0.47630458463748515 0.18061835837117801 -0.2365061734416668 -0.13537591798439538 0.42859863241417795
leaf_weight=2479 2393 3048 2331 2568 2269
leaf_count=2479 2393 3048 2331 2568 2269
internal_value=-0.0065641 0.137099 -0.00014336 -0.299827 0.292581
internal_weight=15088 10127 5379 4961 4748
internal_count=15088 10127 5379 4961 4748
is_linear=0
shrinkage=0.05


Tree=13
num_leaves=6
num_cat=0
split_feature=14 4 14 5 4
split_gain=324532 88552 60655.4 32565.9 41860.1
threshold=0.023692233564441719 6948.0000000000009 0.043671839450189077 7.5000000000000009 5567.5000000000009
decision_type=2 10 2 2 8
left_child=1 3 -2 4 -1
right_child=2 -3 -4 -5 -6
leaf_value=0.31249086130847503 -0.18543612699855036 0.38289728093226583 -0.53505975409384854 -0.070239608632769499 -0.010482139373151818
leaf_weight=2003 2942 3044 2145 2853 2010
leaf_count=2003 2942 3044 2145 2853 2010
internal_value=-0.00821901 0.158425 -0.332859 0.0589071 0.150723
internal_weight=14997 9910 5087 6866 4013
internal_count=14997 9910 5087 6866 4013
is_linear=0
shrinkage=0.05


Tree=14
num_leaves=6
num_cat=0
split_feature=15 14 14 15 14
split_gain=243000 269463 41147.3 45665.2 18106.5
threshold=350.40611104265912 0.024683041463863385 0.0057310825013137156 138.08777733978482 0.041158150674328181
decision_type=2 2 2 2 2
left_child=1 2 -1 -4 -3
right_child=-2 4 3 -5 -6
leaf_value=0.28222909545113756 0.43866854863692784 -0.30705537309853037 0.14174214805838956 -0.13333973506374608 -0.51703163271672448
leaf_weight=2006 2756 2071 3447 2683 2036
leaf_count=2006 2756 2071 3447 2683 2036
internal_value=0.0144922 -0.0809934 0.0856669 0.0213433 -0.411149
internal_weight=14999 12243 8136 6130 4107
internal_count=14999 12243 8136 6130 4107
is_linear=0
shrinkage=0.05


Tree=15
num_leaves=5
num_cat=0
split_feature=14 0 15 0
split_gain=269774 126088 165321 58829.2
threshold=0.019418389610717211 0.051562532000000008 175.00246349811104 0.47492192000000005
decision_type=2 2 2 2
left_child=1 2 -1 -2
right_child=3 -3 -4 -5
leaf_value=0.085280161634997673 -0.12444445535956455 -0.039320491025043078 0.64862971224457511 -0.44359758463816212
leaf_weight=2853 3802 3679 2396 2328
leaf_count=2853 3802 3679 2396 2328
internal_value=0.00975747 0.185121 0.342431 -0.24565
internal_weight=15058 8928 5249 6130
internal_count=15058 8928 5249 6130
is_linear=0
shrinkage=0.05


Tree=16
num_leaves=6
num_cat=0
split_feature=14 0 4 5 4
split_gain=242865 75544.9 53257 56343.6 51497.1
threshold=0.040286726804123721 0.10998301800000002 6666.5000000000009 7.5000000000000009 7836.5000000000009
decision_type=2 2 10 2 8
left_child=1 2 3 -1 -3
right_child=-2 4 -4 -5 -6
leaf_value=0.2554875863181183 -0.4173655728591727 -0.21644694441503265 0.39836732195518676 -0.06530683685911913 0.12527918451267159
leaf_weight=3151 2666 2360 2388 2420 2069
leaf_count=3151 2666 2360 2388 2420 2069
internal_value=0.0155435 0.108709 0.200817 0.116137 -0.0568102
internal_weight=15054 12388 7959 5571 4429
internal_count=15054 12388 7959 5571 4429
is_linear=0
shrinkage=0.05


Tree=17
num_leaves=6
num_cat=0
split_feature=0 1 5 15 1
split_gain=133212 80206.8 68905.1 52297.2 50440.5
threshold=0.11244737200000002 48.500000000000007 7.5000000000000009 160.79729182240382 57.500000000000007
decision_type=2 2 2 2 2
left_child=2 -2 3 -1 -4
right_child=1 -3 4 -5 -6
leaf_value=0.096960850608582616 0.022256023905924391 -0.32227189032776038 -0.19404387295138922 0.4507901862530832 0.15689033484646486
leaf_weight=2176 2972 3914 2085 2008 2012
leaf_count=2176 2972 3914 2085 2008 2012
internal_value=-0.0110748 -0.173574 0.12405 0.266772 -0.0217032
internal_weight=15167 6886 8281 4184 4097
internal_count=15167 6886 8281 4184 4097
is_linear=0
shrinkage=0.05


Tree=18
num_leaves=6
num_cat=0
split_feature=0 5 4 0 4
split_gain=204927 153919 120108 109350 66648.6
threshold=0.064667912000000008 11.500000000000002 4000.5000000000005 0.18722402750000003 4300.5000000000009
decision_type=2 2 10 2 10
left_child=2 3 -1 -2 -5
right_child=1 -3 -4 4 -6
leaf_value=-0.024766162801077574 0.21142822637778985 -0.559805215467579 0.399911955580736 -0.42343353535858974 -0.016553615980678137
leaf_weight=3306 2333 2043 3354 2001 2025
leaf_count=3306 2333 2043 3354 2001 2025
internal_value=-0.0180457 -0.182246 0.189103 -0.060945 -0.218781
internal_weight=15062 8402 6660 6359 4026
internal_count=15062 8402 6660 6359 4026
is_linear=0
shrinkage=0.05


Tree=19
num_leaves=6
num_cat=0
split_feature=14 14 9 0 14
split_gain=153864 86337.8 44058 40448.6 73046
threshold=0.03753454587747914 0.0058720895319898493 1.5000000000000002 0.04288281750000001 0.014751980416822496
decision_type=2 2 8 2 2
left_child=1 -1 3 -3 -5
right_child=-2 2 -4 4 -6
leaf_value=0.33157768417632666 -0.31978037731897002 0.10030140489265466 0.19345435672339895 -0.36048077449106275 0.045141026687085306
leaf_weight=2623 3048 2630 2381 2109 2343
leaf_count=2623 3048 2630 2381 2109 2343
internal_value=-0.00231554 0.0777468 0.00738867 -0.0551674 -0.14701
internal_weight=15134 12086 9463 7082 4452
internal_count=15134 12086 9463 7082 4452
is_linear=0
shrinkage=0.05


Tree=20
num_leaves=5
num_cat=0
split_feature=14 4 14 14
split_gain=139640 75148.1 41921.5 58655.4
threshold=0.01729465325404151 5703.0000000000009 0.0098979294367737818 0.0052121865332933415
decision_type=2 8 2 2
left_child=2 -2 3 -1
right_child=1 -3 -4 -5
leaf_value=0.24048630910948088 -0.36510629015470342 -0.020377525238363087 0.28248466390798332 -0.083382731831324386
leaf_weight=2357 2996 3347 2855 3436
leaf_count=2357 2996 3347 2855 3436
internal_value=-0.00501935 -0.183204 0.125673 0.04839
internal_weight=14991 6343 8648 5793
internal_count=14991 6343 8648 5793
is_linear=0
shrinkage=0.05


Tree=21
num_leaves=6
num_cat=0
split_feature=14 3 15 4 0
split_gain=193035 66380.2 69509.3 47803 46558.8
threshold=0.0086638047098293435 0.38668887800000007 146.63093194419531 11002.500000000002 0.26658535950000006
decision_type=2 2 2 8 2
left_child=3 4 -3 -1 -2
right_child=1 2 -4 -5 -6
leaf_value=0.39443735692696363 0.11404873517692052 -0.083898952117736639 -0.44795657700858649 0.074452846041416207 -0.19339473712942606
leaf_weight=2606 3128 2718 2533 2114 2031
leaf_count=2606 3128 2718 2533 2114 2031
internal_value=-0.014108 -0.134366 -0.259515 0.251122 -0.0069859
internal_weight=15130 10410 5251 4720 5159
internal_count=15130 10410 5251 4720 5159
is_linear=0
shrinkage=0.05


Tree=22
num_leaves=5
num_cat=0
split_feature=0 14 1 15
split_gain=145186 130017 116297 219447
threshold=0.064667912000000008 0.0086638047098293435 48.500000000000007 195.34946029896585
decision_type=2 2 2 2
left_child=1 -1 -2 -4
right_child=2 -3 3 -5
leaf_value=0.35493630732578524 0.060661186935259806 -0.088269462384937075 -0.033562445373049303 -0.71279271527068278
leaf_weight=3640 3511 3034 2855 2038
leaf_count=3640 3511 3034 2855 2038
internal_value=-0.0206494 0.153455 -0.158914 -0.316471
internal_weight=15078 6674 8404 4893
internal_count=15078 6674 8404 4893
is_linear=0
shrinkage=0.05


Tree=23
num_leaves=6
num_cat=0
split_feature=15 14 15 4 1
split_gain=185456 143122 48257.2 42724.6 19366
threshold=419.61379436769442 0.03753454587747914 27.825598865248129 13002.500000000002 60.500000000000007
decision_type=2 2 2 8 2
left_child=1 2 -1 4 -4
right_child=-2 -3 3 -5 -6
leaf_value=0.26569998440290138 0.47710440695667033 -0.36568010528137268 -0.1490556605791574 0.16743243497388999 0.037596559247382373
leaf_weight=2007 2016 2657 3741 2476 2211
leaf_count=2007 2016 2657 3741 2476 2211
internal_value=0.0306832 -0.0380599 0.04536 -0.00711065 -0.0797196
internal_weight=15108 13092 10435 8428 5952
internal_count=15108 13092 10435 8428 5952
is_linear=0
shrinkage=0.05


Tree=24
num_leaves=6
num_cat=0
split_feature=14 4 15 15 14
split_gain=132687 53754.9 121245 54851.1 28528.6
threshold=0.040665281546811406 6666.5000000000009 270.456259926276 186.38224170547119 0.011631852661456764
decision_type=2 10 2 2 2
left_child=1 2 4 -3 -1
right_child=-2 3 -4 -5 -6
leaf_value=0.19424088026440378 -0.32825075598191034 0.030808896793389565 -0.34661403190713214 0.3980138985048593 -0.018028355108653905
leaf_weight=3510 2603 2045 2011 2023 2883
leaf_count=3510 2603 2045 2011 2023 2883
internal_value=-0.00354769 0.0642203 -0.00799989 0.213418 0.0985155
internal_weight=15075 12472 8404 4068 6393
internal_count=15075 12472 8404 4068 6393
is_linear=0
shrinkage=0.05


Tree=25
num_leaves=6
num_cat=0
split_feature=14 1 4 1 4
split_gain=124264 117967 83773.7 79497.1 55277.8
threshold=0.019418389610717211 58.500000000000007 7351.5000000000009 48.500000000000007 9500.5000000000018
decision_type=2 2 8 2 8
left_child=1 2 -1 -2 -3
right_child=3 4 -4 -5 -6
leaf_value=0.063886968828609711 0.0023471965107240839 0.094723502095394263 0.50096257327469418 -0.35783284486636557 -0.25836998403695383
leaf_weight=2037 3076 2446 2374 3052 2027
leaf_count=2037 3076 2446 2374 3052 2027
internal_value=-0.00382929 0.115646 0.299121 -0.177038 -0.0652856
internal_weight=15012 8884 4411 6128 4473
internal_count=15012 8884 4411 6128 4473
is_linear=0
shrinkage=0.05


Tree=26
num_leaves=6
num_cat=0
split_feature=15 15 3 0 15
split_gain=119972 60891.7 54366.7 56475.5 67660.2
threshold=425.92357000260824 16.027702567165516 1.1840649545000004 0.050558258500000001 145.68026571738184
decision_type=2 2 2 2 2
left_child=1 -1 3 -3 -5
right_child=-2 2 -4 4 -6
leaf_value=0.16195481498206651 0.34426781770290277 -0.013477450615564586 0.080038685327364467 -0.083012005895263807 -0.44686087307675104
leaf_weight=2337 2019 3102 2600 2320 2844
leaf_count=2337 2019 3102 2600 2320 2844
internal_value=-0.0146894 -0.069581 -0.119378 -0.182103 -0.283397
internal_weight=15222 13203 10866 8266 5164
internal_count=15222 13203 10866 8266 5164
is_linear=0
shrinkage=0.05


Tree=27
num_leaves=6
num_cat=0
split_feature=15 14 15 14 0
split_gain=160115 169407 40978.1 27605 56532
threshold=350.40611104265912 0.03753454587747914 30.494038598544851 0.011631852661456764 0.025951136000000003
decision_type=2 2 2 2 2
left_child=1 2 -1 4 -4
right_child=-2 -3 3 -5 -6
leaf_value=0.23969779114024484 0.36746527176122945 -0.42224152638601187 -0.12609454975347528 -0.12955815071621837 0.22366739535333346
leaf_weight=2025 2752 2495 2129 3064 2526
leaf_count=2025 2752 2495 2129 3064 2526
internal_value=0.0228619 -0.0546239 0.0395064 -0.0130117 0.0637011
internal_weight=14991 12239 9744 7719 4655
internal_count=14991 12239 9744 7719 4655
is_linear=0
shrinkage=0.05


Tree=28
num_leaves=6
num_cat=0
split_feature=15 5 14 4 14
split_gain=259679 93998.8 47750 22658.4 12187.3
threshold=350.40611104265912 11.500000000000002 0.022835292694238878 13002.500000000002 0.0097548961989040589
decision_type=2 2 2 8 2
left_child=1 2 3 4 -1
right_child=-2 -3 -4 -5 -6
leaf_value=-0.04939404015078535 0.47543351432598419 -0.31936937930067205 -0.14646011688017005 0.23047605559396422 0.11815441362329156
leaf_weight=2347 2776 2721 3119 2024 2019
leaf_count=2347 2776 2721 3119 2024 2019
internal_value=0.0388578 -0.0602374 0.0139132 0.0921924 0.0280866
internal_weight=15006 12230 9509 6390 4366
internal_count=15006 12230 9509 6390 4366
is_linear=0
shrinkage=0.05


Tree=29
num_leaves=6
num_cat=0
split_feature=3 4 4 0 0
split_gain=126014 85056.3 74999.7 44823.3 30724.7
threshold=0.38668887800000007 3563.0000000000005 6666.5000000000009 0.052636784000000013 0.078051340000000011
decision_type=2 10 10 2 2
left_child=2 4 3 -1 -2
right_child=1 -3 -4 -5 -6
leaf_value=0.14552518748327398 0.083673903607876354 -0.40555774300035274 0.28188580936527458 -0.17218011982518833 -0.17967920106394467
leaf_weight=2077 2283 2571 3625 2385 2151
leaf_count=2077 2283 2571 3625 2385 2151
internal_value=-0.0215153 -0.176753 0.112952 -0.0242926 -0.0440826
internal_weight=15092 7005 8087 4462 4434
internal_count=15092 7005 8087 4462 4434
is_linear=0
shrinkage=0.05


Tree=30
num_leaves=6
num_cat=0
split_feature=15 14 4 15 14
split_gain=154305 91375.6 56640.8 51170.7 22732.9
threshold=363.19039803799734 0.03753454587747914 4558.0000000000009 158.20769384683535 0.011631852661456764
decision_type=2 2 10 2 2
left_child=1 2 4 -4 -1
right_child=-2 -3 3 -5 -6
leaf_value=0.21205947329167132 0.36746225159527646 -0.32366634241102915 0.029904264530951675 -0.30189369570271618 -5.7948037406181005e-05
leaf_weight=3093 2593 2546 2693 2044 2135
leaf_count=3093 2593 2546 2693 2044 2135
internal_value=0.0164203 -0.0563358 0.0119656 -0.113265 0.125435
internal_weight=15104 12511 9965 4737 5228
internal_count=15104 12511 9965 4737 5228
is_linear=0
shrinkage=0.05


Tree=31
num_leaves=6
num_cat=0
split_feature=15 14 4 15 0
split_gain=103185 103657 52562.1 52292.4 13798.3
threshold=350.40611104265912 0.03753454587747914 14582.500000000002 142.86973557411761 0.059212309500000004
decision_type=2 2 8 2 2
left_child=1 2 3 4 -1
right_child=-2 -3 -4 -5 -6
leaf_value=-0.032388405422856918 0.27892372265281479 -0.34576243878018004 0.20438111380507504 -0.21500506032562172 0.15037619437370853
leaf_weight=2054 2784 2497 2669 2991 2077
leaf_count=2054 2784 2497 2669 2991 2077
internal_value=0.00407202 -0.0581991 0.0151383 -0.0557813 0.0595027
internal_weight=15072 12288 9791 7122 4131
internal_count=15072 12288 9791 7122 4131
is_linear=0
shrinkage=0.05


Tree=32
num_leaves=6
num_cat=0
split_feature=15 14 14 3 14
split_gain=95699.9 122618 30572.6 38587 23482
threshold=350.40611104265912 0.03753454587747914 0.0061485369884320016 0.20874953900000001 0.010684573751964429
decision_type=2 2 2 2 2
left_child=1 2 -1 -4 -5
right_child=-2 -3 3 4 -6
leaf_value=0.20153106868729731 0.28845765832190046 -0.34847852867444701 -0.18904186256337596 0.19666341477897334 -0.017272205474246079
leaf_weight=2335 2787 2502 2075 2075 3359
leaf_count=2335 2787 2502 2075 2075 3359
internal_value=0.0238162 -0.0359243 0.0435161 -0.00562027 0.0644202
internal_weight=15133 12346 9844 7509 5434
internal_count=15133 12346 9844 7509 5434
is_linear=0
shrinkage=0.05


Tree=33
num_leaves=6
num_cat=0
split_feature=7 7 15 1 15
split_gain=145257 152385 181070 101908 84966.1
threshold=1.0000000180025095e-35 1.5000000000000002 217.32735061272075 52.500000000000007 185.08651479539785
decision_type=2 2 2 2 2
left_child=4 2 -2 -3 -1
right_child=1 3 -4 -5 -6
leaf_value=-0.065605195898916641 0.052171537378408107 0.12407396772459289 0.64667741465897632 -0.36955284203416472 -0.47285404310114632
leaf_weight=3210 3515 2023 2015 2164 2131
leaf_count=3210 3515 2023 2015 2164 2131
internal_value=-0.0186291 0.0965038 0.268795 -0.131051 -0.228093
internal_weight=15058 9717 5530 4187 5341
internal_count=15058 9717 5530 4187 5341
is_linear=0
shrinkage=0.05


Tree=34
num_leaves=6
num_cat=0
split_feature=15 14 15 4 14
split_gain=105606 49608.2 41063 35179.1 13452.7
threshold=350.40611104265912 0.041649424711665009 27.825598865248129 4694.5000000000009 0.010684573751964429
decision_type=2 2 2 10 2
left_child=1 2 -1 4 -4
right_child=-2 -3 3 -5 -6
leaf_value=0.19687560636456902 0.29597392468578276 -0.27231353230916427 0.13187866763119158 -0.15913238637436292 -0.043920118215132517
leaf_weight=2104 2795 2000 2261 3922 2098
leaf_count=2104 2795 2000 2261 3922 2098
internal_value=0.0183638 -0.0442862 -0.000371467 -0.0504871 0.0472662
internal_weight=15180 12385 10385 8281 4359
internal_count=15180 12385 10385 8281 4359
is_linear=0
shrinkage=0.05


Tree=35
num_leaves=5
num_cat=0
split_feature=3 15 14 3
split_gain=108263 137367 57982.2 33769.9
threshold=0.14775225150000001 280.27051462622904 0.036326522196333956 0.46425080350000009
decision_type=2 2 2 2
left_child=-1 2 3 -2
right_child=1 -3 -4 -5
leaf_value=0.19690795731643851 -0.067695276857769701 -0.41810596039329662 -0.25732095492131452 0.15614417108442613
leaf_weight=3322 3360 3005 2082 3380
leaf_count=3322 3360 3005 2082 3380
internal_value=-0.0552981 -0.126138 -0.0266868 0.0445566
internal_weight=15149 11827 8822 6740
internal_count=15149 11827 8822 6740
is_linear=0
shrinkage=0.05


Tree=36
num_leaves=7
num_cat=0
split_feature=14 4 15 7 15 14
split_gain=107184 106240 132344 77748.7 50068.1 16107.5
threshold=0.0086638047098293435 5600.5000000000009 198.68821694266953 1.5000000000000002 182.16842377241576 0.02412407935488747
decision_type=2 10 2 2 2 2
left_child=4 2 5 -3 -1 -2
right_child=1 3 -4 -5 -6 -7
leaf_value=0.03005636398709623 0.027663214852274756 0.30191778708845596 -0.55620338758609378 -0.13072162708588406 0.35619484131165707 -0.17107898765656954
leaf_weight=2591 2039 2093 2154 2061 2156 2039
leaf_count=2591 2039 2093 2154 2061 2156 2039
internal_value=-0.0186452 -0.108607 -0.239167 0.0872645 0.178182 -0.0717079
internal_weight=15133 10386 6232 4154 4747 4078
internal_count=15133 10386 6232 4154 4747 4078
is_linear=0
shrinkage=0.05


Tree=37
num_leaves=6
num_cat=0
split_feature=15 5 0 4 3
split_gain=277507 112008 60669.9 38028.4 8301.86
threshold=425.92357000260824 12.500000000000002 0.24856369500000003 9583.5000000000018 0.24996712350000003
decision_type=2 2 2 8 2
left_child=1 2 3 4 -1
right_child=-2 -3 -4 -5 -6
leaf_value=0.081590813842217572 0.5942941939011217 -0.35435591155274615 -0.15435337752507733 0.24838020708515396 -0.05119932834074712
leaf_weight=2473 2000 2306 3168 2903 2246
leaf_count=2473 2000 2306 3168 2903 2246
internal_value=0.045726 -0.0380504 0.0295493 0.105986 0.0183896
internal_weight=15096 13096 10790 7622 4719
internal_count=15096 13096 10790 7622 4719
is_linear=0
shrinkage=0.05


Tree=38
num_leaves=6
num_cat=0
split_feature=9 15 0 4 0
split_gain=80686.1 72341.5 31534.2 23796.4 22332.6
threshold=1.5000000000000002 283.12832816646591 0.3388201145000001 5401.5000000000009 0.03132371300000001
decision_type=10 2 2 10 2
left_child=1 2 3 4 -1
right_child=-2 -3 -4 -5 -6
leaf_value=-0.018396836019202823 0.20252701604556891 -0.29724935903084687 -0.18660645821408572 -0.091155345792396147 0.20269347470801075
leaf_weight=2063 3127 2958 2012 2359 2559
leaf_count=2063 3127 2958 2012 2359 2559
internal_value=-0.0235913 -0.0827555 -0.0122037 0.0380611 0.104011
internal_weight=15078 11951 8993 6981 4622
internal_count=15078 11951 8993 6981 4622
is_linear=0
shrinkage=0.05


Tree=39
num_leaves=6
num_cat=0
split_feature=3 15 15 15 4
split_gain=94881.3 174652 128843 56271.9 26991.9
threshold=0.38668887800000007 237.45072442864242 233.29302262104292 111.92625166346805 1351.0000000000002
decision_type=2 2 2 2 10
left_child=1 3 4 -1 -2
right_child=2 -3 -4 -5 -6
leaf_value=0.080910291184645836 0.10422096323695006 0.42342007885777627 -0.4814345098812165 -0.24346996075524652 -0.13272918798336972
leaf_weight=2916 2447 2725 2102 2469 2362
leaf_count=2916 2447 2725 2102 2469 2362
internal_value=-0.0187621 0.0972413 -0.154891 -0.0678167 -0.01216
internal_weight=15021 8110 6911 5385 4809
internal_count=15021 8110 6911 5385 4809
is_linear=0
shrinkage=0.05


Tree=40
num_leaves=6
num_cat=0
split_feature=5 7 1 3 4
split_gain=57912.5 57891.7 108049 90537.6 50596.1
threshold=11.500000000000002 1.0000000180025095e-35 47.500000000000007 0.12408228700000001 5401.5000000000009
decision_type=2 2 2 2 10
left_child=1 3 -3 -1 -4
right_child=-2 2 4 -5 -6
leaf_value=0.14506398743776291 -0.17674677717568699 0.41024462078219814 0.15703339895850027 -0.28902594128031617 -0.18511842872149578
leaf_weight=2364 3402 2533 2346 2442 2003
leaf_count=2364 3402 2533 2346 2442 2003
internal_value=0.00481081 0.0576564 0.150648 -0.0755036 -0.000549979
internal_weight=15090 11688 6882 4806 4349
internal_count=15090 11688 6882 4806 4349
is_linear=0
shrinkage=0.05


Tree=41
num_leaves=6
num_cat=0
split_feature=1 15 15 4 1
split_gain=79622.9 127573 105937 43362.5 47667.7
threshold=48.500000000000007 313.49485201010521 189.50021093070478 12502.000000000002 59.500000000000007
decision_type=2 2 2 8 2
left_child=2 3 -1 4 -2
right_child=1 -3 -4 -5 -6
leaf_value=-0.040207463317920043 -0.26482954376391321 -0.44235622516574891 0.41145547216326411 0.17136920554638757 0.045560016207073048
leaf_weight=3332 2171 2153 2127 2368 2875
leaf_count=3332 2171 2153 2127 2368 2875
internal_value=-0.016595 -0.103538 0.135775 -0.0051467 -0.0879825
internal_weight=15026 9567 5459 7414 5046
internal_count=15026 9567 5459 7414 5046
is_linear=0
shrinkage=0.05


Tree=42
num_leaves=7
num_cat=0
split_feature=14 15 15 5 15 0
split_gain=71265.5 52033.3 40074.4 31335.1 37950.3 22541.5
threshold=0.043671839450189077 363.19039803799734 24.643635872833269 7.5000000000000009 158.20769384683535 0.055522622500000007
decision_type=2 2 2 2 2 2
left_child=1 2 -1 5 -5 -4
right_child=-2 -3 3 4 -6 -7
leaf_value=0.21798862233523777 -0.24482011991446748 0.28098035317240649 0.18171882383280244 0.023451774556996499 -0.27156189293829025 -0.049032542859188427
leaf_weight=2044 2156 2306 2158 2205 2156 2077
leaf_count=2044 2156 2306 2158 2205 2156 2077
internal_value=0.0213356 0.0656606 0.0189945 -0.0283234 -0.122398 0.0685499
internal_weight=15102 12946 10640 8596 4361 4235
internal_count=15102 12946 10640 8596 4361 4235
is_linear=0
shrinkage=0.05


Tree=43
num_leaves=6
num_cat=0
split_feature=15 14 15 1 14
split_gain=72765.7 59843 67735.4 14552.3 11087.4
threshold=350.40611104265912 0.0055750170881749836 138.08777733978482 49.500000000000007 0.025280486192390764
decision_type=2 2 2 2 2
left_child=1 -1 4 -4 -3
right_child=-2 2 3 -5 -6
leaf_value=0.18844807918464157 0.2248346188471107 0.057189630743742538 -0.15865657333426184 -0.34044828273935746 -0.084937403323427085
leaf_weight=2023 2742 3601 2046 2383 2217
leaf_count=2023 2742 3601 2046 2383 2217
internal_value=-0.00802951 -0.0600681 -0.109131 -0.256469 0.00303088
internal_weight=15012 12270 10247 4429 5818
internal_count=15012 12270 10247 4429 5818
is_linear=0
shrinkage=0.05


Tree=44
num_leaves=6
num_cat=0
split_feature=4 15 0 4 15
split_gain=115520 243437 71955.3 38332.1 57551.7
threshold=5651.5000000000009 335.16274652843748 0.11470883600000002 14582.500000000002 136.96985705927355
decision_type=8 2 2 8 2
left_child=2 3 -1 4 -2
right_child=1 -3 -4 -5 -6
leaf_value=0.02051146790472605 0.087360462581076603 0.62684749436493103 -0.33147653748425771 0.1393689551605628 -0.28372551564212656
leaf_weight=3081 2132 2002 2746 3016 2049
leaf_count=3081 2132 2002 2746 3016 2049
internal_value=0.0288264 0.139166 -0.145364 0.00350642 -0.0944992
internal_weight=15026 9199 5827 7197 4181
internal_count=15026 9199 5827 7197 4181
is_linear=0
shrinkage=0.05


Tree=45
num_leaves=6
num_cat=0
split_feature=15 5 14 15 15
split_gain=187057 94738.2 41709.1 31926.3 10458.2
threshold=419.61379436769442 11.500000000000002 0.022835292694238878 177.79618684417935 82.431973513092785
decision_type=2 2 2 2 2
left_child=1 2 3 4 -1
right_child=-2 -3 -4 -5 -6
leaf_value=0.10640345962928988 0.48973205411794662 -0.27907089539888003 -0.10136610933080753 0.25804466161518808 -0.049846351213293311
leaf_weight=2273 2011 2923 3307 2481 2025
leaf_count=2273 2011 2923 3307 2481 2025
internal_value=0.0409477 -0.0284278 0.0442105 0.115227 0.0327865
internal_weight=15020 13009 10086 6779 4298
internal_count=15020 13009 10086 6779 4298
is_linear=0
shrinkage=0.05


Tree=46
num_leaves=5
num_cat=0
split_feature=9 15 14 4
split_gain=62833.1 77327.8 34190.5 16833.9
threshold=1.5000000000000002 283.12832816646591 0.024683041463863385 2998.5000000000005
decision_type=8 2 2 10
left_child=1 2 3 -1
right_child=-2 -3 -4 -5
leaf_value=-0.036078404189040514 0.16274655005146252 -0.30167708484909334 -0.14744326507495314 0.13616193399049989
leaf_weight=2401 3563 2884 2770 3467
leaf_count=2401 3563 2884 2770 3467
internal_value=-0.0207583 -0.0775044 -0.00265903 0.0656866
internal_weight=15085 11522 8638 5868
internal_count=15085 11522 8638 5868
is_linear=0
shrinkage=0.05


Tree=47
num_leaves=6
num_cat=0
split_feature=5 4 15 14 4
split_gain=64477.3 58373.1 119937 84250.3 12261.8
threshold=11.500000000000002 8804.0000000000018 210.68586855535054 0.0086638047098293435 3880.0000000000005
decision_type=2 8 2 2 10
left_child=1 2 4 -3 -1
right_child=-2 3 -4 -5 -6
leaf_value=-0.10899239462916011 -0.20580589383101711 0.11789814204879934 0.41228217706137144 -0.31290076940405842 0.053452113092091219
leaf_weight=2077 3421 2250 2465 2290 2636
leaf_count=2077 3421 2250 2465 2290 2636
internal_value=-0.0148316 0.0409222 0.129674 -0.0993991 -0.0181365
internal_weight=15139 11718 7178 4540 4713
internal_count=15139 11718 7178 4540 4713
is_linear=0
shrinkage=0.05


Tree=48
num_leaves=6
num_cat=0
split_feature=1 14 3 0 0
split_gain=56162.4 113243 58364 38914.2 37320
threshold=48.500000000000007 0.0086638047098293435 0.5061935915000001 0.088667822000000021 0.026543472000000002
decision_type=2 2 2 2 2
left_child=3 4 -3 -1 -2
right_child=1 2 -4 -5 -6
leaf_value=-0.0094700691308945862 0.2831870957555313 -0.074198644777243208 -0.41109773416239065 0.25931873820340928 -0.013112748263167696
leaf_weight=2335 2174 3266 2120 3181 2079
leaf_count=2335 2174 3266 2120 3181 2079
internal_value=0.0182981 -0.0545153 -0.206807 0.145537 0.138346
internal_weight=15155 9639 5386 5516 4253
internal_count=15155 9639 5386 5516 4253
is_linear=0
shrinkage=0.05


Tree=49
num_leaves=6
num_cat=0
split_feature=4 15 15 1 1
split_gain=61126.2 178953 166519 27089.6 18976.2
threshold=9166.5000000000018 210.68586855535054 237.45072442864242 59.500000000000007 45.500000000000007
decision_type=8 2 2 2 2
left_child=2 -2 3 4 -1
right_child=1 -3 -4 -5 -6
leaf_value=-0.037239641568734036 0.097391727040671144 -0.46836598873627583 0.39917404144500807 0.079502663867461201 -0.24681445763896154
leaf_weight=2283 3430 2359 2763 2186 2050
leaf_count=2283 3430 2359 2763 2186 2050
internal_value=-0.00564653 -0.133153 0.0738766 -0.0639968 -0.136392
internal_weight=15071 5789 9282 6519 4333
internal_count=15071 5789 9282 6519 4333
is_linear=0
shrinkage=0.05


Tree=50
num_leaves=5
num_cat=0
split_feature=15 14 0 1
split_gain=72453.8 43551.6 16970.4 11216.9
threshold=283.12832816646591 0.036326522196333956 0.076561248000000012 56.500000000000007
decision_type=2 2 2 2
left_child=1 2 3 -1
right_child=-2 -3 -4 -5
leaf_value=-0.069521165213269925 -0.23536875898128573 -0.17254707648377943 0.14937294171312995 0.07921331945846094
leaf_weight=2391 3773 2368 3763 2698
leaf_count=2391 3773 2368 3763 2698
internal_value=-0.0458251 0.0179137 0.0688639 0.00933237
internal_weight=14993 11220 8852 5089
internal_count=14993 11220 8852 5089
is_linear=0
shrinkage=0.05


Tree=51
num_leaves=6
num_cat=0
split_feature=1 9 0 3 3
split_gain=70224.2 66929.5 61330.1 28847.1 21209.8
threshold=53.500000000000007 1.5000000000000002 0.079490163000000016 0.40646311400000007 0.28180912450000006
decision_type=2 10 2 2 2
left_child=1 3 4 -1 -2
right_child=2 -3 -4 -5 -6
leaf_value=0.12403451079032309 -0.082333957465207747 0.33324860119840438 -0.25053304764426992 -0.11947093489963929 0.13981622576586603
leaf_weight=2657 2113 2436 3534 2243 2186
leaf_count=2657 2113 2436 3534 2243 2186
internal_value=0.00788864 0.119054 -0.0962233 0.0125687 0.0306273
internal_weight=15169 7336 7833 4900 4299
internal_count=15169 7336 7833 4900 4299
is_linear=0
shrinkage=0.05


Tree=52
num_leaves=6
num_cat=0
split_feature=15 14 15 3 0
split_gain=92419 41274.7 27533.1 28065.5 11618.9
threshold=350.40611104265912 0.036326522196333956 30.494038598544851 0.20285513400000002 0.038208254000000004
decision_type=2 2 2 2 2
left_child=1 2 -1 -4 -5
right_child=-2 -3 3 4 -6
leaf_value=0.18069668296880012 0.28718732100697858 -0.20902584046035688 -0.16778132012774524 -0.058262841787462917 0.094164260410877582
leaf_weight=2001 2782 2595 2439 2001 3332
leaf_count=2001 2782 2595 2439 2001 3332
internal_value=0.0268026 -0.0317671 0.0153 -0.0272835 0.0369719
internal_weight=15150 12368 9773 7772 5333
internal_count=15150 12368 9773 7772 5333
is_linear=0
shrinkage=0.05


Tree=53
num_leaves=6
num_cat=0
split_feature=3 7 7 15 4
split_gain=72821.3 94250.1 123159 64342 32455.3
threshold=0.16978171850000004 1.0000000180025095e-35 1.5000000000000002 163.70562771812314 4102.0000000000009
decision_type=2 2 2 2 10
left_child=-1 -2 4 -4 -3
right_child=1 2 3 -5 -6
leaf_value=0.17840279929616093 -0.35455576177482184 0.037491298064249438 -0.0044674605946114039 -0.40178621318472829 0.2954773345569271
leaf_weight=3736 2397 2410 2025 2051 2467
leaf_count=3736 2397 2410 2025 2051 2467
internal_value=-0.0130698 -0.0760955 -0.00154289 -0.204394 0.167992
internal_weight=15086 11350 8953 4076 4877
internal_count=15086 11350 8953 4076 4877
is_linear=0
shrinkage=0.05


Tree=54
num_leaves=6
num_cat=0
split_feature=15 15 14 3 3
split_gain=79977.3 40558.8 33236.2 18820.5 22789.6
threshold=419.61379436769442 272.7923814036215 0.036326522196333956 0.40646311400000007 0.13997532550000003
decision_type=2 2 2 2 2
left_child=1 2 3 4 -1
right_child=-2 -3 -4 -5 -6
leaf_value=0.11007740121560679 0.29777751512035444 -0.24469983361960002 -0.16740186685297057 0.12928170489078325 -0.10819652637313884
leaf_weight=2012 2037 2026 2366 3706 2948
leaf_count=2012 2037 2026 2366 3706 2948
internal_value=0.00638413 -0.0390722 -0.00130914 0.0440377 -0.0196548
internal_weight=15095 13058 11032 8666 4960
internal_count=15095 13058 11032 8666 4960
is_linear=0
shrinkage=0.05


Tree=55
num_leaves=6
num_cat=0
split_feature=5 9 9 5 14
split_gain=58436.7 69606.6 56552.1 57396.8 64514.2
threshold=11.500000000000002 1.5000000000000002 1.0000000180025095e-35 4.5000000000000009 0.0089424394700776625
decision_type=2 10 8 2 2
left_child=1 2 3 -1 -5
right_child=-2 -3 -4 4 -6
leaf_value=-0.13243032830383158 -0.1556173924062951 0.32631476021633721 -0.1952624878747693 0.38984267162185349 0.027314155112094882
leaf_weight=2063 3394 2304 2309 2128 2899
leaf_count=2063 3394 2304 2309 2128 2899
internal_value=0.0270496 0.0800251 0.0196515 0.0896425 0.180778
internal_weight=15097 11703 9399 7090 5027
internal_count=15097 11703 9399 7090 5027
is_linear=0
shrinkage=0.05


Tree=56
num_leaves=6
num_cat=0
split_feature=4 15 7 4 15
split_gain=55845.2 130442 72919 45925.3 29486.9
threshold=5651.5000000000009 280.27051462622904 1.5000000000000002 3260.5000000000005 128.8068742851361
decision_type=10 2 2 8 2
left_child=1 3 -2 -1 -5
right_child=2 -3 -4 4 -6
leaf_value=-0.1923648405946192 0.24497827422175933 -0.45112598233409007 -0.10549147932730395 -0.014777791183584361 0.23414723295842937
leaf_weight=2076 3545 2024 2553 2876 2029
leaf_count=2076 3545 2024 2553 2876 2029
internal_value=-0.0185868 -0.0977062 0.09825 0.00476069 0.0881924
internal_weight=15103 9005 6098 6981 4905
internal_count=15103 9005 6098 6981 4905
is_linear=0
shrinkage=0.05


Tree=57
num_leaves=6
num_cat=0
split_feature=3 15 7 14 1
split_gain=87250.6 150445 79852.9 43336.9 22565.9
threshold=0.38668887800000007 237.45072442864242 1.5000000000000002 0.014751980416822496 56.500000000000007
decision_type=2 2 2 2 2
left_child=1 4 3 -2 -1
right_child=2 -3 -4 -5 -6
leaf_value=-0.11865154318108047 0.16527159502709501 0.42606752000222115 -0.33476529028068286 -0.15255688245271226 0.087995844246203991
leaf_weight=3001 2297 2771 2582 2012 2360
leaf_count=3001 2297 2771 2582 2012 2360
internal_value=0.0160121 0.126934 -0.114886 0.016868 -0.027682
internal_weight=15023 8132 6891 4309 5361
internal_count=15023 8132 6891 4309 5361
is_linear=0
shrinkage=0.05


Tree=58
num_leaves=6
num_cat=0
split_feature=4 7 7 1 4
split_gain=60694.7 146579 56601.6 51222.4 14252.6
threshold=6666.5000000000009 1.5000000000000002 1.0000000180025095e-35 49.500000000000007 4997.5000000000009
decision_type=10 2 2 2 8
left_child=2 -2 4 -4 -1
right_child=1 -3 3 -5 -6
leaf_value=-0.13157848695600846 0.38511590642542959 -0.16870622919489797 0.20695214871438739 -0.095937087877239258 -0.3121500418332756
leaf_weight=2330 2642 2181 2273 3617 2058
leaf_count=2330 2642 2181 2273 3617 2058
internal_value=-0.0116586 0.134673 -0.0803254 0.0209504 -0.216268
internal_weight=15101 4823 10278 5890 4388
internal_count=15101 4823 10278 5890 4388
is_linear=0
shrinkage=0.05


Tree=59
num_leaves=6
num_cat=0
split_feature=15 14 15 14 14
split_gain=145929 41835.3 46086.9 16199.5 23799.9
threshold=419.61379436769442 0.022835292694238878 142.86973557411761 0.0055750170881749836 0.0097548961989040589
decision_type=2 2 2 2 2
left_child=1 3 -3 -1 -5
right_child=-2 2 -4 4 -6
leaf_value=0.17442615441582754 0.44374087745005542 0.0075111637040774174 -0.31063983532652456 -0.1003325226452418 0.096794214087396399
leaf_weight=2109 2031 2580 2037 2633 3659
leaf_count=2109 2031 2580 2037 2633 3659
internal_value=0.0495516 -0.0119477 -0.132856 0.0545006 0.014303
internal_weight=15049 13018 4617 8401 6292
internal_count=15049 13018 4617 8401 6292
is_linear=0
shrinkage=0.05


Tree=60
num_leaves=6
num_cat=0
split_feature=15 15 4 4 14
split_gain=90506.7 49780.9 24706.1 12997.5 18878.5
threshold=350.40611104265912 233.29302262104292 3301.5000000000005 4659.5000000000009 0.014272216359486589
decision_type=2 2 8 10 2
left_child=1 2 -1 -4 -5
right_child=-2 -3 3 4 -6
leaf_value=-0.14817098429564421 0.27951319283625642 -0.25413190397555341 0.12047913416382781 -0.1051893469313656 0.097091400133959935
leaf_weight=2013 2740 2194 3483 2387 2232
leaf_count=2013 2740 2194 3483 2387 2232
internal_value=0.0196214 -0.0382309 0.00859928 0.04755 -0.00744295
internal_weight=15049 12309 10115 8102 4619
internal_count=15049 12309 10115 8102 4619
is_linear=0
shrinkage=0.05


Tree=61
num_leaves=6
num_cat=0
split_feature=7 15 3 4 3
split_gain=53536.3 69567.9 64721 50571 17565.2
threshold=1.0000000180025095e-35 335.16274652843748 0.16978171850000004 6700.5000000000009 0.58416120100000002
decision_type=2 2 2 10 2
left_child=2 3 -1 4 -2
right_child=1 -3 -4 -5 -6
leaf_value=0.045878863506588624 0.21840553352925873 0.34752221770232938 -0.30435872664248936 -0.14678777069346127 0.028285107923330333
leaf_weight=2973 2282 2034 2371 2888 2598
leaf_count=2973 2282 2034 2371 2888 2598
internal_value=0.0177992 0.0872091 -0.109513 0.0190478 0.11719
internal_weight=15146 9802 5344 7768 4880
internal_count=15146 9802 5344 7768 4880
is_linear=0
shrinkage=0.05


Tree=62
num_leaves=5
num_cat=0
split_feature=3 1 4 15
split_gain=58674.3 70744.5 90589.3 69769.1
threshold=0.14775225150000001 61.500000000000007 5079.0000000000009 219.2823325640791
decision_type=2 2 8 2
left_child=-1 2 -2 -4
right_child=1 -3 3 -5
leaf_value=0.16870748247809017 -0.23210166272892982 -0.25791284407802573 -0.014908079095280569 0.34577054935689633
leaf_weight=3352 2623 3472 3501 2173
leaf_count=3352 2623 3472 3501 2173
internal_value=-0.0158457 -0.0684094 0.0108911 0.123223
internal_weight=15121 11769 8297 5674
internal_count=15121 11769 8297 5674
is_linear=0
shrinkage=0.05


Tree=63
num_leaves=6
num_cat=0
split_feature=15 5 3 15 15
split_gain=63506.2 31053.4 18824.5 22671.4 2411.14
threshold=350.40611104265912 11.500000000000002 0.20285513400000002 175.00246349811104 72.104927149872509
decision_type=2 2 2 2 2
left_child=1 2 -1 4 -4
right_child=-2 -3 3 -5 -6
leaf_value=-0.083437579995040131 0.24120803972999727 -0.17372557515684497 0.040338491716815791 0.2032421526159415 -0.033736986778603435
leaf_weight=3154 2716 2757 2108 2044 2294
leaf_count=3154 2716 2757 2108 2044 2294
internal_value=0.0222959 -0.0258198 0.0166568 0.0656326 0.00173578
internal_weight=15073 12357 9600 6446 4402
internal_count=15073 12357 9600 6446 4402
is_linear=0
shrinkage=0.05


Tree=64
num_leaves=5
num_cat=0
split_feature=9 15 14 0
split_gain=36551.3 59178.9 53127.9 19322.6
threshold=1.5000000000000002 283.12832816646591 0.032002048131080395 0.035926426500000004
decision_type=10 2 2 2
left_child=1 2 3 -1
right_child=-2 -3 -4 -5
leaf_value=-0.016297614563601084 0.1423171331048913 -0.24251434490451113 -0.2123814550163243 0.15104139931082131
leaf_weight=3046 3090 3009 2022 3978
leaf_count=3046 3090 3009 2022 3978
internal_value=-0.011106 -0.0504323 0.0134606 0.0784738
internal_weight=15145 12055 9046 7024
internal_count=15145 12055 9046 7024
is_linear=0
shrinkage=0.05


Tree=65
num_leaves=6
num_cat=0
split_feature=15 5 3 15 0
split_gain=68823.1 46350.1 31178.3 33952.3 5904.83
threshold=419.61379436769442 12.500000000000002 0.20560757350000003 186.38224170547119 0.076561248000000012
decision_type=2 2 2 2 2
left_child=1 2 -1 4 -4
right_child=-2 -3 3 -5 -6
leaf_value=-0.095253263188085274 0.29635715377209942 -0.21722852913921825 -0.05125021783981152 0.24042955046578307 0.059424444344275774
leaf_weight=3461 2047 2337 2131 2413 2774
leaf_count=3461 2047 2337 2131 2413 2774
internal_value=0.026716 -0.0153666 0.0283991 0.0868797 0.0113413
internal_weight=15163 13116 10779 7318 4905
internal_count=15163 13116 10779 7318 4905
is_linear=0
shrinkage=0.05


Tree=66
num_leaves=6
num_cat=0
split_feature=5 1 15 4 0
split_gain=94123.5 47989.7 96373.5 82022.6 56748.6
threshold=11.500000000000002 47.500000000000007 152.92407665822489 5474.5000000000009 0.076561248000000012
decision_type=2 2 2 10 2
left_child=1 2 -1 4 -3
right_child=-2 3 -4 -5 -6
leaf_value=-0.04064504726778731 -0.24510521869329224 0.25726951911942869 0.43253268914550402 -0.24172570272101945 -0.096279906719334674
leaf_weight=2253 3427 2614 2060 2735 2006
leaf_count=2253 3427 2614 2060 2735 2006
internal_value=-0.0147258 0.0529387 0.185357 -0.0247117 0.103759
internal_weight=15095 11668 4313 7355 4620
internal_count=15095 11668 4313 7355 4620
is_linear=0
shrinkage=0.05


Tree=67
num_leaves=5
num_cat=0
split_feature=15 14 3 3
split_gain=101580 28479.4 33184.7 21021.1
threshold=283.12832816646591 0.036326522196333956 0.40646311400000007 0.13707213600000004
decision_type=2 2 2 2
left_child=1 2 3 -1
right_child=-2 -3 -4 -5
leaf_value=0.11353374944046229 -0.26670275075848199 -0.12200909626926243 0.18362635058365775 -0.095057089228292271
leaf_weight=2008 3851 2398 3809 3031
leaf_count=2008 3851 2398 3809 3031
internal_value=-0.0450659 0.0308299 0.0722525 -0.0119354
internal_weight=15097 11246 8848 5039
internal_count=15097 11246 8848 5039
is_linear=0
shrinkage=0.05


Tree=68
num_leaves=6
num_cat=0
split_feature=3 15 15 15 0
split_gain=100945 147702 146836 20417.6 11452.4
threshold=0.3898229800000001 235.35923537366853 233.29302262104292 111.92625166346805 0.076561248000000012
decision_type=2 2 2 2 2
left_child=1 3 4 -1 -2
right_child=2 -3 -4 -5 -6
leaf_value=0.069239716154125872 -0.063960897456764518 0.42698374512072618 -0.47809226255570042 -0.12631187728145732 0.091929373443752557
leaf_weight=2903 2068 2804 2079 2471 2738
leaf_count=2903 2068 2804 2079 2471 2738
internal_value=0.0140494 0.132813 -0.127018 -0.0206762 0.0248505
internal_weight=15063 8178 6885 5374 4806
internal_count=15063 8178 6885 5374 4806
is_linear=0
shrinkage=0.05


Tree=69
num_leaves=7
num_cat=0
split_feature=4 15 7 4 15 4
split_gain=36217.6 163606 69129.3 31804.3 18458.3 6468.13
threshold=7000.5000000000009 313.49485201010521 1.5000000000000002 3260.5000000000005 165.20693899098117 6500.5000000000009
decision_type=10 2 2 8 2 8
left_child=1 3 -2 -1 5 -5
right_child=2 -3 -4 4 -6 -7
leaf_value=-0.12919601370448069 0.30121560811272441 -0.4541687193125814 -0.10010669347317727 0.090243523166679468 0.21468761318703808 -0.030737281560632393
leaf_weight=2145 2298 2096 2013 2417 2103 2035
leaf_count=2145 2298 2096 2013 2417 2103 2035
internal_value=-0.0086932 -0.0576146 0.11382 0.0379231 0.0926097 0.0349434
internal_weight=15107 10796 4311 8700 6555 4452
internal_count=15107 10796 4311 8700 6555 4452
is_linear=0
shrinkage=0.05


Tree=70
num_leaves=5
num_cat=0
split_feature=15 14 15 15
split_gain=75044.4 26018.2 32367.2 31490.2
threshold=283.12832816646591 0.011631852661456764 141.77371014290011 145.68026571738184
decision_type=2 2 2 2
left_child=1 2 -1 -3
right_child=-2 3 -4 -5
leaf_value=-0.0054381633946774619 -0.24443450060059041 0.022704562019261628 0.24812706311284957 -0.21991635855803038
leaf_weight=3288 3845 3894 2039 2037
leaf_count=3288 3845 3894 2039 2037
internal_value=-0.0537217 0.0114134 0.0916182 -0.0606235
internal_weight=15103 11258 5327 5931
internal_count=15103 11258 5327 5931
is_linear=0
shrinkage=0.05


Tree=71
num_leaves=6
num_cat=0
split_feature=7 14 7 15 14
split_gain=36762.9 78633.3 68611.1 119436 39595.8
threshold=1.0000000180025095e-35 0.0091480837449767032 1.5000000000000002 193.66612736633439 0.021446501348364729
decision_type=2 2 2 2 2
left_child=1 -1 3 -2 -4
right_child=2 -3 4 -5 -6
leaf_value=-0.34521060489443256 -0.016594972592538806 0.049682029178778515 -0.2454375093926241 0.45522673087517423 0.062915979393978624
leaf_weight=2068 3321 3229 2124 2250 2042
leaf_count=2068 3321 3229 2124 2250 2042
internal_value=0.0015193 -0.104488 0.059188 0.173963 -0.0942954
internal_weight=15034 5297 9737 5571 4166
internal_count=15034 5297 9737 5571 4166
is_linear=0
shrinkage=0.05


Tree=72
num_leaves=6
num_cat=0
split_feature=7 7 15 15 1
split_gain=69954.2 85987.8 140644 68646.5 39897.8
threshold=1.0000000180025095e-35 1.5000000000000002 220.93481647201696 192.45629773935647 52.500000000000007
decision_type=2 2 2 2 2
left_child=3 2 -2 -1 -3
right_child=1 4 -4 -5 -6
leaf_value=-0.012971268383750512 0.013500541935808776 0.058921459224663665 0.53526814743202678 -0.3831920246817947 -0.24838016648214434
leaf_weight=3299 3623 2057 2007 2018 2171
leaf_count=3299 3623 2057 2007 2018 2171
internal_value=-0.00730873 0.0715321 0.199502 -0.153484 -0.0988723
internal_weight=15175 9858 5630 5317 4228
internal_count=15175 9858 5630 5317 4228
is_linear=0
shrinkage=0.05


Tree=73
num_leaves=6
num_cat=0
split_feature=4 15 15 4 15
split_gain=59888 153281 76501.5 20391.1 17622.5
threshold=6666.5000000000009 283.12832816646591 222.57937421379515 3260.5000000000005 128.8068742851361
decision_type=10 2 2 8 2
left_child=1 3 -2 -1 -5
right_child=2 -3 -4 4 -6
leaf_value=-0.083700417988840939 -0.011731012273289987 -0.40902615809928478 0.39475407626230519 0.022933191880850957 0.19781262111188697
leaf_weight=2110 2744 2358 2002 3381 2510
leaf_count=2110 2744 2358 2002 3381 2510
internal_value=0.012649 -0.0547393 0.159736 0.0496737 0.0974447
internal_weight=15105 10359 4746 8001 5891
internal_count=15105 10359 4746 8001 5891
is_linear=0
shrinkage=0.05


Tree=74
num_leaves=6
num_cat=0
split_feature=0 3 1 1 0
split_gain=41249.5 58552.8 89449 48722 42391.3
threshold=0.029274329500000005 0.15795920100000002 58.500000000000007 46.500000000000007 0.0084048450000000011
decision_type=2 2 2 2 2
left_child=4 -2 3 -3 -1
right_child=1 2 -4 -5 -6
leaf_value=-0.0082916017443462713 0.19125391766280825 -0.13588489095825915 -0.33497250066026096 0.15594243337512204 0.30012445486197575
leaf_weight=2506 2012 2938 2892 2787 2006
leaf_count=2506 2012 2938 2892 2787 2006
internal_value=0.00216069 -0.0516094 -0.108316 0.00618022 0.128828
internal_weight=15141 10629 8617 5725 4512
internal_count=15141 10629 8617 5725 4512
is_linear=0
shrinkage=0.05


Tree=75
num_leaves=6
num_cat=0
split_feature=14 15 0 1 4
split_gain=58872.1 40660.8 25225.4 18900 17770.3
threshold=0.044681210653071006 280.27051462622904 0.083739414000000026 59.500000000000007 4834.5000000000009
decision_type=2 2 2 2 10
left_child=1 2 3 -1 -4
right_child=-2 -3 4 -5 -6
leaf_value=-0.072316054456609921 -0.24970875889001456 -0.11763809238467254 0.2820776914179518 0.11504688076182018 0.075458015165824857
leaf_weight=2924 2153 3336 2058 2494 2105
leaf_count=2924 2153 3336 2058 2494 2105
internal_value=-0.00764657 0.0327002 0.0850464 0.0139304 0.177601
internal_weight=15070 12917 9581 5418 4163
internal_count=15070 12917 9581 5418 4163
is_linear=0
shrinkage=0.05


Tree=76
num_leaves=6
num_cat=0
split_feature=4 7 15 15 4
split_gain=35025.1 99847 124361 59836.8 22400.2
threshold=4000.5000000000005 1.5000000000000002 207.15216839779995 210.68586855535054 800.50000000000011
decision_type=10 2 2 2 10
left_child=3 2 -2 4 -1
right_child=1 -3 -4 -5 -6
leaf_value=0.084251645178948009 -0.042263116031600829 -0.19714967242558185 0.45325746553870999 -0.34003227599652308 -0.13573090410296573
leaf_weight=2394 3066 3064 2157 2174 2240
leaf_count=2394 3066 3064 2157 2174 2240
internal_value=-0.0395852 0.0294475 0.162377 -0.123615 -0.0220843
internal_weight=15095 8287 5223 6808 4634
internal_count=15095 8287 5223 6808 4634
is_linear=0
shrinkage=0.05


Tree=77
num_leaves=5
num_cat=0
split_feature=4 5 7 4
split_gain=43693.9 65720.6 75800.4 37225.7
threshold=5703.0000000000009 7.5000000000000009 1.0000000180025095e-35 8651.5000000000018
decision_type=10 2 2 10
left_child=1 2 -1 -2
right_child=3 -3 -4 -5
leaf_value=-0.069510434047780581 0.2750908423307668 -0.17603049890242187 0.31847152854001715 0.025289248893298134
leaf_weight=2972 3008 3959 2184 2958
leaf_count=2972 3008 3959 2184 2958
internal_value=0.0460401 -0.0228138 0.0948326 0.151237
internal_weight=15081 9115 5156 5966
internal_count=15081 9115 5156 5966
is_linear=0
shrinkage=0.05


Tree=78
num_leaves=6
num_cat=0
split_feature=15 5 4 1 1
split_gain=158943 25634.7 27594.9 13936.4 15890.3
threshold=363.19039803799734 12.500000000000002 12502.000000000002 43.500000000000007 60.500000000000007
decision_type=2 2 8 2 2
left_child=1 2 3 -1 -5
right_child=-2 -3 -4 4 -6
leaf_value=0.078024697646241092 0.42625150324521793 -0.15898326324166595 0.15995399708876745 -0.14967754870025157 0.029098442163698113
leaf_weight=2350 2586 2209 2883 2771 2254
leaf_count=2350 2586 2209 2883 2771 2254
internal_value=0.0695163 -0.00448041 0.0287909 -0.0224828 -0.0694863
internal_weight=15053 12467 10258 7375 5025
internal_count=15053 12467 10258 7375 5025
is_linear=0
shrinkage=0.05


Tree=79
num_leaves=7
num_cat=0
split_feature=1 15 15 4 15 1
split_gain=52209.2 84390.2 80037.9 43545.9 28338.9 4526.28
threshold=63.500000000000007 151.694265147111 346.28975415595949 14001.500000000002 142.86973557411761 46.500000000000007
decision_type=2 2 2 8 2 2
left_child=2 -2 3 4 5 -1
right_child=1 -3 -4 -5 -6 -7
leaf_value=0.060149557940799125 0.064669068979036681 -0.39305706661281115 0.32906139946036106 0.18363595117754791 -0.19779485208474054 -0.045177338991770843
leaf_weight=2009 2005 2023 2026 2055 2898 2072
leaf_count=2009 2005 2023 2026 2055 2898 2072
internal_value=-0.0110962 -0.165217 0.0450338 -0.0186633 -0.0782313 0.00667312
internal_weight=15088 4028 11060 9034 6979 4081
internal_count=15088 4028 11060 9034 6979 4081
is_linear=0
shrinkage=0.05


Tree=80
num_leaves=5
num_cat=0
split_feature=15 4 4 15
split_gain=70867.6 23176.1 16075.9 17224.1
threshold=280.27051462622904 3200.5000000000005 4694.5000000000009 145.68026571738184
decision_type=2 8 10 2
left_child=1 -1 -3 -4
right_child=-2 2 3 -5
leaf_value=-0.12733248922906287 -0.22232479081416187 0.13481990446742775 0.074446863626693616 -0.11305296288388376
leaf_weight=2036 3906 3971 3121 2016
leaf_count=2036 3906 3971 3121 2016
internal_value=-0.0390595 0.0251754 0.059267 0.000863128
internal_weight=15050 11144 9108 5137
internal_count=15050 11144 9108 5137
is_linear=0
shrinkage=0.05


Tree=81
num_leaves=5
num_cat=0
split_feature=3 15 0 0
split_gain=61981 88215.4 14701.2 21747.4
threshold=0.16406211850000005 280.27051462622904 0.028607231000000004 0.16066407400000002
decision_type=2 2 2 2
left_child=-1 2 -2 -4
right_child=1 -3 3 -5
leaf_value=0.17737009965185499 -0.090531110973589735 -0.29734856335363452 0.16494382585692424 -0.02192366211692055
leaf_weight=3603 2199 2925 2760 3572
leaf_count=3603 2199 2925 2760 3572
internal_value=-0.00350783 -0.0603953 0.0208482 0.0595284
internal_weight=15059 11456 8531 6332
internal_count=15059 11456 8531 6332
is_linear=0
shrinkage=0.05


Tree=82
num_leaves=5
num_cat=0
split_feature=0 4 7 7
split_gain=33245.3 44819.7 42743.3 68736.1
threshold=0.16660469000000003 4300.5000000000009 1.5000000000000002 1.0000000180025095e-35
decision_type=2 10 2 2
left_child=2 -2 3 -1
right_child=1 -3 -4 -5
leaf_value=-0.15736187224386744 -0.067926803299391283 0.21520553177884844 -0.24115751062063673 0.15492020743188323
leaf_weight=3472 2483 3198 2454 3578
leaf_count=3472 2483 3198 2454 3578
internal_value=-0.00423388 0.0914566 -0.0614327 0.00112682
internal_weight=15185 5681 9504 7050
internal_count=15185 5681 9504 7050
is_linear=0
shrinkage=0.05


Tree=83
num_leaves=7
num_cat=0
split_feature=4 15 15 3 0 4
split_gain=57646.6 113096 47416.5 46102.3 31459.2 9984.14
threshold=4000.5000000000005 316.36112339800542 207.15216839779995 0.20285513400000002 0.15012433400000003 3702.5000000000005
decision_type=10 2 2 2 2 8
left_child=2 3 5 -2 -5 -1
right_child=1 -3 -4 4 -6 -7
leaf_value=-0.062977581222468479 -0.17452012357880015 0.44064714542108868 -0.26793357181614386 0.25138572535535497 -0.027361663974261586 0.08352565119259743
leaf_weight=2266 2172 2036 2236 2010 2039 2389
leaf_count=2266 2172 2036 2236 2010 2039 2389
internal_value=0.0280784 0.117185 -0.0786916 0.0113225 0.111014 0.0122096
internal_weight=15148 8257 6891 6221 4049 4655
internal_count=15148 8257 6891 6221 4049 4655
is_linear=0
shrinkage=0.05


Tree=84
num_leaves=6
num_cat=0
split_feature=4 15 4 15 15
split_gain=61494.1 98984.5 29108.7 16533.9 21485.3
threshold=9166.5000000000018 363.19039803799734 6252.5000000000009 128.8068742851361 45.305367150469998
decision_type=10 2 10 2 2
left_child=1 2 3 4 -1
right_child=-2 -3 -4 -5 -6
leaf_value=0.11058756709560583 -0.19904880127137481 0.39158586892857783 -0.15761195719400062 0.12935561279751018 -0.10546800654811193
leaf_weight=2032 2538 2018 2093 3727 2653
leaf_count=2032 2538 2018 2093 3727 2653
internal_value=0.0253747 0.070858 0.00924644 0.0507627 -0.0117594
internal_weight=15061 12523 10505 8412 4685
internal_count=15061 12523 10505 8412 4685
is_linear=0
shrinkage=0.05


Tree=85
num_leaves=6
num_cat=0
split_feature=4 15 15 5 15
split_gain=24191.8 52363 42652.1 16409 12675.4
threshold=11002.500000000002 196.97193163384586 329.17065811819378 9.5000000000000018 129.93111859274003
decision_type=8 2 2 2 2
left_child=2 -2 3 4 -1
right_child=1 -3 -4 -5 -6
leaf_value=-0.035749930882485202 0.036770421061350582 -0.3004218960619508 0.23543346292696335 -0.11667158113491703 0.11779213422637663
leaf_weight=3114 2697 2009 2024 2893 2365
leaf_count=3114 2697 2009 2024 2893 2365
internal_value=-0.01312 -0.107178 0.0294574 -0.020339 0.0305262
internal_weight=15102 4706 10396 8372 5479
internal_count=15102 4706 10396 8372 5479
is_linear=0
shrinkage=0.05


Tree=86
num_leaves=7
num_cat=0
split_feature=7 4 0 0 4 3
split_gain=33767.7 74929.5 29142.2 47575.5 28679.9 15021.3
threshold=1.5000000000000002 6565.5000000000009 0.30595714450000006 0.015137432000000001 9166.5000000000018 0.40259872400000002
decision_type=2 10 2 2 8 2
left_child=1 2 3 -1 -2 -5
right_child=4 -3 -4 5 -6 -7
leaf_value=-0.17699553599828777 0.0048908183974352148 0.27506291169915126 -0.19515613443232024 0.023160977889835347 -0.25698754909523347 0.21209611065309908
leaf_weight=2003 2149 2664 2017 2073 2036 2136
leaf_count=2003 2149 2664 2017 2073 2036 2136
internal_value=-0.00179405 0.0445851 -0.0300282 0.0235879 -0.122513 0.119043
internal_weight=15078 10893 8229 6212 4185 4209
internal_count=15078 10893 8229 6212 4185 4209
is_linear=0
shrinkage=0.05


Tree=87
num_leaves=6
num_cat=0
split_feature=15 3 14 14 3
split_gain=50009.9 32702.4 15728.8 18348 20385
threshold=350.40611104265912 0.20285513400000002 0.03753454587747914 0.0097548961989040589 0.48353485500000004
decision_type=2 2 2 2 2
left_child=1 -1 3 -3 -5
right_child=-2 2 -4 4 -6
leaf_value=-0.16059113185357488 0.20295102740494395 -0.045562287755327086 -0.10216401681289421 0.010945132631589709 0.23513039525254206
leaf_weight=3553 2757 2674 2047 2026 2030
leaf_count=3553 2757 2674 2047 2026 2030
internal_value=0.0104383 -0.0326078 0.0192009 0.0561153 0.123148
internal_weight=15087 12330 8777 6730 4056
internal_count=15087 12330 8777 6730 4056
is_linear=0
shrinkage=0.05


Tree=88
num_leaves=5
num_cat=0
split_feature=5 0 4 4
split_gain=58173.4 43792.8 111739 49182.6
threshold=11.500000000000002 0.04288281750000001 3200.5000000000005 4694.5000000000009
decision_type=2 2 10 10
left_child=1 2 -1 -3
right_child=-2 3 -4 -5
leaf_value=-0.11801268364137654 -0.20477840804278832 0.07583978435708566 0.38758277163375465 -0.18308430331707115
leaf_weight=2030 3428 3922 2367 3445
leaf_count=2030 3428 3922 2367 3445
internal_value=-0.0235268 0.0292894 0.15416 -0.0452398
internal_weight=15192 11764 4397 7367
internal_count=15192 11764 4397 7367
is_linear=0
shrinkage=0.05


Tree=89
num_leaves=6
num_cat=0
split_feature=15 15 3 0 0
split_gain=148579 25898.4 27310.4 28444.2 44102
threshold=419.61379436769442 16.027702567165516 0.18859006750000004 0.029976258500000002 0.13418982000000004
decision_type=2 2 2 2 2
left_child=1 -1 -3 -4 -5
right_child=-2 2 3 4 -6
leaf_value=0.1615840909620683 0.4689258524260973 -0.15460599185731666 -0.13478772327691521 0.26061401584415916 -0.023840301659444681
leaf_weight=2324 2041 2868 2047 2168 3668
leaf_count=2324 2041 2868 2047 2168 3668
internal_value=0.0721648 0.0102307 -0.0224868 0.0255809 0.0818309
internal_weight=15116 13075 10751 7883 5836
internal_count=15116 13075 10751 7883 5836
is_linear=0
shrinkage=0.05


Tree=90
num_leaves=5
num_cat=0
split_feature=4 0 0 1
split_gain=63773.7 55939.6 119344 20351.4
threshold=2803.0000000000005 0.041238561000000014 0.16918474650000001 57.500000000000007
decision_type=10 2 2 2
left_child=3 -2 -3 -1
right_child=1 2 -4 -5
leaf_value=0.0087785030781765278 0.30154366065066096 -0.20611379182443679 0.22253161957089504 -0.18860906319073523
leaf_weight=2671 3165 2755 3955 2555
leaf_count=2671 3165 2755 3955 2555
internal_value=0.05352 0.128269 0.0465379 -0.0877246
internal_weight=15101 9875 6710 5226
internal_count=15101 9875 6710 5226
is_linear=0
shrinkage=0.05


Tree=91
num_leaves=5
num_cat=0
split_feature=9 15 14 14
split_gain=58326.9 73153.9 24559.1 15323.8
threshold=1.5000000000000002 306.78049422112161 0.032002048131080395 0.0097548961989040589
decision_type=10 2 2 2
left_child=1 2 3 -1
right_child=-2 -3 -4 -5
leaf_value=-0.0027725972968380645 0.2024747683624728 -0.27179654401329867 -0.12755066272478741 0.14306105288681437
leaf_weight=3707 3066 2685 2063 3504
leaf_count=3707 3066 2685 2063 3504
internal_value=0.00791247 -0.0419686 0.0245709 0.0680915
internal_weight=15025 11959 9274 7211
internal_count=15025 11959 9274 7211
is_linear=0
shrinkage=0.05


Tree=92
num_leaves=6
num_cat=0
split_feature=9 4 0 0 0
split_gain=36354.7 41302.3 60067.5 51859.3 16163.8
threshold=1.5000000000000002 2750.5000000000005 0.047579184500000003 0.20453010800000002 0.078051340000000011
decision_type=10 10 2 2 2
left_child=1 4 -3 -4 -1
right_child=-2 2 3 -5 -6
leaf_value=-0.074814018075750818 0.15150467726632522 0.21569245597445719 -0.26025027442199206 0.075706938913954691 -0.26293609698803522
leaf_weight=2542 3044 2765 2128 2496 2073
leaf_count=2542 3044 2765 2128 2496 2073
internal_value=-0.00282575 -0.0419612 0.031336 -0.0789031 -0.159316
internal_weight=15048 12004 7389 4624 4615
internal_count=15048 12004 7389 4624 4615
is_linear=0
shrinkage=0.05


Tree=93
num_leaves=6
num_cat=0
split_feature=4 9 7 4 3
split_gain=40062.1 52883.3 31487.1 40350.8 21537.3
threshold=9166.5000000000018 1.5000000000000002 1.0000000180025095e-35 5155.0000000000009 0.38668887800000007
decision_type=10 10 2 8 2
left_child=1 2 3 -1 -4
right_child=-2 -3 4 -5 -6
leaf_value=-0.0087961414512085483 -0.22450097950294723 0.21301667883861686 0.15224313899052522 -0.31537492047072868 -0.049010349392391628
leaf_weight=2193 2568 2230 2005 2102 3945
leaf_count=2193 2568 2230 2005 2102 3945
internal_value=-0.0446585 -0.00763761 -0.0556668 -0.158838 0.018807
internal_weight=15043 12475 10245 4295 5950
internal_count=15043 12475 10245 4295 5950
is_linear=0
shrinkage=0.05


Tree=94
num_leaves=6
num_cat=0
split_feature=15 14 15 14 15
split_gain=45608 33591 39019.1 16703.3 14073.7
threshold=283.12832816646591 0.036326522196333956 177.79618684417935 0.01443215099251546 82.431973513092785
decision_type=2 2 2 2 2
left_child=1 2 3 4 -1
right_child=-2 -3 -4 -5 -6
leaf_value=0.051412776308113278 -0.15916211552495024 -0.12535333649970185 0.26330230322273407 0.12987386896672201 -0.13027318752218742
leaf_weight=2225 3858 2420 2277 2371 2046
leaf_count=2225 3858 2420 2277 2371 2046
internal_value=-0.0106651 0.0398597 0.0846872 0.0234546 -0.0356229
internal_weight=15197 11339 8919 6642 4271
internal_count=15197 11339 8919 6642 4271
is_linear=0
shrinkage=0.05


Tree=95
num_leaves=6
num_cat=0
split_feature=14 5 14 4 14
split_gain=33514.8 64037.8 41133.8 76680.3 26543
threshold=0.0089424394700776625 6.5000000000000009 0.011232086651081066 5703.0000000000009 0.029985590778097985
decision_type=2 2 2 8 2
left_child=1 -1 -2 -4 -5
right_child=2 -3 3 4 -6
leaf_value=-0.082338157729994851 -0.26397528075289606 0.27701567467804289 -0.17213400615031227 0.25348033512685247 0.0047121629031494638
leaf_weight=2474 2001 2485 3882 2241 2056
leaf_count=2474 2001 2485 3882 2241 2056
internal_value=-0.00885275 0.0977373 -0.0607761 -0.0110633 0.134451
internal_weight=15139 4959 10180 8179 4297
internal_count=15139 4959 10180 8179 4297
is_linear=0
shrinkage=0.05


Tree=96
num_leaves=6
num_cat=0
split_feature=15 1 15 4 1
split_gain=27632.6 36889.1 48904.6 20503.3 12148.8
threshold=363.19039803799734 67.500000000000014 198.68821694266953 11821.000000000002 46.500000000000007
decision_type=2 2 2 8 2
left_child=1 2 3 4 -1
right_child=-2 -3 -4 -5 -6
leaf_value=0.034412144358051198 0.15425241912404697 0.15418827728343343 -0.24848741697544108 0.13665039071012508 -0.11609915995048854
leaf_weight=2385 2616 2347 2691 2010 3062
leaf_count=2385 2616 2347 2691 2010 3062
internal_value=0.0064833 -0.0244542 -0.0657701 0.000166907 -0.0501969
internal_weight=15111 12495 10148 7457 5447
internal_count=15111 12495 10148 7457 5447
is_linear=0
shrinkage=0.05


Tree=97
num_leaves=7
num_cat=0
split_feature=15 15 3 3 3 4
split_gain=84285.7 39374.9 16020 27669.7 11024.7 90.6008
threshold=419.61379436769442 272.7923814036215 1.0037132245000002 0.26023541650000009 0.41784532150000003 5832.5000000000009
decision_type=2 2 2 2 2 8
left_child=1 2 3 5 -5 -1
right_child=-2 -3 -4 4 -6 -7
leaf_value=0.073091836666255627 0.33249582777279613 -0.2180958370791613 0.1257037090504618 -0.18515645854794005 -0.023235957652517014 0.088117423759057956
leaf_weight=2006 2007 2027 2771 2070 2136 2007
leaf_count=2006 2007 2027 2771 2070 2136 2007
internal_value=0.0308927 -0.0156094 0.0217373 -0.0133145 -0.102926 0.0806065
internal_weight=15024 13017 10990 8219 4206 4013
internal_count=15024 13017 10990 8219 4206 4013
is_linear=0
shrinkage=0.05


Tree=98
num_leaves=5
num_cat=0
split_feature=15 3 14 15
split_gain=79831.9 37173.8 30377.1 13416
threshold=404.11826689838409 0.20560757350000003 0.011631852661456764 145.68026571738184
decision_type=2 2 2 2
left_child=1 -1 -3 -4
right_child=-2 2 3 -5
leaf_value=-0.13397689330007859 -0.32798037196361912 0.16138378424559099 0.045225331670158249 -0.1159246623001372
leaf_weight=3734 2189 3793 2998 2269
leaf_count=3734 2189 3793 2998 2269
internal_value=-0.048958 -0.00121843 0.0534968 -0.0241974
internal_weight=14983 12794 9060 5267
internal_count=14983 12794 9060 5267
is_linear=0
shrinkage=0.05


Tree=99
num_leaves=5
num_cat=0
split_feature=3 3 5 3
split_gain=27380.8 68148.5 27535.9 37954
threshold=0.13997532550000003 0.28442242700000003 6.5000000000000009 0.59160016250000014
decision_type=2 2 2 2
left_child=-1 -2 -3 -4
right_child=1 2 3 -5
leaf_value=0.13558574099073711 -0.2381396848810837 -0.088944354372072987 0.21603296447614287 -0.034351103510290852
leaf_weight=3172 2950 2860 3243 2838
leaf_count=3172 2950 2860 3243 2838
internal_value=0.00506483 -0.0297525 0.039003 0.0991788
internal_weight=15063 11891 8941 6081
internal_count=15063 11891 8941 6081
is_linear=0
shrinkage=0.05


Tree=100
num_leaves=5
num_cat=0
split_feature=15 3 1 3
split_gain=51816.7 47041.1 16350.5 14948.3
threshold=350.40611104265912 0.20285513400000002 47.500000000000007 0.46425080350000009
decision_type=2 2 2 2
left_child=1 -1 -3 -4
right_child=-2 2 3 -5
leaf_value=-0.18019556656755392 0.21242018003255014 -0.057627195705426487 -0.0093107337854285502 0.15434335271976843
leaf_weight=3564 2767 3087 2417 3301
leaf_count=3564 2767 3087 2417 3301
internal_value=0.0168233 -0.0269326 0.0351037 0.0851667
internal_weight=15136 12369 8805 5718
internal_count=15136 12369 8805 5718
is_linear=0
shrinkage=0.05


Tree=101
num_leaves=6
num_cat=0
split_feature=7 15 5 15 15
split_gain=44549 55075.2 39374.8 92159.4 43251.2
threshold=1.0000000180025095e-35 192.45629773935647 8.5000000000000018 177.79618684417935 210.68586855535054
decision_type=2 2 2 2 2
left_child=1 -1 3 -2 -4
right_child=2 -3 4 -5 -6
leaf_value=-0.018410752331862141 -0.061898782205644633 -0.34935743820929388 0.054920224739653259 0.38833899256712134 -0.24168490498208273
leaf_weight=3281 2519 2038 3176 2071 2005
leaf_count=3281 2519 2038 3176 2071 2005
internal_value=-0.0287754 -0.145215 0.0346101 0.141248 -0.0598633
internal_weight=15090 5319 9771 4590 5181
internal_count=15090 5319 9771 4590 5181
is_linear=0
shrinkage=0.05


Tree=102
num_leaves=6
num_cat=0
split_feature=14 14 4 14 4
split_gain=43406.6 71136.6 45980.4 65312.9 31347
threshold=0.0098979294367737818 0.0060440333569308077 5567.5000000000009 0.029985590778097985 3400.5000000000005
decision_type=2 2 8 2 10
left_child=1 -1 4 -4 -2
right_child=2 -3 3 -5 -6
leaf_value=0.059780112162791256 0.070987656427500642 -0.29061393807133457 0.30537344162864771 -0.06061804703164364 -0.20246842149741329
leaf_weight=2823 2064 2975 2990 2058 2129
leaf_count=2823 2064 2975 2990 2058 2129
internal_value=-0.0127694 -0.12001 0.0545155 0.156164 -0.0678599
internal_weight=15039 5798 9241 5048 4193
internal_count=15039 5798 9241 5048 4193
is_linear=0
shrinkage=0.05


Tree=103
num_leaves=6
num_cat=0
split_feature=3 4 15 15 14
split_gain=37874.7 57556.3 77025.6 31157.2 7872.04
threshold=0.16406211850000005 3563.0000000000005 261.71241891514859 167.79371583570341 0.021446501348364729
decision_type=2 10 2 2 2
left_child=-1 3 4 -2 -3
right_child=1 2 -4 -5 -6
leaf_value=0.15541033122674519 -0.0066040695473792016 -0.075572325432182147 -0.38434235451543208 0.24655098697636957 0.059356189196153535
leaf_weight=3655 2977 2246 2023 2054 2084
leaf_count=3655 2977 2246 2023 2054 2084
internal_value=0.0153746 -0.0295859 -0.129634 0.0967512 -0.0106321
internal_weight=15039 11384 6353 5031 4330
internal_count=15039 11384 6353 5031 4330
is_linear=0
shrinkage=0.05


Tree=104
num_leaves=5
num_cat=0
split_feature=9 0 9 0
split_gain=28501.8 32171.6 60372.3 113768
threshold=1.5000000000000002 0.011023288000000001 1.0000000180025095e-35 0.15308867200000004
decision_type=8 2 10 2
left_child=1 -1 3 -3
right_child=-2 2 -4 -5
leaf_value=-0.19006617606963505 0.14376778863693943 0.27026840006982927 -0.20932746505636379 -0.12888961958851128
leaf_weight=2218 3512 3980 2174 3237
leaf_count=2218 3512 3980 2174 3237
internal_value=0.0189617 -0.0187951 0.0216563 0.0912363
internal_weight=15121 11609 9391 7217
internal_count=15121 11609 9391 7217
is_linear=0
shrinkage=0.05


Tree=105
num_leaves=5
num_cat=0
split_feature=3 1 14 14
split_gain=53153.4 48381.2 55143.1 81011.4
threshold=0.14775225150000001 63.500000000000007 0.011631852661456764 0.026258552990754341
decision_type=2 2 2 2
left_child=-1 2 -2 -4
right_child=1 -3 3 -5
leaf_value=0.17989933721870788 0.17527873600396049 -0.22888903010385789 -0.30201632462273287 0.077793967336836398
leaf_weight=3349 3241 2763 2430 3325
leaf_count=3349 3241 2763 2430 3325
internal_value=0.00416376 -0.0458863 0.0103205 -0.0825777
internal_weight=15108 11759 8996 5755
internal_count=15108 11759 8996 5755
is_linear=0
shrinkage=0.05


Tree=106
num_leaves=6
num_cat=0
split_feature=1 15 3 14 14
split_gain=44564.3 127620 48166 16041.8 8583.71
threshold=63.500000000000007 350.40611104265912 0.20560757350000003 0.010684573751964429 0.026258552990754341
decision_type=2 2 2 2 2
left_child=1 2 -1 -4 -5
right_child=-2 -3 3 4 -6
leaf_value=-0.23550381474145934 -0.15539480854262358 0.3955577037099306 0.1457893670736205 -0.098387445966402698 0.037748593915847818
leaf_weight=2358 3983 2052 2002 2100 2581
leaf_count=2358 3983 2052 2002 2100 2581
internal_value=-0.0119319 0.0395792 -0.0412158 0.0273359 -0.023325
internal_weight=15076 11093 9041 6683 4681
internal_count=15076 11093 9041 6683 4681
is_linear=0
shrinkage=0.05


Tree=107
num_leaves=6
num_cat=0
split_feature=0 1 15 1 3
split_gain=46006.9 54651.8 156350 113725 18975.9
threshold=0.0046648860000000009 50.500000000000007 280.27051462622904 39.500000000000007 0.43314913800000004
decision_type=2 2 2 2 2
left_child=-1 3 4 -2 -3
right_child=1 2 -4 -5 -6
leaf_value=0.21059339469964544 -0.1923060204266373 -0.079541327717581559 -0.51056461100268435 0.26958445704198714 0.10495923928427492
leaf_weight=2017 2304 3121 2012 3161 2518
leaf_count=2017 2304 3121 2012 3161 2518
internal_value=-0.0117205 -0.0459083 -0.132168 0.0748552 0.00284428
internal_weight=15133 13116 7651 5465 5639
internal_count=15133 13116 7651 5465 5639
is_linear=0
shrinkage=0.05


Tree=108
num_leaves=6
num_cat=0
split_feature=5 14 14 4 3
split_gain=46862.3 54545.2 68949.5 75639.8 10893.1
threshold=4.5000000000000009 0.0061485369884320016 0.014272216359486589 5703.0000000000009 0.31179457050000009
decision_type=2 2 2 8 2
left_child=-1 -2 4 -4 -3
right_child=1 2 3 -5 -6
leaf_value=-0.18824666483401153 0.26734840374278784 -0.25818578186301816 -0.10432329296583526 0.25521926883163054 -0.094642267445157593
leaf_weight=3045 2034 2001 2673 3231 2073
leaf_count=3045 2034 2001 2673 3231 2073
internal_value=-0.0130498 0.031362 -0.0167434 0.0924386 -0.174969
internal_weight=15057 12012 9978 5904 4074
internal_count=15057 12012 9978 5904 4074
is_linear=0
shrinkage=0.05


Tree=109
num_leaves=6
num_cat=0
split_feature=15 1 3 14 0
split_gain=44281.2 29399.6 42871.7 16329.2 13107.2
threshold=404.11826689838409 56.500000000000007 0.22713489150000002 0.020892460186639806 0.07378095250000001
decision_type=2 2 2 2 2
left_child=1 2 -1 -4 -3
right_child=-2 4 3 -5 -6
leaf_value=-0.22931711753069087 -0.21790775931039053 0.18059963046880587 0.14287805353774624 -0.038187211469576064 0.027645361308442362
leaf_weight=2108 2147 3147 2166 2929 2524
leaf_count=2108 2147 3147 2166 2929 2524
internal_value=-0.0076893 0.0273689 -0.0396747 0.0387877 0.112524
internal_weight=15021 12874 7203 5095 5671
internal_count=15021 12874 7203 5095 5671
is_linear=0
shrinkage=0.05


Tree=110
num_leaves=5
num_cat=0
split_feature=4 15 1 5
split_gain=28445.8 138091 21829.2 13152.9
threshold=18011.500000000004 350.40611104265912 56.500000000000007 8.5000000000000018
decision_type=8 2 2 2
left_child=1 2 3 -1
right_child=-2 -3 -4 -5
leaf_value=-0.02572664500085721 -0.10803018783742846 0.42124403924224024 0.065305810527496261 -0.18080850120278383
leaf_weight=3321 3523 2098 3811 2324
leaf_count=3321 3523 2098 3811 2324
internal_value=0.0163443 0.0542681 -0.0271528 -0.0895726
internal_weight=15077 11554 9456 5645
internal_count=15077 11554 9456 5645
is_linear=0
shrinkage=0.05


Tree=111
num_leaves=6
num_cat=0
split_feature=14 14 15 1 14
split_gain=31520.1 96533.6 85125.7 39561.8 12064.1
threshold=0.01729465325404151 0.0098979294367737818 207.15216839779995 67.500000000000014 0.036326522196333956
decision_type=2 2 2 2 2
left_child=1 3 4 -1 -2
right_child=2 -3 -4 -5 -6
leaf_value=-0.16232168262383173 0.12616799157112837 0.28505013233168841 -0.33805481966697326 0.11055577619497547 -0.045671804456322747
leaf_weight=3814 2065 2911 2320 2038 2021
leaf_count=3814 2065 2911 2320 2038 2021
internal_value=-0.0118699 0.0497545 -0.0961681 -0.0672902 0.0411733
internal_weight=15169 8763 6406 5852 4086
internal_count=15169 8763 6406 5852 4086
is_linear=0
shrinkage=0.05


Tree=112
num_leaves=6
num_cat=0
split_feature=15 15 3 15 4
split_gain=108902 21980.1 30018.4 11933.7 5861.43
threshold=350.40611104265912 27.825598865248129 0.20285513400000002 189.50021093070478 6500.5000000000009
decision_type=2 2 2 2 8
left_child=1 -1 -3 4 -4
right_child=-2 2 3 -5 -6
leaf_value=0.11415983039190575 0.32601474666039326 -0.1901220778414261 0.016875593781621082 0.091922642978909702 -0.09716918227991854
leaf_weight=2465 2804 2833 2073 2444 2468
leaf_count=2465 2804 2833 2073 2444 2468
internal_value=0.0448573 -0.0193262 -0.0528404 0.00283873 -0.0451069
internal_weight=15087 12283 9818 6985 4541
internal_count=15087 12283 9818 6985 4541
is_linear=0
shrinkage=0.05


Tree=113
num_leaves=5
num_cat=0
split_feature=3 1 4 3
split_gain=34096.4 33725.6 70119.5 18550.8
threshold=0.13997532550000003 46.500000000000007 13333.500000000002 0.33739266800000006
decision_type=2 2 8 2
left_child=-1 -2 3 -3
right_child=1 2 -4 -5
leaf_value=0.1563468494293509 -0.1494263716109194 -0.18099164627608647 0.23098743374465164 0.0084263706550741415
leaf_weight=3262 3781 2364 2850 2852
leaf_count=3262 3781 2364 2850 2852
internal_value=0.0132043 -0.0262091 0.03155 -0.0774218
internal_weight=15109 11847 8066 5216
internal_count=15109 11847 8066 5216
is_linear=0
shrinkage=0.05


Tree=114
num_leaves=5
num_cat=0
split_feature=15 14 15 15
split_gain=78929.9 22737.2 55328.1 51851.7
threshold=294.50933474068285 0.011631852661456764 145.68026571738184 144.32719992476558
decision_type=2 2 2 2
left_child=1 3 -3 -1
right_child=-2 2 -4 -5
leaf_value=-0.025582266801788878 -0.24503486250619258 0.06906238779988487 -0.24956853226610748 0.29465263721771262
leaf_weight=3269 3622 3842 2111 2061
leaf_count=3269 3622 3842 2111 2061
internal_value=-0.0419569 0.023234 -0.0439277 0.0982459
internal_weight=14905 11283 5953 5330
internal_count=14905 11283 5953 5330
is_linear=0
shrinkage=0.05


Tree=115
num_leaves=7
num_cat=0
split_feature=3 5 5 15 0 9
split_gain=35395.4 73695.1 56147.4 92042.7 8186.67 5893.5
threshold=0.60262967450000016 7.5000000000000009 6.5000000000000009 252.88988658201717 0.087069242500000019 1.0000000180025095e-35
decision_type=2 2 2 2 2 10
left_child=2 -2 4 5 -1 -4
right_child=1 -3 3 -5 -6 -7
leaf_value=-0.1695030211885693 0.086212189875326112 -0.31246606575184238 0.062820025981266472 0.41189567694102069 -0.02709641948371241 -0.054127215876369074
leaf_weight=2008 2266 2373 2311 2097 2029 2018
leaf_count=2008 2266 2373 2311 2097 2029 2018
internal_value=-0.00276601 -0.117725 0.0482035 0.140008 -0.0979293 0.00830408
internal_weight=15102 4639 10463 6426 4037 4329
internal_count=15102 4639 10463 6426 4037 4329
is_linear=0
shrinkage=0.05


Tree=116
num_leaves=6
num_cat=0
split_feature=9 15 15 15 0
split_gain=45854.9 45736.2 15080.8 23620 22147.3
threshold=1.5000000000000002 280.27051462622904 30.494038598544851 182.16842377241576 0.083739414000000026
decision_type=10 2 2 2 2
left_child=1 2 -1 4 -4
right_child=-2 -3 3 -5 -6
leaf_value=0.14936834635755178 0.18818048139662091 -0.1962237785999067 -0.16780120971048296 0.13421233787578812 0.044680820028929008
leaf_weight=2021 3112 3002 2553 2112 2360
leaf_count=2021 3112 3002 2553 2112 2360
internal_value=0.0170801 -0.0271152 0.0290051 -0.00562182 -0.0657337
internal_weight=15160 12048 9046 7025 4913
internal_count=15160 12048 9046 7025 4913
is_linear=0
shrinkage=0.05


Tree=117
num_leaves=5
num_cat=0
split_feature=3 1 1 0
split_gain=37254.2 75784 88144.9 75450.1
threshold=0.16406211850000005 63.500000000000007 41.500000000000007 0.064667912000000008
decision_type=2 2 2 2
left_child=-1 2 -2 -4
right_child=1 -3 3 -5
leaf_value=0.16990476054143766 -0.20297401152648123 -0.24306745463954985 0.3754074873915656 0.021091453450085278
leaf_weight=3657 2356 2735 2413 3982
leaf_count=3657 2356 2735 2413 3982
internal_value=0.0309179 -0.0133338 0.0584662 0.154784
internal_weight=15143 11486 8751 6395
internal_count=15143 11486 8751 6395
is_linear=0
shrinkage=0.05


Tree=118
num_leaves=6
num_cat=0
split_feature=9 15 4 15 0
split_gain=41254.2 61422.5 27227.1 19987.1 11967.1
threshold=1.5000000000000002 306.78049422112161 6300.5000000000009 165.20693899098117 0.062237365500000009
decision_type=10 2 10 2 2
left_child=1 2 3 4 -1
right_child=-2 -3 -4 -5 -6
leaf_value=-0.075902582930490459 0.15570339308670569 -0.25935630641195456 -0.12927920612472227 0.19525950802735323 0.082705796862555928
leaf_weight=2265 3055 2714 2522 2013 2504
leaf_count=2265 3055 2714 2522 2013 2504
internal_value=-0.00836117 -0.0500667 0.0109836 0.0631426 0.00737596
internal_weight=15073 12018 9304 6782 4769
internal_count=15073 12018 9304 6782 4769
is_linear=0
shrinkage=0.05


Tree=119
num_leaves=5
num_cat=0
split_feature=15 3 14 15
split_gain=77077.4 31525.2 9615.59 20933.5
threshold=350.40611104265912 0.19730019750000002 0.010684573751964429 147.76173228180676
decision_type=2 2 2 2
left_child=1 -1 -3 -4
right_child=-2 2 3 -5
leaf_value=-0.17248458668453939 0.248163399651216 0.071702507740513399 0.044420471947613727 -0.15524168858632506
leaf_weight=3419 2777 3434 3300 2180
leaf_count=3419 2777 3434 3300 2180
internal_value=0.0101795 -0.0434069 0.00610131 -0.0350072
internal_weight=15110 12333 8914 5480
internal_count=15110 12333 8914 5480
is_linear=0
shrinkage=0.05


Tree=120
num_leaves=6
num_cat=0
split_feature=1 15 1 14 4
split_gain=46981.3 129297 17171.4 19588.6 3124.26
threshold=41.500000000000007 350.40611104265912 56.500000000000007 0.0097548961989040589 5416.5000000000009
decision_type=2 2 2 2 10
left_child=-1 2 4 -4 -2
right_child=1 -3 3 -5 -6
leaf_value=-0.16210578555417182 -0.060218168078691826 0.39370270257843815 -0.0478840362730776 0.14588508264494082 -0.14618276622668167
leaf_weight=3234 2151 2254 3156 2223 2078
leaf_count=3234 2151 2254 3156 2223 2078
internal_value=0.0068256 0.0528823 -0.0270729 0.0321957 -0.102459
internal_weight=15096 11862 9608 5379 4229
internal_count=15096 11862 9608 5379 4229
is_linear=0
shrinkage=0.05


Tree=121
num_leaves=6
num_cat=0
split_feature=3 0 3 3 14
split_gain=32286.2 75528.4 64595.6 63716.3 46067.6
threshold=0.3898229800000001 0.045232297000000012 0.21760914150000002 0.76068888800000012 0.0091480837449767032
decision_type=2 2 2 2 2
left_child=2 -2 4 -3 -1
right_child=1 3 -4 -5 -6
leaf_value=-0.21322415175450318 -0.31041925474888549 -0.15653309323632522 0.23038453357368419 0.21594764511774125 0.10006556286820972
leaf_weight=2285 2312 2178 3545 2428 2412
leaf_count=2285 2312 2178 3545 2428 2412
internal_value=0.00241139 -0.0772329 0.0692616 0.0398159 -0.0523438
internal_weight=15160 6918 8242 4606 4697
internal_count=15160 6918 8242 4606 4697
is_linear=0
shrinkage=0.05


Tree=122
num_leaves=5
num_cat=0
split_feature=4 14 0 3
split_gain=30777.1 40035.4 42280.5 36550
threshold=18011.500000000004 0.026258552990754341 0.04440873900000001 0.28442242700000003
decision_type=8 2 2 2
left_child=1 2 -1 -4
right_child=-2 -3 3 -5
leaf_value=0.069713537552351101 -0.15827710220644153 0.14886258546258868 -0.30403581493166704 -0.0079291154365784874
leaf_weight=3769 3489 3624 2162 2012
leaf_count=3769 3489 3624 2162 2012
internal_value=-0.0281137 0.0111481 -0.0516843 -0.161303
internal_weight=15056 11567 7943 4174
internal_count=15056 11567 7943 4174
is_linear=0
shrinkage=0.05


Tree=123
num_leaves=5
num_cat=0
split_feature=15 14 0 1
split_gain=63033.7 21347.3 12747.5 9913.81
threshold=283.12832816646591 0.032002048131080395 0.083739414000000026 56.500000000000007
decision_type=2 2 2 2
left_child=1 2 3 -1
right_child=-2 -3 -4 -5
leaf_value=-0.064610582131900102 -0.21591460306960239 -0.10333155636067853 0.13463035088238268 0.073767880360665658
leaf_weight=2435 3844 2715 3297 2763
leaf_count=2435 3844 2715 3297 2763
internal_value=-0.0411951 0.0187177 0.0577246 0.00894457
internal_weight=15054 11210 8495 5198
internal_count=15054 11210 8495 5198
is_linear=0
shrinkage=0.05


Tree=124
num_leaves=5
num_cat=0
split_feature=15 4 3 0
split_gain=75381.3 21155.5 20612.3 15870.8
threshold=404.11826689838409 12502.000000000002 0.18532046400000005 0.14203040300000003
decision_type=2 8 2 2
left_child=1 2 -1 -4
right_child=-2 -3 3 -5
leaf_value=-0.14624940522923019 -0.31815773656356672 0.10583026014575059 0.091512537785400236 -0.065594633267844316
leaf_weight=2985 2151 3532 3206 3224
leaf_count=2985 2151 3532 3206 3224
internal_value=-0.0440593 0.00147912 -0.0376678 0.0127391
internal_weight=15098 12947 9415 6430
internal_count=15098 12947 9415 6430
is_linear=0
shrinkage=0.05


Tree=125
num_leaves=6
num_cat=0
split_feature=4 15 15 14 4
split_gain=47973.1 60130.9 51751.2 10265.7 16258
threshold=11002.500000000002 316.36112339800542 200.3686472693511 0.023692233564441719 4659.5000000000009
decision_type=8 2 2 2 10
left_child=1 3 -2 4 -1
right_child=2 -3 -4 -5 -6
leaf_value=0.16149188676272697 0.025616114788593148 0.31050220267967216 -0.30961948770036057 -0.057202053547400815 -0.020373072990170306
leaf_weight=2161 2709 2157 2002 3143 2849
leaf_count=2161 2709 2157 2002 3143 2849
internal_value=0.0153415 0.0757428 -0.116847 0.0136336 0.0580721
internal_weight=15021 10310 4711 8153 5010
internal_count=15021 10310 4711 8153 5010
is_linear=0
shrinkage=0.05


Tree=126
num_leaves=6
num_cat=0
split_feature=7 15 15 5 15
split_gain=40386.4 68921.3 31671.2 21958 9977.98
threshold=1.5000000000000002 338.2394656351766 158.20769384683535 7.5000000000000009 147.76173228180676
decision_type=2 2 2 2 2
left_child=1 3 -2 4 -1
right_child=2 -3 -4 -5 -6
leaf_value=0.0094402788238667906 0.014919746731927376 0.32248553438102845 -0.26157808727904935 -0.09456227773255535 0.15191591299713372
leaf_weight=3177 2035 2004 2109 3729 2004
leaf_count=3177 2035 2004 2109 3729 2004
internal_value=0.00709012 0.0575471 -0.125798 -0.00204169 0.0645496
internal_weight=15058 10914 4144 8910 5181
internal_count=15058 10914 4144 8910 5181
is_linear=0
shrinkage=0.05


Tree=127
num_leaves=6
num_cat=0
split_feature=15 3 15 4 14
split_gain=87200.9 47454 39916.7 9738.89 7709.52
threshold=409.46245331306409 0.18859006750000004 219.2823325640791 4957.5000000000009 0.015708379919113283
decision_type=2 2 2 8 2
left_child=1 -1 3 -3 -5
right_child=-2 2 -4 4 -6
leaf_value=-0.14477337026222195 -0.33585615141734848 -0.073128366825020885 0.25098144391480187 -0.0033063356443706563 0.12356956976519687
leaf_weight=3494 2083 2274 2321 2736 2129
leaf_count=3494 2083 2274 2321 2736 2129
internal_value=-0.0355895 0.0126933 0.0708528 0.0122902 0.0522165
internal_weight=15037 12954 9460 7139 4865
internal_count=15037 12954 9460 7139 4865
is_linear=0
shrinkage=0.05


Tree=128
num_leaves=6
num_cat=0
split_feature=7 4 4 3 0
split_gain=73024 117591 58134.5 19586.1 34861.3
threshold=1.5000000000000002 6565.5000000000009 6604.0000000000009 0.28442242700000003 0.078051340000000011
decision_type=2 10 10 2 2
left_child=1 3 -2 -1 -5
right_child=2 -3 -4 4 -6
leaf_value=-0.10270489866461169 0.032363231705018251 0.37065932079244535 -0.34016172609850298 0.19888290812640599 -0.072095194765256596
leaf_weight=3356 2019 2701 2176 2235 2531
leaf_count=3356 2019 2701 2176 2235 2531
internal_value=0.0162241 0.0848659 -0.16087 -0.0101757 0.0549791
internal_weight=15018 10823 4195 8122 4766
internal_count=15018 10823 4195 8122 4766
is_linear=0
shrinkage=0.05


Tree=129
num_leaves=6
num_cat=0
split_feature=7 1 15 4 4
split_gain=58306.5 67893.5 47742.5 36196 23026.3
threshold=1.5000000000000002 52.500000000000007 338.2394656351766 4718.0000000000009 2466.0000000000005
decision_type=2 2 2 10 10
left_child=2 -2 3 4 -1
right_child=1 -3 -4 -5 -6
leaf_value=-0.011049004995122453 0.029955288589860532 -0.37424248006315841 0.26046528338667152 -0.13574320772703194 0.20113251304934893
leaf_weight=3274 2006 2155 2014 3449 2098
leaf_count=3274 2006 2155 2014 3449 2098
internal_value=-0.0202855 -0.17938 0.0408122 -0.00933871 0.0718171
internal_weight=14996 4161 10835 8821 5372
internal_count=14996 4161 10835 8821 5372
is_linear=0
shrinkage=0.05


Tree=130
num_leaves=5
num_cat=0
split_feature=3 7 4 5
split_gain=44527.1 58767.4 35797.8 61453.6
threshold=0.15475327600000002 1.0000000180025095e-35 8200.5000000000018 8.5000000000000018
decision_type=2 2 10 2
left_child=-1 -2 3 -3
right_child=1 2 -4 -5
leaf_value=0.15944412542387285 -0.26178295819156688 0.2230416463346282 -0.15512635387746465 -0.079634955479569947
leaf_weight=3437 2470 3363 2337 3345
leaf_count=3437 2470 3363 2337 3345
internal_value=0.00151053 -0.0456295 0.0133974 0.0721094
internal_weight=14952 11515 9045 6708
internal_count=14952 11515 9045 6708
is_linear=0
shrinkage=0.05


Tree=131
num_leaves=6
num_cat=0
split_feature=1 15 15 4 0
split_gain=40824.5 151432 89981.5 15596 7624.53
threshold=55.500000000000007 263.83066313477667 237.45072442864242 4997.5000000000009 0.063453909000000017
decision_type=2 2 2 10 2
left_child=2 3 4 -2 -1
right_child=1 -3 -4 -5 -6
leaf_value=-0.1266660596059617 0.1174879299167956 -0.46537436054266906 0.31009870277749879 -0.060952513968208583 -0.0044733208543314947
leaf_weight=2020 3041 2027 2548 2050 3469
leaf_count=2020 3041 2027 2548 2050 3469
internal_value=-0.0126848 -0.0998856 0.064545 0.0456351 -0.0494413
internal_weight=15155 7118 8037 5091 5489
internal_count=15155 7118 8037 5091 5489
is_linear=0
shrinkage=0.05


Tree=132
num_leaves=7
num_cat=0
split_feature=15 15 3 0 0 5
split_gain=97410 31472.9 22175.5 14777.5 9870.63 20095.3
threshold=419.61379436769442 272.7923814036215 0.11690437300000002 0.029976258500000002 0.30595714450000006 8.5000000000000018
decision_type=2 2 2 2 2 2
left_child=1 2 -1 -4 5 -5
right_child=-2 -3 3 4 -6 -7
leaf_value=0.14915159312065582 0.34251175718609833 -0.21297191871441276 -0.14006464738331703 -0.059975847437517694 -0.072367830969023633 0.16094532461029304
leaf_weight=2063 2003 2028 2360 2008 2519 2112
leaf_count=2063 2003 2028 2360 2008 2519 2112
internal_value=0.0177885 -0.0318999 0.00129612 -0.0325994 0.00560182 0.0532731
internal_weight=15093 13090 11062 8999 6639 4120
internal_count=15093 13090 11062 8999 6639 4120
is_linear=0
shrinkage=0.05


Tree=133
num_leaves=6
num_cat=0
split_feature=15 15 14 0 1
split_gain=93767.1 60812.2 14195.4 23176.3 13451.6
threshold=419.61379436769442 272.7923814036215 0.032002048131080395 0.08532323750000001 59.500000000000007
decision_type=2 2 2 2 2
left_child=1 2 3 4 -1
right_child=-2 -3 -4 -5 -6
leaf_value=-0.083076573346678048 0.3427610336271365 -0.27461123455340031 -0.076054125940107506 0.16190679370854641 0.078071901827478363
leaf_weight=2803 2050 2001 2651 3226 2407
leaf_count=2803 2050 2001 2651 3226 2407
internal_value=0.0283334 -0.0209161 0.0248712 0.0565869 -0.0086266
internal_weight=15138 13088 11087 8436 5210
internal_count=15138 13088 11087 8436 5210
is_linear=0
shrinkage=0.05


Tree=134
num_leaves=6
num_cat=0
split_feature=4 5 7 4 9
split_gain=76834.7 45950 60894 43859.6 29845.3
threshold=6666.5000000000009 7.5000000000000009 1.0000000180025095e-35 5600.5000000000009 1.0000000180025095e-35
decision_type=10 2 2 8 10
left_child=1 2 -1 -3 -2
right_child=4 3 -4 -5 -6
leaf_value=-0.11373873152989698 0.31336321416750829 -0.31684097884921586 0.21822947043182284 -0.0082695772365103792 0.062305142112272741
leaf_weight=3149 2202 2605 2461 2064 2560
leaf_count=3149 2202 2605 2461 2064 2560
internal_value=0.0123654 -0.0645529 0.0318894 -0.180432 0.178397
internal_weight=15041 10279 5610 4669 4762
internal_count=15041 10279 5610 4669 4762
is_linear=0
shrinkage=0.05


Tree=135
num_leaves=6
num_cat=0
split_feature=5 1 15 15 1
split_gain=53057.2 53401.1 85520 19982.6 14916.3
threshold=11.500000000000002 49.500000000000007 177.79618684417935 227.97584771308934 61.500000000000007
decision_type=2 2 2 2 2
left_child=1 2 -1 4 -3
right_child=-2 3 -4 -5 -6
leaf_value=-0.0090336586511882734 -0.18218362989507764 -0.086802932254498644 0.41618622087880869 -0.16585841843819066 0.097050799158032386
leaf_weight=2836 3422 2015 2028 2370 2438
leaf_count=2836 3422 2015 2028 2370 2438
internal_value=-0.00902831 0.0416723 0.168258 -0.0485684 0.0138563
internal_weight=15109 11687 4864 6823 4453
internal_count=15109 11687 4864 6823 4453
is_linear=0
shrinkage=0.05


Tree=136
num_leaves=5
num_cat=0
split_feature=3 1 4 15
split_gain=60943.9 60199.1 71476 91915
threshold=0.12408228700000001 63.500000000000007 5351.5000000000009 219.2823325640791
decision_type=2 2 8 2
left_child=-1 2 -2 -4
right_child=1 -3 3 -5
leaf_value=0.22258353052816734 -0.16642019659701396 -0.23191773145112374 -0.023468154236438568 0.37243228181116356
leaf_weight=2921 3091 2870 3836 2373
leaf_count=2921 3091 2870 3836 2373
internal_value=0.0174883 -0.0317379 0.030038 0.12784
internal_weight=15091 12170 9300 6209
internal_count=15091 12170 9300 6209
is_linear=0
shrinkage=0.05


Tree=137
num_leaves=6
num_cat=0
split_feature=15 4 15 15 0
split_gain=44675.6 32287.1 25653.9 9444.11 6930.42
threshold=409.46245331306409 10402.000000000002 138.08777733978482 144.32719992476558 0.07378095250000001
decision_type=2 8 2 2 2
left_child=1 2 4 -3 -1
right_child=-2 3 -4 -5 -6
leaf_value=-0.032300251969478992 -0.23405450302296887 0.055700337340797136 -0.1366223080623091 0.20528486197499718 0.089172559676676699
leaf_weight=2079 2114 2208 3892 2021 2698
leaf_count=2079 2114 2208 3892 2021 2698
internal_value=-0.0209981 0.0139222 -0.041331 0.127185 0.0363063
internal_weight=15012 12898 8669 4229 4777
internal_count=15012 12898 8669 4229 4777
is_linear=0
shrinkage=0.05


Tree=138
num_leaves=5
num_cat=0
split_feature=14 15 15 4
split_gain=56703.5 79644.6 60290.9 14274.2
threshold=0.019418389610717211 198.68821694266953 237.45072442864242 9001.0000000000018
decision_type=2 2 2 8
left_child=2 -2 3 -1
right_child=1 -3 -4 -5
leaf_value=-0.078638122959397594 0.023602257392880938 -0.34704907374803529 0.26373041851057516 0.078050126321865226
leaf_weight=3407 3821 2335 2982 2535
leaf_count=3407 3821 2335 2982 2535
internal_value=-0.000251609 -0.116988 0.0802758 -0.0117912
internal_weight=15080 6156 8924 5942
internal_count=15080 6156 8924 5942
is_linear=0
shrinkage=0.05


Tree=139
num_leaves=5
num_cat=0
split_feature=15 5 15 15
split_gain=46807.5 22169.3 61584.3 42394
threshold=383.97629010649831 7.5000000000000009 160.79729182240382 156.69683954208318
decision_type=2 2 2 2
left_child=1 2 -1 -3
right_child=-2 3 -4 -5
leaf_value=-0.035005108684581857 -0.22360636540091472 0.060810409425935477 0.2912213950762586 -0.19898398390663716
leaf_weight=3885 2363 3827 2305 2663
leaf_count=3885 2363 3827 2305 2663
internal_value=-0.019297 0.0187774 0.0864734 -0.0457894
internal_weight=15043 12680 6190 6490
internal_count=15043 12680 6190 6490
is_linear=0
shrinkage=0.05


Tree=140
num_leaves=6
num_cat=0
split_feature=15 3 3 3 1
split_gain=82170.7 47521.3 21533.1 16474.9 13306.2
threshold=425.92357000260824 0.20560757350000003 0.60262967450000016 404.00000000000006 47.500000000000007
decision_type=2 2 2 2 2
left_child=1 -1 4 -4 -3
right_child=-2 2 3 -5 -6
leaf_value=-0.16945828233117377 0.3216488698495214 0.20840306019942678 -0.14400016139988675 0.055133835676662891 0.04378240237102321
leaf_weight=3846 2010 2002 2097 2058 3173
leaf_count=3846 2010 2002 2097 2058 3173
internal_value=0.0238654 -0.0215615 0.0394042 -0.0453677 0.107468
internal_weight=15186 13176 9330 4155 5175
internal_count=15186 13176 9330 4155 5175
is_linear=0
shrinkage=0.05


Tree=141
num_leaves=6
num_cat=0
split_feature=14 14 0 14 14
split_gain=45208.6 79990.8 73465.8 72907.6 25162.4
threshold=0.0052121865332933415 0.014272216359486589 0.035167927500000008 0.02412407935488747 0.044681210653071006
decision_type=2 2 2 2 2
left_child=-1 2 -2 -3 -5
right_child=1 3 -4 4 -6
leaf_value=0.18541259525856024 0.0057391155576536354 0.30204729775527006 -0.36398438303698066 0.05228320035426659 -0.17227271448078638
leaf_weight=2449 2478 2168 2935 2904 2187
leaf_count=2449 2478 2168 2935 2904 2187
internal_value=-0.0112485 -0.0492554 -0.19473 0.0592242 -0.0441819
internal_weight=15121 12672 5413 7259 5091
internal_count=15121 12672 5413 7259 5091
is_linear=0
shrinkage=0.05


Tree=142
num_leaves=5
num_cat=0
split_feature=14 14 4 15
split_gain=45852.8 72410.9 52397.2 31760.7
threshold=0.0098979294367737818 0.019418389610717211 9166.5000000000018 185.08651479539785
decision_type=2 2 8 2
left_child=2 -2 -1 -3
right_child=1 3 -4 -5
leaf_value=0.038581059150640445 0.26196356398432291 0.059403938910311871 -0.26128571862233441 -0.17153809338270332
leaf_weight=2840 3076 3638 2991 2520
leaf_count=2840 3076 3638 2991 2520
internal_value=-0.00546299 0.0638548 -0.115235 -0.035103
internal_weight=15065 9234 5831 6158
internal_count=15065 9234 5831 6158
is_linear=0
shrinkage=0.05


Tree=143
num_leaves=6
num_cat=0
split_feature=4 15 7 15 15
split_gain=26287 80585.6 44327.1 25765.5 17275.6
threshold=6666.5000000000009 310.26879651205735 1.5000000000000002 167.79371583570341 51.507749785668885
decision_type=10 2 2 2 2
left_child=1 3 -2 4 -1
right_child=2 -3 -4 -5 -6
leaf_value=0.099488677513235479 0.25638174329144431 -0.30551606918784924 -0.050800268507226402 0.18467965132230951 -0.076854263023185265
leaf_weight=2248 2647 2016 2111 2409 3634
leaf_count=2248 2647 2016 2111 2409 3634
internal_value=0.0228834 -0.0219914 0.120093 0.0469492 -0.009459
internal_weight=15065 10307 4758 8291 5882
internal_count=15065 10307 4758 8291 5882
is_linear=0
shrinkage=0.05


Tree=144
num_leaves=6
num_cat=0
split_feature=15 15 5 0 14
split_gain=74536.8 22993.8 56516.3 18171.2 7917.8
threshold=419.61379436769442 138.08777733978482 7.5000000000000009 0.053448872000000001 0.024944268232627843
decision_type=2 2 2 2 2
left_child=1 3 -3 -1 -5
right_child=-2 2 -4 4 -6
leaf_value=-0.06237747893987259 0.30149094860672349 0.063967857403644621 -0.24136960973343627 0.172861235360529 0.035070521952022975
leaf_weight=2757 2019 2892 3184 2058 2113
leaf_count=2757 2019 2892 3184 2058 2113
internal_value=0.0188419 -0.0250421 -0.0960378 0.0372225 0.103057
internal_weight=15023 13004 6076 6928 4171
internal_count=15023 13004 6076 6928 4171
is_linear=0
shrinkage=0.05


Tree=145
num_leaves=6
num_cat=0
split_feature=3 15 15 0 15
split_gain=31305.5 56953.8 28102.2 24049.6 12079.7
threshold=0.3898229800000001 257.45869476310025 233.29302262104292 0.076561248000000012 111.92625166346805
decision_type=2 2 2 2 2
left_child=1 4 3 -2 -1
right_child=2 -3 -4 -5 -6
leaf_value=0.058907696521509269 -0.12810750198922591 0.27195022914840694 -0.21992457128384865 0.096220766977621677 -0.087883369622596061
leaf_weight=2889 2112 2569 2104 2751 2722
leaf_count=2889 2112 2569 2104 2751 2722
internal_value=0.0106308 0.0769689 -0.0672572 -0.00120496 -0.0123034
internal_weight=15147 8180 6967 4863 5611
internal_count=15147 8180 6967 4863 5611
is_linear=0
shrinkage=0.05


Tree=146
num_leaves=6
num_cat=0
split_feature=5 15 4 15 3
split_gain=38432.9 79709.1 71002.3 46200.2 2945.06
threshold=6.5000000000000009 316.36112339800542 8804.0000000000018 146.63093194419531 0.41784532150000003
decision_type=2 2 8 2 2
left_child=2 3 -1 4 -2
right_child=1 -3 -4 -5 -6
leaf_value=0.019274381243947064 0.029622489792949798 0.32266909027055679 -0.33889459509723285 -0.18963107160964693 0.1120873478767872
leaf_weight=3630 2184 2035 2236 2817 2147
leaf_count=3630 2184 2035 2236 2817 2147
internal_value=-0.0172779 0.0465848 -0.117252 -0.0320151 0.0705027
internal_weight=15049 9183 5866 7148 4331
internal_count=15049 9183 5866 7148 4331
is_linear=0
shrinkage=0.05


Tree=147
num_leaves=6
num_cat=0
split_feature=1 15 4 1 4
split_gain=50865.4 110673 49174.5 29874.1 18861.9
threshold=48.500000000000007 313.49485201010521 5416.5000000000009 59.500000000000007 7801.5000000000009
decision_type=2 2 10 2 8
left_child=2 3 -1 -2 -5
right_child=1 -3 -4 4 -6
leaf_value=-0.014545849789127777 -0.10835835772284481 -0.39391892297428921 0.29007364307488437 0.19610740677707802 -0.011521399580117452
leaf_weight=3220 3058 2175 2251 2253 2126
leaf_count=3220 3058 2175 2251 2253 2126
internal_value=-0.0109182 -0.0801912 0.110787 0.0115605 0.0953038
internal_weight=15083 9612 5471 7437 4379
internal_count=15083 9612 5471 7437 4379
is_linear=0
shrinkage=0.05


Tree=148
num_leaves=6
num_cat=0
split_feature=15 3 15 15 5
split_gain=38249.3 23121.2 42860.5 12654.5 9652.2
threshold=404.11826689838409 0.20560757350000003 219.2823325640791 136.96985705927355 8.5000000000000018
decision_type=2 2 2 2 2
left_child=1 -1 3 4 -3
right_child=-2 2 -4 -5 -6
leaf_value=-0.096069048611709645 -0.21989174753233082 -0.03343422496339938 0.24304561835342528 -0.11532301338843887 0.1066366856926072
leaf_weight=3776 2146 2584 2205 2021 2347
leaf_count=3776 2146 2584 2205 2021 2347
internal_value=-0.0243991 0.00803938 0.0509698 -0.00995189 0.0332351
internal_weight=15079 12933 9157 6952 4931
internal_count=15079 12933 9157 6952 4931
is_linear=0
shrinkage=0.05


Tree=149
num_leaves=6
num_cat=0
split_feature=5 4 1 4 14
split_gain=49405.4 68491.8 60202.9 80149.9 47780.2
threshold=5.5000000000000009 6100.5000000000009 66.500000000000014 5416.5000000000009 0.013226920192239202
decision_type=2 8 2 8 2
left_child=1 -1 3 -2 -5
right_child=2 -3 -4 4 -6
leaf_value=0.063066129068205176 -0.21374315264282592 -0.33460768924236667 0.30986144372437985 -0.036137648922254094 0.24798823613009194
leaf_weight=2159 2799 2172 2017 2859 3067
leaf_count=2159 2799 2172 2017 2859 3067
internal_value=0.00619503 -0.136368 0.063674 0.00676164 0.110912
internal_weight=15073 4331 10742 8725 5926
internal_count=15073 4331 10742 8725 5926
is_linear=0
shrinkage=0.05


Tree=150
num_leaves=5
num_cat=0
split_feature=15 4 3 3
split_gain=39878.1 20889.6 18594.9 9370.45
threshold=409.46245331306409 14582.500000000002 0.20285513400000002 0.38668887800000007
decision_type=2 8 2 2
left_child=1 2 -1 -4
right_child=-2 -3 3 -5
leaf_value=-0.12921140201713105 -0.23244251502371199 0.11188287084197263 0.080417350045844355 -0.041345300613294042
leaf_weight=3376 2102 3258 2989 3352
leaf_count=3376 2102 3258 2989 3352
internal_value=-0.0304118 0.0023179 -0.034418 0.0160508
internal_weight=15077 12975 9717 6341
internal_count=15077 12975 9717 6341
is_linear=0
shrinkage=0.05


Tree=151
num_leaves=6
num_cat=0
split_feature=14 15 15 4 15
split_gain=28405.6 108172 45033 20429.4 12197.5
threshold=0.012070312758673211 280.27051462622904 263.83066313477667 4659.5000000000009 136.96985705927355
decision_type=2 2 2 10 2
left_child=1 3 4 -1 -2
right_child=2 -3 -4 -5 -6
leaf_value=0.12127593275181565 0.034554600947245259 -0.40001974765472115 0.25442101177780269 -0.073104201467631247 -0.11971395337503286
leaf_weight=2883 3516 2000 2015 2545 2016
leaf_count=2883 3516 2000 2015 2545 2016
internal_value=-0.0162699 -0.0856827 0.0520484 0.0301379 -0.0216647
internal_weight=14975 7428 7547 5428 5532
internal_count=14975 7428 7547 5428 5532
is_linear=0
shrinkage=0.05


Tree=152
num_leaves=5
num_cat=0
split_feature=0 0 9 4
split_gain=42302.2 48313.4 57713.7 69274.4
threshold=0.48245778750000007 0.16660469000000003 1.0000000180025095e-35 6666.5000000000009
decision_type=2 2 8 8
left_child=1 2 3 -1
right_child=-2 -3 -4 -5
leaf_value=-0.12146859371347458 -0.21251997387280783 0.18298869726459338 -0.20022318159582572 0.21823236310122401
leaf_weight=2869 2293 3377 3453 3147
leaf_count=2869 2293 3377 3453 3147
internal_value=-0.0146933 0.0206186 -0.0372887 0.0562307
internal_weight=15139 12846 9469 6016
internal_count=15139 12846 9469 6016
is_linear=0
shrinkage=0.05


Tree=153
num_leaves=6
num_cat=0
split_feature=1 15 15 0 14
split_gain=50399.3 114070 104992 20791.5 11496.2
threshold=55.500000000000007 263.83066313477667 237.45072442864242 0.067121660000000014 0.0094216215310261014
decision_type=2 2 2 2 2
left_child=2 4 3 -1 -2
right_child=1 -3 -4 -5 -6
leaf_value=-0.1576977170800844 -0.030278388518669347 -0.40719255558493295 0.35739427678539992 0.043312533902143277 0.12212651677595908
leaf_weight=2051 2853 2042 2533 3451 2185
leaf_count=2051 2853 2042 2533 3451 2185
internal_value=0.00531183 -0.0919527 0.091016 -0.0316188 0.0358202
internal_weight=15115 7080 8035 5502 5038
internal_count=15115 7080 8035 5502 5038
is_linear=0
shrinkage=0.05


Tree=154
num_leaves=6
num_cat=0
split_feature=0 15 15 3 1
split_gain=33698.9 79168.9 63047.1 10159.6 8960.22
threshold=0.072709426000000008 233.29302262104292 224.33787257743185 0.41478168500000007 59.500000000000007
decision_type=2 2 2 2 2
left_child=2 3 4 -2 -1
right_child=1 -3 -4 -5 -6
leaf_value=-0.10455778681743887 -0.038690262390372959 -0.30844832732612132 0.27503994135601467 0.097667691338525986 0.037030538110114808
leaf_weight=2487 2833 2591 2427 2638 2029
leaf_count=2487 2833 2591 2427 2638 2029
internal_value=-0.0112316 -0.080768 0.069512 0.0270586 -0.0409434
internal_weight=15005 8062 6943 5471 4516
internal_count=15005 8062 6943 5471 4516
is_linear=0
shrinkage=0.05


Tree=155
num_leaves=6
num_cat=0
split_feature=0 15 15 14 4
split_gain=45631.5 119470 65514.5 9952.13 19483.9
threshold=0.040548584500000005 210.68586855535054 280.27051462622904 0.030175706505056424 4200.5000000000009
decision_type=2 2 2 2 10
left_child=1 -1 3 4 -2
right_child=2 -3 -4 -5 -6
leaf_value=-0.02950394462374354 0.2083389487414678 0.45850545685024341 -0.24487426664813028 -0.025392357647342812 -0.00053218885871874786
leaf_weight=3324 2067 2014 2553 2739 2428
leaf_count=3324 2067 2014 2553 2739 2428
internal_value=0.0370241 0.154619 -0.0271145 0.0497366 0.095516
internal_weight=15125 5338 9787 7234 4495
internal_count=15125 5338 9787 7234 4495
is_linear=0
shrinkage=0.05


Tree=156
num_leaves=6
num_cat=0
split_feature=5 14 15 15 15
split_gain=32413.2 51239.7 69761 28307.7 6026.31
threshold=11.500000000000002 0.038414166067966431 294.50933474068285 153.90141356107236 62.116080359750164
decision_type=2 2 2 2 2
left_child=1 2 3 4 -1
right_child=-2 -3 -4 -5 -6
leaf_value=0.048730451768936402 -0.14252894745942302 0.25235792627569359 -0.25822894666726387 0.19563332444410586 -0.064535799825789095
leaf_weight=2154 3438 2154 2289 2475 2582
leaf_count=2154 3438 2154 2289 2475 2582
internal_value=-0.00761961 0.0321795 -0.0177431 0.0585947 -0.0130207
internal_weight=15092 11654 9500 7211 4736
internal_count=15092 11654 9500 7211 4736
is_linear=0
shrinkage=0.05


Tree=157
num_leaves=5
num_cat=0
split_feature=5 14 4 4
split_gain=59979.2 47362.2 34787.8 64100.3
threshold=4.5000000000000009 0.0091026660247007594 5102.0000000000009 6901.0000000000009
decision_type=2 2 8 10
left_child=-1 -2 -3 -4
right_child=1 2 3 -5
leaf_value=-0.19444451427381559 0.20340575306439065 -0.14377723021235014 0.2448068954875503 -0.10563810368386164
leaf_weight=3004 3727 3099 2582 2638
leaf_count=3004 3727 3099 2582 2638
internal_value=0.0054375 0.0552836 -0.0110768 0.0677046
internal_weight=15050 12046 8319 5220
internal_count=15050 12046 8319 5220
is_linear=0
shrinkage=0.05


Tree=158
num_leaves=5
num_cat=0
split_feature=5 14 0 15
split_gain=38034.1 50297 65779.1 137884
threshold=11.500000000000002 0.026258552990754341 0.029274329500000005 202.05606833267842
decision_type=2 2 2 2
left_child=1 2 -1 -4
right_child=-2 -3 3 -5
leaf_value=0.15049635605343067 -0.14293977503130659 0.21811414565160972 0.081118025787762657 -0.45111056178369946
leaf_weight=3512 3414 3135 3054 2023
leaf_count=3512 3414 3135 3054 2023
internal_value=0.00392869 0.0466964 -0.0158713 -0.130956
internal_weight=15138 11724 8589 5077
internal_count=15138 11724 8589 5077
is_linear=0
shrinkage=0.05


Tree=159
num_leaves=5
num_cat=0
split_feature=15 14 15 15
split_gain=37982 28203.5 69806.1 22843.6
threshold=383.97629010649831 0.011631852661456764 176.34473169695914 145.68026571738184
decision_type=2 2 2 2
left_child=1 2 -1 -3
right_child=-2 3 -4 -5
leaf_value=-0.027276731982637432 -0.19829452792877345 0.029538658296943396 0.32583551154268958 -0.15814558627069258
leaf_weight=3897 2319 3853 2184 2799
leaf_count=3897 2319 3853 2184 2799
internal_value=-0.0121814 0.0217145 0.099544 -0.0494343
internal_weight=15052 12733 6081 6652
internal_count=15052 12733 6081 6652
is_linear=0
shrinkage=0.05


Tree=160
num_leaves=5
num_cat=0
split_feature=0 4 0 0
split_gain=44315.3 35603 51213.2 83656.9
threshold=0.0088560855000000011 4694.5000000000009 0.16325225250000003 0.041238561000000014
decision_type=2 8 2 2
left_child=-1 -2 3 -3
right_child=1 2 -4 -5
leaf_value=-0.1976588671241557 0.16249296128172028 0.11653229321944066 0.11356447341436438 -0.30332683060279547
leaf_weight=2528 3679 2019 3849 2877
leaf_count=2528 3679 2019 3849 2877
internal_value=-0.00683206 0.0319968 -0.0229026 -0.130186
internal_weight=14952 12424 8745 4896
internal_count=14952 12424 8745 4896
is_linear=0
shrinkage=0.05


Tree=161
num_leaves=5
num_cat=0
split_feature=3 1 15 3
split_gain=46341.4 60964.3 65493.7 16665.6
threshold=0.13997532550000003 63.500000000000007 219.2823325640791 0.41067191100000006
decision_type=2 2 2 2
left_child=-1 2 3 -2
right_child=1 -3 -4 -5
leaf_value=0.20666302420011606 -0.13821228465138069 -0.2126471771544261 0.23723567366509268 0.031054197586152604
leaf_weight=3192 2613 2784 3191 3279
leaf_count=3192 2613 2784 3191 3279
internal_value=0.0375427 -0.00794748 0.0547943 -0.0440126
internal_weight=15059 11867 9083 5892
internal_count=15059 11867 9083 5892
is_linear=0
shrinkage=0.05


Tree=162
num_leaves=6
num_cat=0
split_feature=1 15 1 0 3
split_gain=46100 102755 23301.2 20790.7 11841.5
threshold=41.500000000000007 363.19039803799734 56.500000000000007 0.029976258500000002 0.36050647250000006
decision_type=2 2 2 2 2
left_child=-1 2 4 -4 -2
right_child=1 -3 3 -5 -6
leaf_value=-0.15426247486933309 -0.181709920412435 0.37640106834699127 -0.067811894140048123 0.13337951526818617 -0.015068828320397515
leaf_weight=3136 2045 2125 2014 3543 2227
leaf_count=3136 2045 2125 2014 3543 2227
internal_value=0.0163632 0.061125 -0.00703679 0.0604626 -0.0948397
internal_weight=15090 11954 9829 5557 4272
internal_count=15090 11954 9829 5557 4272
is_linear=0
shrinkage=0.05


Tree=163
num_leaves=5
num_cat=0
split_feature=0 4 4 7
split_gain=31016.2 46079.8 35988.7 29939.3
threshold=0.0046648860000000009 18011.500000000004 7117.5000000000009 1.0000000180025095e-35
decision_type=2 8 10 2
left_child=-1 2 3 -2
right_child=1 -3 -4 -5
leaf_value=0.18177445440526468 -0.17260991633509448 -0.20333155360525215 0.15219695372656761 0.043047757410757781
leaf_weight=2026 2748 2924 3482 3884
leaf_count=2026 2748 2924 3482 3884
internal_value=-0.000229102 -0.028511 0.0220304 -0.046311
internal_weight=15064 13038 10114 6632
internal_count=15064 13038 10114 6632
is_linear=0
shrinkage=0.05


Tree=164
num_leaves=6
num_cat=0
split_feature=3 4 14 4 0
split_gain=31785.1 75521.3 50591.5 50343.1 12847.4
threshold=0.24996712350000003 6565.5000000000009 0.012070312758673211 3600.5000000000005 0.035167927500000008
decision_type=2 10 2 10 2
left_child=1 -1 4 -4 -2
right_child=2 -3 3 -5 -6
leaf_value=-0.068444612205174449 -0.10331074271213916 0.30920123881839978 0.21157967910378908 -0.092016544599036465 -0.27970945645741668
leaf_weight=3153 2018 2282 2378 3207 2113
leaf_count=3153 2018 2282 2378 3207 2113
internal_value=-0.00671087 0.090118 -0.0608756 0.0372497 -0.193538
internal_weight=15151 5435 9716 5585 4131
internal_count=15151 5435 9716 5585 4131
is_linear=0
shrinkage=0.05


Tree=165
num_leaves=6
num_cat=0
split_feature=5 15 1 1 15
split_gain=37320.9 45991.4 21333.7 19113.1 9308.46
threshold=11.500000000000002 358.76154051922686 66.500000000000014 40.500000000000007 149.08523252516849
decision_type=2 2 2 2 2
left_child=1 2 3 -1 -5
right_child=-2 -3 -4 4 -6
leaf_value=0.1003675856593924 -0.12823032576151369 0.27565280518898688 0.15662430153037069 -0.01991996999456121 -0.15271403584855148
leaf_weight=2162 3459 2021 2045 3156 2268
leaf_count=2162 3459 2021 2045 3156 2268
internal_value=0.0159893 0.0588022 0.0132975 -0.0253399 -0.0754467
internal_weight=15111 11652 9631 7586 5424
internal_count=15111 11652 9631 7586 5424
is_linear=0
shrinkage=0.05


Tree=166
num_leaves=6
num_cat=0
split_feature=4 1 1 1 3
split_gain=31113.8 38591 47630.6 41068.9 13557.3
threshold=17512.000000000004 49.500000000000007 41.500000000000007 66.500000000000014 0.28721533600000004
decision_type=8 2 2 2 2
left_child=1 2 -1 4 -3
right_child=-2 3 -4 -5 -6
leaf_value=-0.0079309420128828474 -0.1456157653564632 -0.23038628308137224 0.30647163149055467 0.13009168871289609 -0.057146516608638565
leaf_weight=2738 3539 2145 2151 2060 2385
leaf_count=2738 3539 2145 2151 2060 2385
internal_value=-0.0160016 0.0239587 0.130396 -0.0550052 -0.139177
internal_weight=15018 11479 4889 6590 4530
internal_count=15018 11479 4889 6590 4530
is_linear=0
shrinkage=0.05


Tree=167
num_leaves=6
num_cat=0
split_feature=0 3 0 0 0
split_gain=14529.2 42258.4 56839.4 80521.7 39001.6
threshold=0.48245778750000007 0.14775225150000001 0.070103120500000018 0.16660469000000003 0.025310977500000005
decision_type=2 2 2 2 2
left_child=1 -1 4 -4 -3
right_child=-2 2 3 -5 -6
leaf_value=0.17451964173838497 -0.12772608464781565 -0.038713820608669409 -0.40241128622314082 0.0087301543842949175 0.2487776954332715
leaf_weight=2950 2307 2866 2032 2877 2005
leaf_count=2950 2307 2866 2032 2877 2005
internal_value=-0.0122743 0.00864849 -0.0413842 -0.161455 0.0796234
internal_weight=15037 12730 9780 4909 4871
internal_count=15037 12730 9780 4909 4871
is_linear=0
shrinkage=0.05


Tree=168
num_leaves=6
num_cat=0
split_feature=1 1 14 0 1
split_gain=26052.7 46639.3 37866.1 86068.6 38718.3
threshold=41.500000000000007 48.500000000000007 0.029531045323552531 0.11897878600000002 67.500000000000014
decision_type=2 2 2 2 2
left_child=-1 -2 3 4 -3
right_child=1 2 -4 -5 -6
leaf_value=-0.11382021282442256 0.24900276088510048 -0.15600886705354319 -0.19476416437129696 0.3211237674007491 0.11911921832732351
leaf_weight=3187 2307 3470 2003 2109 2025
leaf_count=3187 2307 3470 2003 2109 2025
internal_value=0.0131586 0.0471254 -0.00135286 0.0495944 -0.0546195
internal_weight=15101 11914 9607 7604 5495
internal_count=15101 11914 9607 7604 5495
is_linear=0
shrinkage=0.05


Tree=169
num_leaves=6
num_cat=0
split_feature=4 7 15 15 3
split_gain=40326 43518.8 57415.4 24055.5 10571.5
threshold=9166.5000000000018 1.0000000180025095e-35 231.84935814166798 138.08777733978482 0.42990029550000003
decision_type=10 2 2 2 2
left_child=1 3 4 -1 -3
right_child=-2 2 -4 -5 -6
leaf_value=0.015009422450193339 -0.19574328330570773 -0.089191993180375281 0.29105276818509335 -0.20644692362667405 0.05731475180808672
leaf_weight=2450 2604 2037 2509 2455 3113
leaf_count=2450 2604 2037 2509 2455 3113
internal_value=-0.0166654 0.02045 0.0949195 -0.0958316 -0.000633644
internal_weight=15168 12564 7659 4905 5150
internal_count=15168 12564 7659 4905 5150
is_linear=0
shrinkage=0.05


Tree=170
num_leaves=6
num_cat=0
split_feature=3 15 0 0 0
split_gain=72256.4 75608.2 43325.6 10255.9 17868.8
threshold=0.24996712350000003 283.12832816646591 0.04440873900000001 0.035926426500000004 0.27104588050000006
decision_type=2 2 2 2 2
left_child=2 3 -1 -2 -5
right_child=1 -3 -4 4 -6
leaf_value=0.28652165730940776 -0.11173749983504765 -0.34232844934402562 0.0021455230720460196 0.10194896464518782 -0.084219525275033222
leaf_weight=2458 2054 2367 2943 2932 2300
leaf_count=2458 2054 2367 2943 2932 2300
internal_value=-0.0148802 -0.0968187 0.131565 -0.01706 0.0201088
internal_weight=15054 9653 5401 7286 5232
internal_count=15054 9653 5401 7286 5232
is_linear=0
shrinkage=0.05


Tree=171
num_leaves=6
num_cat=0
split_feature=0 3 4 7 15
split_gain=31804.2 41115.1 38166.7 45856.1 107181
threshold=0.51539376250000013 0.14775225150000001 5000.5000000000009 1.5000000000000002 163.70562771812314
decision_type=2 2 8 2 2
left_child=1 -1 -3 4 -4
right_child=-2 2 3 -5 -6
leaf_value=0.20046932388864477 -0.17091685719605559 -0.16002590945409473 -0.094303622431615483 -0.10189051559186731 0.41475963894637513
leaf_weight=2989 2124 3001 2075 2828 2061
leaf_count=2989 2124 3001 2075 2828 2061
internal_value=0.00841828 0.0378229 -0.0109628 0.053273 0.159366
internal_weight=15078 12954 9965 6964 4136
internal_count=15078 12954 9965 6964 4136
is_linear=0
shrinkage=0.05


Tree=172
num_leaves=6
num_cat=0
split_feature=3 1 3 3 3
split_gain=37821.6 42186.1 50346.6 35224.3 18776.9
threshold=0.24996712350000003 63.500000000000007 1.0037132245000002 0.062719822000000022 0.3898229800000001
decision_type=2 2 2 2 2
left_child=3 2 4 -1 -2
right_child=1 -3 -4 -5 -6
leaf_value=-0.032601423181282979 0.04076479093590088 -0.21798622159533601 0.2142717061980054 0.2313114013727543 -0.15299672665175754
leaf_weight=2016 2317 2322 2406 3391 2716
leaf_count=2016 2317 2322 2406 3391 2716
internal_value=0.0268288 -0.0319346 0.0261394 0.132912 -0.0637964
internal_weight=15168 9761 7439 5407 5033
internal_count=15168 9761 7439 5407 5033
is_linear=0
shrinkage=0.05


Tree=173
num_leaves=6
num_cat=0
split_feature=5 0 14 0 0
split_gain=24216.3 43401.2 39727.2 36228.8 33795.7
threshold=10.500000000000002 0.060249866000000006 0.0068735729270814738 0.19852937350000002 0.097127906000000014
decision_type=2 2 2 2 2
left_child=1 2 -1 -3 -2
right_child=4 3 -4 -5 -6
leaf_value=0.0023906827154908552 0.24756574873655121 0.20353996952026643 -0.28540742817811643 -0.047794926751803225 -0.034023555398197625
leaf_weight=2265 2069 2372 2548 3625 2197
leaf_count=2265 2069 2372 2548 3625 2197
internal_value=0.00167158 -0.0381372 -0.14997 0.0516158 0.102547
internal_weight=15076 10810 4813 5997 4266
internal_count=15076 10810 4813 5997 4266
is_linear=0
shrinkage=0.05


Tree=174
num_leaves=6
num_cat=0
split_feature=14 15 15 3 5
split_gain=32987.9 107382 32696.3 16358.7 6111.81
threshold=0.014272216359486589 291.15260470977756 235.35923537366853 0.19730019750000002 8.5000000000000018
decision_type=2 2 2 2 2
left_child=1 3 4 -1 -2
right_child=2 -3 -4 -5 -6
leaf_value=-0.064277419529286978 -0.037575298157335825 -0.37391153850214309 0.24740794750981865 0.1112826653155352 0.073522992833681619
leaf_weight=2042 2495 2011 2250 3789 2457
leaf_count=2042 2495 2011 2250 3789 2457
internal_value=0.0120994 -0.058855 0.089359 0.049802 0.0175476
internal_weight=15044 7842 7202 5831 4952
internal_count=15044 7842 7202 5831 4952
is_linear=0
shrinkage=0.05


Tree=175
num_leaves=6
num_cat=0
split_feature=7 14 14 14 5
split_gain=37679.3 86397.2 52911.4 69920.4 14025.3
threshold=1.0000000180025095e-35 0.0091480837449767032 0.0086638047098293435 0.014272216359486589 10.500000000000002
decision_type=2 2 2 2 2
left_child=1 -1 -2 -4 -5
right_child=2 -3 3 4 -6
leaf_value=-0.36680496554255843 0.23013974909262075 0.04606841515089994 -0.26693465150643592 0.15317045589555464 -0.018543130252682078
leaf_weight=2093 2847 3211 2098 2740 2101
leaf_count=2093 2847 3211 2098 2740 2101
internal_value=-0.00953547 -0.116855 0.0486314 -0.0258396 0.0786465
internal_weight=15090 5304 9786 6939 4841
internal_count=15090 5304 9786 6939 4841
is_linear=0
shrinkage=0.05


Tree=176
num_leaves=5
num_cat=0
split_feature=15 3 14 15
split_gain=73995.8 45426.7 20789.3 13054.4
threshold=419.61379436769442 0.18180374650000003 0.010684573751964429 159.34793064750895
decision_type=2 2 2 2
left_child=1 -1 -3 -4
right_child=-2 2 3 -5
leaf_value=-0.18316463902050845 0.29737751504487558 0.12072613092917442 0.030370481338840336 -0.12203127867848565
leaf_weight=3412 2041 3771 3568 2318
leaf_count=3412 2041 3771 3568 2318
internal_value=0.0173886 -0.0263376 0.0290723 -0.0296477
internal_weight=15110 13069 9657 5886
internal_count=15110 13069 9657 5886
is_linear=0
shrinkage=0.05


Tree=177
num_leaves=6
num_cat=0
split_feature=0 1 4 7 14
split_gain=42034 34497 26703 25929.4 37536.8
threshold=0.026543472000000002 58.500000000000007 6751.0000000000009 1.0000000180025095e-35 0.022346734223007137
decision_type=2 2 8 2 2
left_child=2 3 -1 -2 -5
right_child=1 -3 -4 4 -6
leaf_value=-0.018942516043214536 -0.1512327733020353 -0.19113897126595061 0.23057335168608942 0.20834753015072419 -0.069551093989529397
leaf_weight=2008 2101 3823 2301 2258 2631
leaf_count=2008 2101 3823 2301 2258 2631
internal_value=-0.017755 -0.0703787 0.114299 -0.00433194 0.0587973
internal_weight=15122 10813 4309 6990 4889
internal_count=15122 10813 4309 6990 4889
is_linear=0
shrinkage=0.05


Tree=178
num_leaves=5
num_cat=0
split_feature=3 14 5 14
split_gain=39580.3 71739.1 43960.5 31603.1
threshold=0.38668887800000007 0.0097548961989040589 7.5000000000000009 0.02412407935488747
decision_type=2 2 2 2
left_child=1 -1 -2 -3
right_child=2 3 -4 -5
leaf_value=-0.1187576048584304 0.034380591045513442 0.30636857497351422 -0.21996858559187935 0.043260143399393242
leaf_weight=3507 2965 2410 3978 2168
leaf_count=3507 2965 2410 3978 2168
internal_value=-0.0237852 0.0514104 -0.111349 0.181769
internal_weight=15028 8085 6943 4578
internal_count=15028 8085 6943 4578
is_linear=0
shrinkage=0.05


Tree=179
num_leaves=5
num_cat=0
split_feature=5 14 14 3
split_gain=28342.4 38995.1 68730.5 21285.6
threshold=4.5000000000000009 0.0091026660247007594 0.012070312758673211 0.38668887800000007
decision_type=2 2 2 2
left_child=-1 -2 -3 -4
right_child=1 2 3 -5
leaf_value=-0.13529652445351545 0.17074944594977537 -0.27311847910502396 0.17027324159997029 -0.017539137892771995
leaf_weight=3035 3701 2082 2535 3726
leaf_count=3035 3701 2082 2535 3726
internal_value=0.00125857 0.0356695 -0.0242528 0.0585037
internal_weight=15079 12044 8343 6261
internal_count=15079 12044 8343 6261
is_linear=0
shrinkage=0.05


Tree=180
num_leaves=6
num_cat=0
split_feature=15 1 9 14 3
split_gain=84801.9 25485.5 24054.4 13374.7 4552.92
threshold=363.19039803799734 59.500000000000007 1.0000000180025095e-35 0.0075602986304670718 0.3898229800000001
decision_type=2 2 10 2 2
left_child=1 2 4 -3 -1
right_child=-2 3 -4 -5 -6
leaf_value=0.072629442960735632 0.30332788900744895 -0.00077384585536773194 -0.15722011084493984 0.16811878873067287 -0.032331219375901256
leaf_weight=2002 2630 2359 3683 2330 2135
leaf_count=2002 2630 2359 3683 2330 2135
internal_value=0.045246 -0.00901538 -0.0642794 0.0831502 0.0184619
internal_weight=15139 12509 7820 4689 4137
internal_count=15139 12509 7820 4689 4137
is_linear=0
shrinkage=0.05


Tree=181
num_leaves=5
num_cat=0
split_feature=3 1 14 14
split_gain=54362 39336.9 38773.8 51727.5
threshold=0.16406211850000005 63.500000000000007 0.0094216215310261014 0.026258552990754341
decision_type=2 2 2 2
left_child=-1 2 -2 -4
right_child=1 -3 3 -5
leaf_value=0.13112007353105903 0.15346205439910435 -0.25781180912648782 -0.22990502342265159 0.047181945261890415
leaf_weight=3630 2007 2699 3508 3240
leaf_count=3630 2007 2699 3508 3240
internal_value=-0.0374905 -0.0909266 -0.039479 -0.0968639
internal_weight=15084 11454 8755 6748
internal_count=15084 11454 8755 6748
is_linear=0
shrinkage=0.05


Tree=182
num_leaves=6
num_cat=0
split_feature=5 15 9 15 15
split_gain=38682.7 67363.6 42247.3 25672.7 14706
threshold=9.5000000000000018 313.49485201010521 1.0000000180025095e-35 182.16842377241576 50.431122364653937
decision_type=2 2 10 2 2
left_child=1 3 -2 4 -1
right_child=2 -3 -4 -5 -6
leaf_value=0.068922298789662453 0.23753549040681718 -0.30434317331147659 -0.048655269940386631 0.16703086800820632 -0.09877344487320483
leaf_weight=2028 3019 2092 2251 2052 3679
leaf_count=2028 3019 2092 2251 2052 3679
internal_value=0.00595496 -0.052538 0.115293 0.0153543 -0.0391822
internal_weight=15121 9851 5270 7759 5707
internal_count=15121 9851 5270 7759 5707
is_linear=0
shrinkage=0.05


Tree=183
num_leaves=6
num_cat=0
split_feature=4 5 15 4 15
split_gain=36193.1 102415 96257.3 16419.1 13970.4
threshold=5651.5000000000009 7.5000000000000009 283.12832816646591 3260.5000000000005 127.90594771629621
decision_type=10 2 2 8 2
left_child=2 -2 3 -1 -5
right_child=1 -3 -4 4 -6
leaf_value=-0.10201795439289968 -0.18749597032039039 0.2416799513670711 -0.37477746710408011 -0.0070796331554954023 0.16315761616792071
leaf_weight=2083 2181 3833 2037 2830 2099
leaf_count=2083 2181 3833 2037 2830 2099
internal_value=-0.00903287 0.0860377 -0.0722171 0.0156773 0.0654154
internal_weight=15063 6014 9049 7012 4929
internal_count=15063 6014 9049 7012 4929
is_linear=0
shrinkage=0.05


Tree=184
num_leaves=5
num_cat=0
split_feature=1 1 1 0
split_gain=29577.3 41719.6 51206.4 81108.5
threshold=39.500000000000007 48.500000000000007 56.500000000000007 0.075177378500000017
decision_type=2 2 2 2
left_child=-1 -2 -3 -4
right_child=1 2 3 -5
leaf_value=-0.15000095992297446 0.20262160994086922 -0.18997276080672337 0.21770450483704762 -0.13253098631839225
leaf_weight=2615 2859 2912 3700 2988
leaf_count=2615 2859 2912 3700 2988
internal_value=0.00287555 0.0349626 -0.0149684 0.0612297
internal_weight=15074 12459 9600 6688
internal_count=15074 12459 9600 6688
is_linear=0
shrinkage=0.05


Tree=185
num_leaves=5
num_cat=0
split_feature=15 3 4 14
split_gain=43632.1 27495.1 14581.7 18339.7
threshold=350.40611104265912 0.20285513400000002 6162.5000000000009 0.010684573751964429
decision_type=2 2 8 2
left_child=1 -1 -3 -4
right_child=-2 2 3 -5
leaf_value=-0.12624754199430441 0.21348024046077263 0.11710124948789949 0.083409655370061314 -0.10501674836153017
leaf_weight=3501 2722 3581 2494 2678
leaf_count=3501 2722 3581 2494 2678
internal_value=0.0324004 -0.0078231 0.039544 -0.0141553
internal_weight=14976 12254 8753 5172
internal_count=14976 12254 8753 5172
is_linear=0
shrinkage=0.05


Tree=186
num_leaves=6
num_cat=0
split_feature=15 4 1 1 15
split_gain=75644.1 28258 24687.6 38912.5 18513.3
threshold=409.46245331306409 12502.000000000002 40.500000000000007 60.500000000000007 138.08777733978482
decision_type=2 8 2 2 2
left_child=1 2 -1 4 -4
right_child=-2 -3 3 -5 -6
leaf_value=0.13048251871594238 -0.29546860170302991 0.14643060355711365 -0.062052837615597926 0.07494852791669615 -0.26965139272300032
leaf_weight=2128 2136 3526 2293 3011 2020
leaf_count=2128 2136 3526 2293 3011 2020
internal_value=-0.0197468 0.0256332 -0.0194293 -0.0629865 -0.159282
internal_weight=15114 12978 9452 7324 4313
internal_count=15114 12978 9452 7324 4313
is_linear=0
shrinkage=0.05


Tree=187
num_leaves=6
num_cat=0
split_feature=0 0 1 9 0
split_gain=35566.1 27383.9 74990.7 53675 40989.1
threshold=0.0043048390000000004 0.16918474650000001 46.500000000000007 1.0000000180025095e-35 0.050558258500000001
decision_type=2 2 2 8 2
left_child=-1 2 -2 -3 -4
right_child=1 3 4 -5 -6
leaf_value=0.18900281295483326 -0.35917461458267874 -0.098133975968214174 0.11818933032202494 0.21211885268461461 -0.15746149354055217
leaf_weight=2004 2030 2991 3059 2611 2412
leaf_count=2004 2030 2991 3059 2611 2412
internal_value=-0.00716854 -0.0371714 -0.0996374 0.0464698 -0.00333686
internal_weight=15107 13103 7501 5602 5471
internal_count=15107 13103 7501 5602 5471
is_linear=0
shrinkage=0.05


Tree=188
num_leaves=6
num_cat=0
split_feature=14 15 15 4 0
split_gain=61393.3 155735 74567.9 19467.7 9838.95
threshold=0.012070312758673211 283.12832816646591 261.71241891514859 4694.5000000000009 0.39010718700000008
decision_type=2 2 2 10 2
left_child=1 3 4 -1 -2
right_child=2 -3 -4 -5 -6
leaf_value=0.11912224923326341 0.05394719926880806 -0.48273259238134386 0.35562170258386855 -0.069982336645755247 -0.0830516287460039
leaf_weight=2932 3316 2016 2013 2540 2167
leaf_count=2932 3316 2016 2013 2540 2167
internal_value=-0.00579919 -0.107062 0.0953552 0.0313434 -0.000197696
internal_weight=14984 7488 7496 5472 5483
internal_count=14984 7488 7496 5472 5483
is_linear=0
shrinkage=0.05


Tree=189
num_leaves=6
num_cat=0
split_feature=3 15 4 4 0
split_gain=64488.7 112564 83468.6 73476.3 12465.8
threshold=0.38668887800000007 233.29302262104292 6751.0000000000009 4583.5000000000009 0.076561248000000012
decision_type=2 2 10 8 2
left_child=2 4 3 -1 -2
right_child=1 -3 -4 -5 -6
leaf_value=0.10882184171514848 -0.095006773119163779 -0.44003924048129495 0.24944121287932522 -0.29735840425399179 0.06796818944346808
leaf_weight=2496 2056 2114 3645 2010 2733
leaf_count=2496 2056 2114 3645 2010 2733
internal_value=-0.0236932 -0.136147 0.0715424 -0.0723638 -0.00199976
internal_weight=15054 6903 8151 4506 4789
internal_count=15054 6903 8151 4506 4789
is_linear=0
shrinkage=0.05


Tree=190
num_leaves=6
num_cat=0
split_feature=15 4 15 9 0
split_gain=68150.5 15561.2 22477.1 11094.9 17445.3
threshold=419.61379436769442 6901.0000000000009 222.57937421379515 1.0000000180025095e-35 0.076561248000000012
decision_type=2 10 2 10 2
left_child=1 2 3 4 -1
right_child=-2 -3 -4 -5 -6
leaf_value=-0.046832920773829445 0.31953028142268636 -0.078142250209781605 0.18349834532898457 -0.094950539383351296 0.13993893132761256
leaf_weight=2669 2029 3737 2172 2156 2352
leaf_count=2669 2029 3737 2172 2156 2352
internal_value=0.0499037 0.00809772 0.0425697 -7.99863e-05 0.0406571
internal_weight=15115 13086 9349 7177 5021
internal_count=15115 13086 9349 7177 5021
is_linear=0
shrinkage=0.05


Tree=191
num_leaves=6
num_cat=0
split_feature=4 14 1 14 4
split_gain=27769 40754.1 52924.6 42117.7 32393.4
threshold=18011.500000000004 0.02795632717770204 65.500000000000014 0.0094216215310261014 5416.5000000000009
decision_type=8 2 2 2 10
left_child=1 2 3 -1 -5
right_child=-2 -3 -4 4 -6
leaf_value=-0.31782688217200206 -0.16525963661987195 0.13906877149802233 0.15716556756588884 -0.18344156025770325 0.09928672504520647
leaf_weight=2142 3564 3427 2003 2050 2003
leaf_count=2142 3564 3427 2003 2050 2003
internal_value=-0.0431604 -0.00572712 -0.066256 -0.138494 -0.0437167
internal_weight=15189 11625 8198 6195 4053
internal_count=15189 11625 8198 6195 4053
is_linear=0
shrinkage=0.05


Tree=192
num_leaves=5
num_cat=0
split_feature=9 5 4 4
split_gain=65372.3 49144.8 56363.4 48702.5
threshold=1.5000000000000002 8.5000000000000018 4478.5000000000009 5500.5000000000009
decision_type=10 2 10 8
left_child=1 3 -3 -1
right_child=-2 2 -4 -5
leaf_value=0.038745564119466447 0.23018515345468576 -0.10395839977943516 0.23827431273945543 -0.22716918530292607
leaf_weight=3032 3107 2083 2848 3985
leaf_count=3032 3107 2083 2848 3985
internal_value=0.0258686 -0.0272625 0.0937051 -0.112269
internal_weight=15055 11948 4931 7017
internal_count=15055 11948 4931 7017
is_linear=0
shrinkage=0.05


Tree=193
num_leaves=6
num_cat=0
split_feature=4 5 5 5 4
split_gain=21964.9 50842.3 48509.1 55250.3 30439.2
threshold=4694.5000000000009 6.5000000000000009 7.5000000000000009 4.5000000000000009 8502.5000000000018
decision_type=10 2 2 2 10
left_child=2 -2 3 -1 -3
right_child=1 4 -4 -5 -6
leaf_value=-0.018253878988366959 -0.27555793889212549 -0.089764399400665676 -0.089091990156360323 0.33437017916698158 0.15213985507805999
leaf_weight=2139 2037 2901 3256 2311 2357
leaf_count=2139 2037 2901 3256 2311 2357
internal_value=-0.00130148 -0.0634852 0.0575657 0.164873 0.0186739
internal_weight=15001 7295 7706 4450 5258
internal_count=15001 7295 7706 4450 5258
is_linear=0
shrinkage=0.05


Tree=194
num_leaves=5
num_cat=0
split_feature=0 15 1 5
split_gain=35449.4 64160.5 28352.9 20384.5
threshold=0.0088560855000000011 350.40611104265912 60.500000000000007 7.5000000000000009
decision_type=2 2 2 2
left_child=-1 2 3 -2
right_child=1 -3 -4 -5
leaf_value=-0.14058780116332265 0.041849232763681882 0.30148286983038425 0.12761294410607957 -0.13119917993927346
leaf_weight=2565 3238 2309 3401 3587
leaf_count=2565 3238 2309 3401 3587
internal_value=0.0287698 0.063425 0.00967221 -0.0490994
internal_weight=15100 12535 10226 6825
internal_count=15100 12535 10226 6825
is_linear=0
shrinkage=0.05


Tree=195
num_leaves=6
num_cat=0
split_feature=3 1 15 15 3
split_gain=38374.8 57709.5 77291.1 28338.3 16953.9
threshold=0.14775225150000001 58.500000000000007 146.63093194419531 259.60324302976801 0.41067191100000006
decision_type=2 2 2 2 2
left_child=-1 3 -3 4 -2
right_child=1 2 -4 -5 -6
leaf_value=0.15341246288782562 -0.11579619392632362 0.034116059253432009 -0.38730041169586688 0.20207259629824037 0.064791816669914501
leaf_weight=3309 2346 2106 2251 2085 2914
leaf_count=3309 2346 2106 2251 2085 2914
internal_value=0.003074 -0.0394375 -0.183604 0.0460813 -0.0157518
internal_weight=15011 11702 4357 7345 5260
internal_count=15011 11702 4357 7345 5260
is_linear=0
shrinkage=0.05


Tree=196
num_leaves=7
num_cat=0
split_feature=15 4 4 15 15 0
split_gain=45366.9 29329.8 41727.3 20671.7 20221.4 9639.42
threshold=404.11826689838409 10329.500000000002 6901.0000000000009 129.93111859274003 173.45831997036001 0.083739414000000026
decision_type=2 8 10 2 2 2
left_child=1 2 4 -3 5 -1
right_child=-2 3 -4 -5 -6 -7
leaf_value=-0.080306634248406797 -0.19366610605303336 0.042286521919461445 -0.19241928316368861 0.26206252254409096 0.18782926534986852 0.068495765304055559
leaf_weight=2025 2227 2040 2165 2250 2119 2353
leaf_count=2025 2227 2040 2165 2250 2119 2353
internal_value=0.0147956 0.0506391 -0.00231216 0.157554 0.0610374 -0.000331293
internal_weight=15179 12952 8662 4290 6497 4378
internal_count=15179 12952 8662 4290 6497 4378
is_linear=0
shrinkage=0.05


Tree=197
num_leaves=6
num_cat=0
split_feature=15 3 15 14 3
split_gain=74487 27298.7 37151 19045.8 8952.05
threshold=425.92357000260824 1.0037132245000002 162.33186302077698 0.012176588331232857 0.26325381350000004
decision_type=2 2 2 2 2
left_child=1 2 4 -4 -1
right_child=-2 -3 3 -5 -6
leaf_value=0.093453350942484859 0.31834689618189516 0.11645162905214657 -0.056903544075197404 -0.2735305403834436 -0.030638654040286928
leaf_weight=2879 2006 3270 2009 2050 2935
leaf_count=2879 2006 3270 2009 2050 2935
internal_value=0.0345549 -0.00875997 -0.0502308 -0.166311 0.0308097
internal_weight=15149 13143 9873 4059 5814
internal_count=15149 13143 9873 4059 5814
is_linear=0
shrinkage=0.05


Tree=198
num_leaves=5
num_cat=0
split_feature=15 3 15 14
split_gain=46646 16474.4 15886.4 7595.99
threshold=280.27051462622904 0.20560757350000003 98.662218184286075 0.016165758207530589
decision_type=2 2 2 2
left_child=1 -1 -3 -4
right_child=-2 2 3 -5
leaf_value=-0.060139836972759236 -0.16598029925772473 -0.0028230824287551015 0.2045705980153481 0.071213579596795862
leaf_weight=3231 3895 3647 2180 2093
leaf_count=3231 3895 3647 2180 2093
internal_value=-0.0170203 0.0350109 0.073828 0.13925
internal_weight=15046 11151 7920 4273
internal_count=15046 11151 7920 4273
is_linear=0
shrinkage=0.05


Tree=199
num_leaves=6
num_cat=0
split_feature=0 15 15 0 3
split_gain=34599.8 60706.2 60087.8 12406.4 10999.3
threshold=0.11244737200000002 227.97584771308934 257.45869476310025 0.024778884500000004 0.41067191100000006
decision_type=2 2 2 2 2
left_child=2 4 3 -1 -2
right_child=1 -3 -4 -5 -6
leaf_value=-0.085946250504413402 -0.047943692691146809 -0.28945289311281047 0.28235806100908706 0.060057303643497123 0.10830973427044917
leaf_weight=2903 2311 2257 2451 2917 2197
leaf_count=2903 2311 2257 2451 2917 2197
internal_value=0.00609259 -0.0777733 0.074688 -0.0127689 0.0282073
internal_weight=15036 6765 8271 5820 4508
internal_count=15036 6765 8271 5820 4508
is_linear=0
shrinkage=0.05


Tree=200
num_leaves=6
num_cat=0
split_feature=15 4 15 15 15
split_gain=43362.8 14950.6 20509.2 17332.7 11494.9
threshold=404.11826689838409 6252.5000000000009 182.16842377241576 136.96985705927355 51.507749785668885
decision_type=2 10 2 2 2
left_child=1 2 4 -3 -1
right_child=-2 3 -4 -5 -6
leaf_value=0.086707187418591097 -0.23185221400769926 0.039777957167520986 0.1624650013206318 -0.162149030554677 -0.056637745326100768
leaf_weight=2209 2174 2006 2669 2260 3812
leaf_count=2209 2174 2006 2669 2260 3812
internal_value=-0.0252119 0.00946202 0.0470946 -0.067197 -0.00404699
internal_weight=15130 12956 8690 4266 6021
internal_count=15130 12956 8690 4266 6021
is_linear=0
shrinkage=0.05


Tree=201
num_leaves=6
num_cat=0
split_feature=0 4 15 1 0
split_gain=25323.2 47308.8 72506.4 62959.1 12198.1
threshold=0.48245778750000007 6948.0000000000009 235.35923537366853 49.500000000000007 0.057289922500000007
decision_type=2 8 2 2 2
left_child=1 3 4 -1 -3
right_child=-2 2 -4 -5 -6
leaf_value=0.11386874572944534 -0.14840196403958747 -0.088258639071778333 0.33706456212366276 -0.20828056567547512 0.081713749886750744
leaf_weight=2649 2386 2141 2459 3548 2082
leaf_count=2649 2386 2141 2459 3548 2082
internal_value=0.00121715 0.028936 0.121222 -0.070573 -0.0044598
internal_weight=15265 12879 6682 6197 4223
internal_count=15265 12879 6682 6197 4223
is_linear=0
shrinkage=0.05


Tree=202
num_leaves=6
num_cat=0
split_feature=0 15 4 15 0
split_gain=36585.7 64473 20965.3 31730.1 11593.8
threshold=0.0088560855000000011 342.51419006032336 4389.5000000000009 195.34946029896585 0.13697552000000005
decision_type=2 2 8 2 2
left_child=-1 2 -2 4 -4
right_child=1 -3 3 -5 -6
leaf_value=-0.15683336454814634 0.10982381628585836 0.28450319718034661 -0.057810910610496105 -0.21802469091259158 0.09108529599261761
leaf_weight=2553 2882 2389 2660 2018 2571
leaf_count=2553 2882 2389 2660 2018 2571
internal_value=0.015672 0.0508482 -0.00425015 -0.0496028 0.0153705
internal_weight=15073 12520 10131 7249 5231
internal_count=15073 12520 10131 7249 5231
is_linear=0
shrinkage=0.05


Tree=203
num_leaves=6
num_cat=0
split_feature=14 15 14 5 3
split_gain=42802.8 48837.1 40479.9 30137.8 2797.92
threshold=0.0098979294367737818 215.60942827398961 0.019418389610717211 6.5000000000000009 0.47851355400000006
decision_type=2 2 2 2 2
left_child=1 -1 -2 -4 -5
right_child=2 -3 3 4 -6
leaf_value=-0.0070420351144205836 0.19944496734454636 -0.30388908748501753 -0.18021163212259 0.013461842867994671 0.09574156938070999
leaf_weight=3586 3072 2258 2035 2054 2079
leaf_count=3586 3072 2258 2035 2054 2079
internal_value=-0.0158295 -0.121738 0.0511539 -0.0227032 0.0548506
internal_weight=15084 5844 9240 6168 4133
internal_count=15084 5844 9240 6168 4133
is_linear=0
shrinkage=0.05


Tree=204
num_leaves=7
num_cat=0
split_feature=0 15 15 3 14 0
split_gain=85801.3 219721 104286 35953.1 32464.2 3546.51
threshold=0.029274329500000005 329.17065811819378 177.79618684417935 0.20560757350000003 0.012176588331232857 0.3388201145000001
decision_type=2 2 2 2 2 2
left_child=2 3 -1 -2 -5 -6
right_child=1 -3 -4 4 5 -7
leaf_value=-0.037627957364745952 -0.14736687662432638 -0.53217832725995251 0.44691227300353858 0.25134290433534806 0.05974653902318483 -0.03168259516828232
leaf_weight=2489 2086 2160 2005 2125 2031 2220
leaf_count=2489 2086 2160 2005 2125 2031 2220
internal_value=-0.00459089 -0.0820748 0.17855 0.032818 0.0917681 0.0119995
internal_weight=15116 10622 4494 8462 6376 4251
internal_count=15116 10622 4494 8462 6376 4251
is_linear=0
shrinkage=0.05


Tree=205
num_leaves=6
num_cat=0
split_feature=4 15 15 3 0
split_gain=56792 130065 45367.4 15304.7 10980
threshold=11998.000000000002 335.16274652843748 152.92407665822489 0.19469214200000004 0.12531049800000002
decision_type=8 2 2 2 2
left_child=1 3 -2 -1 -5
right_child=2 -3 -4 4 -6
leaf_value=-0.11580624050557742 0.020688346856569329 0.42487604879584923 -0.29843428633822111 0.098197007939183859 -0.040356492831721283
leaf_weight=2888 2084 2008 2392 2719 3016
leaf_count=2888 2084 2008 2392 2719 3016
internal_value=-0.000447152 0.0624575 -0.149853 -0.0219374 0.0253326
internal_weight=15107 10631 4476 8623 5735
internal_count=15107 10631 4476 8623 5735
is_linear=0
shrinkage=0.05


Tree=206
num_leaves=6
num_cat=0
split_feature=7 5 15 15 15
split_gain=28145.2 46231.9 74412.1 40203.3 39544.1
threshold=1.0000000180025095e-35 8.5000000000000018 177.79618684417935 138.08777733978482 198.68821694266953
decision_type=2 2 2 2 2
left_child=3 2 -2 -1 -3
right_child=1 4 -4 -5 -6
leaf_value=0.034077940959724842 -0.033373448190158056 0.046863667629692761 0.37206039218740439 -0.24011034894298136 -0.23334530369753184
leaf_weight=2592 2481 3120 2081 2761 2111
leaf_count=2592 2481 3120 2081 2761 2111
internal_value=-0.0151547 0.0352375 0.151569 -0.107344 -0.0662163
internal_weight=15146 9793 4562 5353 5231
internal_count=15146 9793 4562 5353 5231
is_linear=0
shrinkage=0.05


Tree=207
num_leaves=6
num_cat=0
split_feature=4 3 14 14 4
split_gain=56403.2 56825.6 36346.2 45922.8 33270.2
threshold=7117.5000000000009 0.25526125450000009 0.0094216215310261014 0.01729465325404151 4416.5000000000009
decision_type=10 2 2 2 8
left_child=2 -2 -1 -4 -5
right_child=1 -3 3 4 -6
leaf_value=-0.1324876612301428 0.39851328472304309 0.031886188947573564 0.24305813449653046 -0.17209217760328299 0.093773190010119897
leaf_weight=3748 2041 2192 2309 2185 2550
leaf_count=3748 2041 2192 2309 2185 2550
internal_value=0.0539779 0.208661 -0.00669406 0.0602387 -0.0289123
internal_weight=15025 4233 10792 7044 4735
internal_count=15025 4233 10792 7044 4735
is_linear=0
shrinkage=0.05


Tree=208
num_leaves=6
num_cat=0
split_feature=15 3 15 15 1
split_gain=46996.5 22575.2 22610 9262.41 9650.87
threshold=383.97629010649831 0.20560757350000003 219.2823325640791 135.63526417719677 52.500000000000007
decision_type=2 2 2 2 2
left_child=1 -1 3 4 -3
right_child=-2 2 -4 -5 -6
leaf_value=-0.10315273016073677 -0.2427624427395858 -0.03515839315321994 0.18720711747753047 -0.08948901024056552 0.10471707299022991
leaf_weight=3707 2343 2388 2098 2044 2550
leaf_count=3707 2343 2388 2098 2044 2550
internal_value=-0.0368978 0.000823345 0.0432726 2.2165e-05 0.0370738
internal_weight=15130 12787 9080 6982 4938
internal_count=15130 12787 9080 6982 4938
is_linear=0
shrinkage=0.05


Tree=209
num_leaves=6
num_cat=0
split_feature=3 3 15 1 1
split_gain=27454.2 38167.1 77757.8 28123.9 8745.29
threshold=0.082359436500000008 0.59160016250000014 252.88988658201717 59.500000000000007 47.500000000000007
decision_type=2 2 2 2 2
left_child=-1 2 4 -3 -2
right_child=1 3 -4 -5 -6
leaf_value=-0.17852870855817601 0.050663740877106227 0.0025309227395737335 0.30374119294800783 -0.24330966385975938 -0.078847756247688916
leaf_weight=2265 2110 2734 2567 2025 3410
leaf_count=2265 2110 2734 2567 2025 3410
internal_value=-0.0180277 0.0102717 0.076386 -0.102077 -0.0293425
internal_weight=15111 12846 8087 4759 5520
internal_count=15111 12846 8087 4759 5520
is_linear=0
shrinkage=0.05


Tree=210
num_leaves=6
num_cat=0
split_feature=4 5 7 15 15
split_gain=45842.7 63132.4 49986.9 147524 28348.1
threshold=9901.5000000000018 11.500000000000002 1.0000000180025095e-35 190.57890562962913 145.68026571738184
decision_type=10 2 2 2 2
left_child=1 2 4 -4 -1
right_child=-2 -3 3 -5 -6
leaf_value=0.030212904406390507 0.22706946489039029 -0.24272818513833425 -0.077084952376631613 0.43557036691516099 -0.22179749405860227
leaf_weight=2304 2168 2578 3466 2358 2164
leaf_count=2304 2168 2578 3466 2358 2164
internal_value=0.0143684 -0.0214619 0.0339622 0.130477 -0.0918441
internal_weight=15038 12870 10292 5824 4468
internal_count=15038 12870 10292 5824 4468
is_linear=0
shrinkage=0.05


Tree=211
num_leaves=6
num_cat=0
split_feature=4 1 15 15 3
split_gain=29496.8 51081.8 68162.6 6712.14 9084.54
threshold=8200.5000000000018 68.500000000000014 222.57937421379515 51.507749785668885 0.41067191100000006
decision_type=10 2 2 2 2
left_child=1 2 3 -1 -5
right_child=-2 -3 -4 4 -6
leaf_value=0.055983503501287057 -0.14729137418783816 -0.19461783030668622 0.26647670411494767 -0.12725845410189732 0.01469932909963096
leaf_weight=2040 3298 2216 3061 2163 2353
leaf_count=2040 3298 2216 3061 2163 2353
internal_value=-0.0150566 0.0217989 0.0716667 -0.0192901 -0.0532933
internal_weight=15131 11833 9617 6556 4516
internal_count=15131 11833 9617 6556 4516
is_linear=0
shrinkage=0.05


Tree=212
num_leaves=5
num_cat=0
split_feature=15 15 1 0
split_gain=54391 26943.3 14950.2 16119.5
threshold=350.40611104265912 203.74865566665716 59.500000000000007 0.076561248000000012
decision_type=2 2 2 2
left_child=1 2 3 -1
right_child=-2 -3 -4 -5
leaf_value=-0.10590948537712351 0.24266606602786026 -0.1306511879410126 0.12451329039333488 0.061776153659120259
leaf_weight=2426 2816 3020 3413 3502
leaf_count=2426 2816 3020 3413 3502
internal_value=0.0443532 -0.000825099 0.0411484 -0.00684823
internal_weight=15177 12361 9341 5928
internal_count=15177 12361 9341 5928
is_linear=0
shrinkage=0.05


Tree=213
num_leaves=6
num_cat=0
split_feature=3 1 1 1 1
split_gain=34932.7 69941.5 62035.8 40682.3 26317.8
threshold=0.14775225150000001 63.500000000000007 56.500000000000007 48.500000000000007 40.500000000000007
decision_type=2 2 2 2 2
left_child=-1 2 3 4 -2
right_child=1 -3 -4 -5 -6
leaf_value=0.11715951644591721 -0.10386392092536093 -0.28685075725274106 0.23710819894093049 -0.23356579193590032 0.14102163489652456
leaf_weight=3346 2173 2746 2131 2480 2216
leaf_count=3346 2173 2746 2131 2480 2216
internal_value=-0.0253667 -0.0659671 0.00142689 -0.0716896 0.0197785
internal_weight=15092 11746 9000 6869 4389
internal_count=15092 11746 9000 6869 4389
is_linear=0
shrinkage=0.05


Tree=214
num_leaves=5
num_cat=0
split_feature=3 15 1 3
split_gain=50066.1 118291 22028.8 19125.3
threshold=0.14775225150000001 354.79508085464039 47.500000000000007 0.46425080350000009
decision_type=2 2 2 2
left_child=-1 2 -2 -4
right_child=1 -3 3 -5
leaf_value=0.1432783753993645 -0.10581435752061089 -0.41740821833833197 -0.040062499482647944 0.13482337612066184
leaf_weight=3326 3363 2091 2945 3332
leaf_count=3326 3363 2091 2945 3332
internal_value=-0.0279513 -0.0764988 -0.00255252 0.0527716
internal_weight=15057 11731 9640 6277
internal_count=15057 11731 9640 6277
is_linear=0
shrinkage=0.05


Tree=215
num_leaves=7
num_cat=0
split_feature=1 15 15 3 15 0
split_gain=56284.8 94872.1 59522.6 25540.9 21515.5 4002.98
threshold=63.500000000000007 350.40611104265912 155.23527848362593 0.20285513400000002 177.79618684417935 0.17193690200000003
decision_type=2 2 2 2 2 2
left_child=1 3 -2 -1 5 -5
right_child=2 -3 -4 4 -6 -7
leaf_value=-0.13987642817668927 0.046199768984999987 0.38308146674491045 -0.33806996856491778 0.034908461962722091 0.18560531775174396 -0.058682877956088932
leaf_weight=2308 2021 2015 2010 2523 2100 2088
leaf_count=2308 2021 2015 2010 2523 2100 2088
internal_value=0.0144865 0.072901 -0.145411 0.00360135 0.0529452 -0.00747252
internal_weight=15065 11034 4031 9019 6711 4611
internal_count=15065 11034 4031 9019 6711 4611
is_linear=0
shrinkage=0.05


Tree=216
num_leaves=6
num_cat=0
split_feature=14 15 15 1 1
split_gain=21688.2 64931.2 48660.5 18981.8 18154.6
threshold=0.0086638047098293435 329.17065811819378 171.9428776006915 56.500000000000007 40.500000000000007
decision_type=2 2 2 2 2
left_child=2 3 -1 4 -2
right_child=1 -3 -4 -5 -6
leaf_value=-0.066464679892823439 0.081665265577887655 -0.29439111694296682 0.25354537688342343 0.13534543088506409 -0.099439196240402927
leaf_weight=2503 2242 2065 2261 2462 3615
leaf_count=2503 2242 2065 2261 2462 3615
internal_value=-0.00291599 -0.0434396 0.0854125 0.0188534 -0.0301143
internal_weight=15148 10384 4764 8319 5857
internal_count=15148 10384 4764 8319 5857
is_linear=0
shrinkage=0.05


Tree=217
num_leaves=5
num_cat=0
split_feature=15 4 0 15
split_gain=24485.8 19897.1 17232.9 11695.3
threshold=363.19039803799734 6660.5000000000009 0.045232297000000012 126.9753359530703
decision_type=2 10 2 2
left_child=1 2 -1 -4
right_child=-2 -3 3 -5
leaf_value=-0.055634034362786217 0.15901187626594437 -0.10545841898979023 0.021473384438279605 0.1704607010336413
leaf_weight=3406 2617 3754 2933 2391
leaf_count=3406 2617 3754 2933 2391
internal_value=0.0199528 -0.00919797 0.0321951 0.0883834
internal_weight=15101 12484 8730 5324
internal_count=15101 12484 8730 5324
is_linear=0
shrinkage=0.05


Tree=218
num_leaves=6
num_cat=0
split_feature=5 15 15 1 15
split_gain=53802.2 107598 83562.3 15627.3 16828.4
threshold=6.5000000000000009 316.36112339800542 215.60942827398961 60.500000000000007 140.39703223182119
decision_type=2 2 2 2 2
left_child=2 3 -1 4 -2
right_child=1 -3 -4 -5 -6
leaf_value=0.022127234755967909 0.016328557338138028 0.40024452411372047 -0.37497871275326305 0.090715126048858785 -0.17498575664483298
leaf_weight=3860 2701 2036 2017 2447 2001
leaf_count=3860 2701 2036 2017 2447 2001
internal_value=0.00397781 0.0795683 -0.11416 -0.0117587 -0.0650878
internal_weight=15062 9185 5877 7149 4702
internal_count=15062 9185 5877 7149 4702
is_linear=0
shrinkage=0.05


Tree=219
num_leaves=6
num_cat=0
split_feature=15 4 4 4 3
split_gain=63669.6 19689.3 18137.4 10959.9 15229.6
threshold=383.97629010649831 12502.000000000002 6901.0000000000009 3200.5000000000005 0.29239664450000008
decision_type=2 8 8 10 2
left_child=1 2 3 -1 -5
right_child=-2 -3 -4 4 -6
leaf_value=-0.08022807326151192 -0.28401163084271913 0.10097011745344037 -0.14274176385594115 -0.037694082468916222 0.15349149643073165
leaf_weight=2240 2320 3540 2845 2105 2062
leaf_count=2240 2320 3540 2845 2105 2062
internal_value=-0.0430208 0.000686088 -0.0376846 0.00896559 0.0569123
internal_weight=15112 12792 9252 6407 4167
internal_count=15112 12792 9252 6407 4167
is_linear=0
shrinkage=0.05


Tree=220
num_leaves=6
num_cat=0
split_feature=7 4 15 4 14
split_gain=54741.4 62944.3 56143.7 36154.1 70567.4
threshold=1.5000000000000002 6751.0000000000009 175.00246349811104 5833.5000000000009 0.011631852661456764
decision_type=2 10 2 8 2
left_child=1 3 -2 4 -1
right_child=2 -3 -4 -5 -6
leaf_value=0.2874676227520408 0.0050901454246442927 0.26248890575877454 -0.35942257462732841 -0.15082915504482791 -0.093778616913671273
leaf_weight=2055 2229 2533 2008 3297 2965
leaf_count=2055 2229 2533 2008 3297 2965
internal_value=-0.0152503 0.0442666 -0.16766 -0.0221945 0.0622893
internal_weight=15087 10850 4237 8317 5020
internal_count=15087 10850 4237 8317 5020
is_linear=0
shrinkage=0.05


Tree=221
num_leaves=6
num_cat=0
split_feature=3 7 4 0 15
split_gain=47273.7 21627.8 30747 34986.2 25684.1
threshold=0.16406211850000005 1.5000000000000002 4060.5000000000005 0.072709426000000008 165.20693899098117
decision_type=2 2 8 2 2
left_child=-1 2 -2 -4 -3
right_child=1 4 3 -5 -6
leaf_value=0.17574844421355099 -0.14623016040469775 0.0016826731810930821 0.22029241181658676 -0.035337533316225224 -0.24931571605065722
leaf_weight=3665 2014 2052 2488 2897 2025
leaf_count=3665 2014 2052 2488 2897 2025
internal_value=0.0194118 -0.0305162 0.0204362 0.0827697 -0.122985
internal_weight=15141 11476 7399 5385 4077
internal_count=15141 11476 7399 5385 4077
is_linear=0
shrinkage=0.05


Tree=222
num_leaves=6
num_cat=0
split_feature=15 15 4 3 5
split_gain=30470.6 25391.6 34781.2 7932.58 4030.49
threshold=350.40611104265912 138.08777733978482 4500.5000000000009 0.26592696650000008 8.5000000000000018
decision_type=2 2 10 2 2
left_child=1 3 -3 -1 -5
right_child=-2 2 -4 4 -6
leaf_value=0.094405428647690151 0.14333546073954881 0.013323023244932987 -0.24069100067060889 -0.063661004592542786 0.032157804684275149
leaf_weight=2496 2762 2539 2872 2264 2130
leaf_count=2496 2762 2539 2872 2264 2130
internal_value=-0.00674111 -0.0404385 -0.1215 0.0232226 -0.0172127
internal_weight=15063 12301 5411 6890 4394
internal_count=15063 12301 5411 6890 4394
is_linear=0
shrinkage=0.05


Tree=223
num_leaves=5
num_cat=0
split_feature=15 1 14 4
split_gain=46870.5 20752.8 21013.3 20847.6
threshold=342.51419006032336 51.500000000000007 0.0080045998427901843 7301.0000000000009
decision_type=2 2 2 8
left_child=1 3 -3 -1
right_child=-2 2 -4 -5
leaf_value=0.013698057342869278 0.22902442526815259 -0.040350223881362578 0.13690333479362354 -0.18623343594733999
leaf_weight=3178 2888 2875 3996 2211
leaf_count=3178 2888 2875 3996 2211
internal_value=0.0478117 0.00512473 0.062736 -0.0683299
internal_weight=15148 12260 6871 5389
internal_count=15148 12260 6871 5389
is_linear=0
shrinkage=0.05


Tree=224
num_leaves=6
num_cat=0
split_feature=15 3 15 15 1
split_gain=77784.1 19671.3 20117.5 4598.18 5319.92
threshold=404.11826689838409 0.20560757350000003 219.2823325640791 136.96985705927355 56.500000000000007
decision_type=2 2 2 2 2
left_child=1 -1 3 4 -3
right_child=-2 2 -4 -5 -6
leaf_value=-0.079442878663143104 -0.31001656917649156 -0.0032474716593771944 0.18761458700620637 -0.04930679025535014 0.10269941316440501
leaf_weight=3779 2125 2874 2208 2016 2016
leaf_count=3779 2125 2874 2208 2016 2016
internal_value=-0.029727 0.0164698 0.0562387 0.0142349 0.0404312
internal_weight=15018 12893 9114 6906 4890
internal_count=15018 12893 9114 6906 4890
is_linear=0
shrinkage=0.05


Tree=225
num_leaves=5
num_cat=0
split_feature=4 15 0 14
split_gain=53250.9 91664.6 69904.1 59195.8
threshold=11002.500000000002 196.97193163384586 0.04440873900000001 0.028598038407648563
decision_type=8 2 2 2
left_child=2 -2 -1 -4
right_child=1 -3 3 -5
leaf_value=0.22894216611823742 0.040132429453486482 -0.40673245267656921 -0.17242637532997418 0.12786398693845102
leaf_weight=3639 2689 2002 3817 2879
leaf_count=3639 2689 2002 3817 2879
internal_value=-0.010866 -0.150578 0.0525486 -0.0433141
internal_weight=15026 4691 10335 6696
internal_count=15026 4691 10335 6696
is_linear=0
shrinkage=0.05


Tree=226
num_leaves=5
num_cat=0
split_feature=4 15 3 0
split_gain=56756.4 82780.5 71398.7 33706
threshold=8284.5000000000018 208.85081630663726 0.42140158400000005 0.041238561000000014
decision_type=8 2 2 2
left_child=2 -2 3 -1
right_child=1 -3 -4 -5
leaf_value=0.11148427400677244 0.018096225339855988 -0.34309118852286957 0.26451723698451801 -0.13663587709356292
leaf_weight=2238 3764 2742 2883 3524
leaf_count=2238 3764 2742 2883 3524
internal_value=-0.0225755 -0.134129 0.0613765 -0.0402643
internal_weight=15151 6506 8645 5762
internal_count=15151 6506 8645 5762
is_linear=0
shrinkage=0.05


Tree=227
num_leaves=5
num_cat=0
split_feature=3 14 0 0
split_gain=35745.5 50304.8 84062.8 18376.7
threshold=0.16406211850000005 0.026258552990754341 0.072709426000000008 0.017490678000000006
decision_type=2 2 2 2
left_child=-1 2 3 -2
right_child=1 -3 -4 -5
leaf_value=0.13011443962262087 -0.089317037577588423 0.10063640604041431 -0.31288182537245246 0.11506320825852501
leaf_weight=3601 2059 3721 3327 2361
leaf_count=3601 2059 3721 3327 2361
internal_value=-0.00731218 -0.0504647 -0.123041 0.0198553
internal_weight=15069 11468 7747 4420
internal_count=15069 11468 7747 4420
is_linear=0
shrinkage=0.05


Tree=228
num_leaves=6
num_cat=0
split_feature=0 3 1 15 1
split_gain=27969.6 34299.6 76080.9 64390.2 51395.8
threshold=0.014637081000000001 0.16406211850000005 51.500000000000007 198.68821694266953 42.500000000000007
decision_type=2 2 2 2 2
left_child=-1 -2 4 -4 -3
right_child=1 2 3 -5 -6
leaf_value=-0.15033426916715645 0.18278899621175065 -0.043781452645913523 -0.014200684535866925 -0.3786599829911948 0.29952605825825895
leaf_weight=3166 2469 2197 3066 2004 2164
leaf_count=3166 2469 2197 3066 2004 2164
internal_value=-0.0182557 0.0168839 -0.0265494 -0.158259 0.126573
internal_weight=15066 11900 9431 5070 4361
internal_count=15066 11900 9431 5070 4361
is_linear=0
shrinkage=0.05


Tree=229
num_leaves=6
num_cat=0
split_feature=14 15 15 1 9
split_gain=26901.7 64717 53667.5 17742 18071.4
threshold=0.0086638047098293435 193.66612736633439 332.39902264128267 56.500000000000007 1.0000000180025095e-35
decision_type=2 2 2 2 10
left_child=1 -1 3 4 -2
right_child=2 -3 -4 -5 -6
leaf_value=-0.062405271998126455 0.048142810224066288 0.31077418589166461 -0.27831694533925 0.12119719430747529 -0.12722516630045091
leaf_weight=2729 2974 2023 2022 2471 2903
leaf_count=2729 2974 2023 2022 2471 2903
internal_value=-0.00205293 0.096463 -0.0471974 0.00878298 -0.0384819
internal_weight=15122 4752 10370 8348 5877
internal_count=15122 4752 10370 8348 5877
is_linear=0
shrinkage=0.05


Tree=230
num_leaves=6
num_cat=0
split_feature=4 15 15 14 15
split_gain=47917.8 136653 27646.3 15757.4 21798.6
threshold=4000.5000000000005 342.51419006032336 215.60942827398961 0.0083105465940936964 98.662218184286075
decision_type=8 2 2 2 2
left_child=-1 2 3 -2 -5
right_child=1 -3 -4 4 -6
leaf_value=-0.12574591811615307 -0.072486640660811535 0.41905592703209654 -0.16584184815982889 -0.013313248685641847 0.19741516920820348
leaf_weight=3667 2126 2382 2091 2492 2418
leaf_count=3667 2126 2382 2091 2492 2418
internal_value=0.0316534 0.081804 -0.00621328 0.0412261 0.090463
internal_weight=15176 11509 9127 7036 4910
internal_count=15176 11509 9127 7036 4910
is_linear=0
shrinkage=0.05


Tree=231
num_leaves=6
num_cat=0
split_feature=1 15 1 15 14
split_gain=46244.5 67332.4 20997.8 25842.9 7368.12
threshold=41.500000000000007 363.19039803799734 67.500000000000014 198.68821694266953 0.01443215099251546
decision_type=2 2 2 2 2
left_child=-1 2 3 4 -2
right_child=1 -3 -4 -5 -6
leaf_value=-0.16304054361692255 -0.045129403477152615 0.30291084134172624 0.12548923861337424 -0.19872406231100409 0.071317482920574424
leaf_weight=3215 2840 2165 2341 2023 2604
leaf_count=3215 2840 2165 2341 2023 2604
internal_value=0.00532798 0.0505384 -0.00516978 -0.0461331 0.01057
internal_weight=15188 11973 9808 7467 5444
internal_count=15188 11973 9808 7467 5444
is_linear=0
shrinkage=0.05


Tree=232
num_leaves=5
num_cat=0
split_feature=3 4 3 15
split_gain=20404.7 50712.4 42556.3 20299.1
threshold=0.25526125450000009 6901.0000000000009 0.44731228550000007 167.79371583570341
decision_type=2 10 2 2
left_child=1 -1 -2 -4
right_child=2 -3 3 -5
leaf_value=-0.034707684234839491 -0.17210726395456888 0.27335348043415902 -0.032591004949976389 0.15085138882178523
leaf_weight=3341 3459 2226 3467 2669
leaf_count=3341 3459 2226 3467 2669
internal_value=0.0123227 0.0884725 -0.0318593 0.0472017
internal_weight=15162 5567 9595 6136
internal_count=15162 5567 9595 6136
is_linear=0
shrinkage=0.05


Tree=233
num_leaves=6
num_cat=0
split_feature=0 3 15 0 0
split_gain=40708.7 57237.8 61051.8 14512.4 20451.1
threshold=0.51539376250000013 0.15144265550000005 283.12832816646591 0.029976258500000002 0.15580402850000002
decision_type=2 2 2 2 2
left_child=1 -1 3 -3 -5
right_child=-2 2 -4 4 -6
leaf_value=0.21448152889971861 -0.21198110967739733 -0.066550743862453632 -0.24819071860998917 0.17781218536332111 -0.021518807386504399
leaf_weight=3024 2128 2312 2492 2739 2427
leaf_count=3024 2128 2312 2492 2739 2427
internal_value=-0.00926192 0.023937 -0.0338571 0.0375683 0.084166
internal_weight=15122 12994 9970 7478 5166
internal_count=15122 12994 9970 7478 5166
is_linear=0
shrinkage=0.05


Tree=234
num_leaves=6
num_cat=0
split_feature=14 14 4 1 0
split_gain=19449.9 21106.2 62911.5 45915.2 17210.8
threshold=0.0060440333569308077 0.026258552990754341 5651.5000000000009 48.500000000000007 0.072709426000000008
decision_type=2 2 8 2 2
left_child=-1 2 -2 -3 -4
right_child=1 3 4 -5 -6
leaf_value=0.1318793749499588 -0.2398697685074733 0.23316827072745286 0.14916733456686579 -0.090827986681533718 -0.040747559758279511
leaf_weight=2845 3050 2235 2303 2141 2475
leaf_count=2845 3050 2235 2303 2141 2475
internal_value=0.0141501 -0.013295 -0.0624579 0.07465 0.0507916
internal_weight=15049 12204 7828 4376 4778
internal_count=15049 12204 7828 4376 4778
is_linear=0
shrinkage=0.05


Tree=235
num_leaves=5
num_cat=0
split_feature=4 0 4 14
split_gain=51309.8 57642.9 52169.3 50859.7
threshold=18011.500000000004 0.087069242500000019 6100.5000000000009 0.0094216215310261014
decision_type=8 2 10 2
left_child=1 3 -3 -1
right_child=-2 2 -4 -5
leaf_value=-0.20132994893342049 -0.1635546173474588 0.026820330072061735 0.32198599340550105 0.10565941188850705
leaf_weight=3038 3599 3343 2711 2427
leaf_count=3038 3599 3343 2711 2427
internal_value=0.00123868 0.0527267 0.158996 -0.0649963
internal_weight=15118 11519 6054 5465
internal_count=15118 11519 6054 5465
is_linear=0
shrinkage=0.05


Tree=236
num_leaves=6
num_cat=0
split_feature=9 15 15 4 15
split_gain=42613.2 31411.6 9072.17 5506.45 5673.99
threshold=1.5000000000000002 283.12832816646591 32.717890069599996 9901.5000000000018 126.02973745437274
decision_type=10 2 2 8 2
left_child=1 2 -1 4 -4
right_child=-2 -3 3 -5 -6
leaf_value=0.11204046264130507 0.17926858805937554 -0.16773441248677956 -0.035598021084383875 -0.067544293082363302 0.077952935877069043
leaf_weight=2016 3113 3023 2057 2514 2365
leaf_count=2016 3113 3023 2057 2514 2365
internal_value=0.014462 -0.0283808 0.0186775 -0.00845917 0.025132
internal_weight=15088 11975 8952 6936 4422
internal_count=15088 11975 8952 6936 4422
is_linear=0
shrinkage=0.05


Tree=237
num_leaves=6
num_cat=0
split_feature=14 4 4 15 14
split_gain=19091.7 55010.5 42453.1 27160.8 25959.5
threshold=0.012070312758673211 9416.5000000000018 11002.500000000002 153.90141356107236 0.028598038407648563
decision_type=2 8 8 2 2
left_child=2 4 3 -1 -2
right_child=1 -3 -4 -5 -6
leaf_value=-0.06244238425334811 -0.12741185547607278 0.28815471205730731 -0.18700256583072794 0.1832578717428946 0.092297940222975688
leaf_weight=2296 2530 2155 2915 2205 2869
leaf_count=2296 2530 2155 2915 2205 2869
internal_value=0.0186391 0.0745862 -0.0383491 0.057924 -0.0106592
internal_weight=14970 7554 7416 4501 5399
internal_count=14970 7554 7416 4501 5399
is_linear=0
shrinkage=0.05


Tree=238
num_leaves=6
num_cat=0
split_feature=3 15 3 4 15
split_gain=33408.8 38902.8 35474.1 15807.2 31260.8
threshold=867.50000000000011 394.06034296545999 0.20560757350000003 6948.0000000000009 128.8068742851361
decision_type=2 2 2 10 2
left_child=1 2 -1 4 -4
right_child=-2 -3 3 -5 -6
leaf_value=-0.12550947089113126 -0.18254716680850253 0.23755921344782074 -0.003682646003477192 -0.043394498113704015 0.24593258917854877
leaf_weight=3739 2000 2039 2672 2357 2364
leaf_count=3739 2000 2039 2672 2357 2364
internal_value=0.00786189 0.0367753 -1.44925e-06 0.0634741 0.113492
internal_weight=15171 13171 11132 7393 5036
internal_count=15171 13171 11132 7393 5036
is_linear=0
shrinkage=0.05


Tree=239
num_leaves=5
num_cat=0
split_feature=15 4 15 0
split_gain=32418.5 16826.9 20614.3 5992.35
threshold=283.12832816646591 6300.5000000000009 165.20693899098117 0.075177378500000017
decision_type=2 10 2 2
left_child=1 2 3 -1
right_child=-2 -3 -4 -5
leaf_value=-0.05457233206554829 -0.16024890499988467 -0.081753905165690144 0.18347495845020878 0.04885555198148011
leaf_weight=2671 3835 3567 2094 2944
leaf_count=2671 3835 3567 2094 2944
internal_value=-0.0346705 0.00803906 0.0495868 -0.00034407
internal_weight=15111 11276 7709 5615
internal_count=15111 11276 7709 5615
is_linear=0
shrinkage=0.05


Tree=240
num_leaves=6
num_cat=0
split_feature=14 14 15 5 4
split_gain=27455.9 45887.1 38415.3 37951.6 69468.3
threshold=0.0089424394700776625 0.012070312758673211 196.97193163384586 9.5000000000000018 4997.5000000000009
decision_type=2 2 2 2 8
left_child=2 -2 -1 4 -3
right_child=1 3 -4 -5 -6
leaf_value=0.013904052607897158 -0.1961193648196024 0.16882100350550802 0.29527000704894124 0.18122488853444377 -0.231143124327159
leaf_weight=2901 2531 2023 2085 3182 2343
leaf_count=2901 2531 2023 2085 3182 2343
internal_value=0.0355931 -0.0118825 0.131563 0.0498959 -0.0458185
internal_weight=15065 10079 4986 7548 4366
internal_count=15065 10079 4986 7548 4366
is_linear=0
shrinkage=0.05


Tree=241
num_leaves=6
num_cat=0
split_feature=3 15 4 1 15
split_gain=37677.5 29187.3 110585 14199.7 2530.78
threshold=1.0037132245000002 203.74865566665716 6565.5000000000009 56.500000000000007 91.99333137030878
decision_type=2 2 10 2 2
left_child=1 3 -3 4 -1
right_child=-2 2 -4 -5 -6
leaf_value=-0.070388581417363746 0.14810887118877647 -0.37428776545015346 0.11939356425187719 0.11505844762730447 0.0086918475682472556
leaf_weight=2036 3668 2335 2206 2820 2011
leaf_count=2036 3668 2335 2206 2820 2011
internal_value=0.00871031 -0.0361103 -0.134459 0.0289257 -0.0310926
internal_weight=15076 11408 4541 6867 4047
internal_count=15076 11408 4541 6867 4047
is_linear=0
shrinkage=0.05


Tree=242
num_leaves=6
num_cat=0
split_feature=15 3 15 4 0
split_gain=43302.9 18309.8 47351.6 9839.8 7332.77
threshold=409.46245331306409 0.20285513400000002 219.2823325640791 4957.5000000000009 0.10998301800000002
decision_type=2 2 2 8 2
left_child=1 -1 3 -3 -5
right_child=-2 2 -4 4 -6
leaf_value=-0.088029610424067442 -0.23791955297315473 -0.10957968711129562 0.24044747580786346 -0.041980739694765325 0.082628904188131264
leaf_weight=3736 2131 2191 2287 2428 2298
leaf_count=3736 2131 2191 2287 2428 2298
internal_value=-0.0290703 0.00532362 0.0432167 -0.0219947 0.0186102
internal_weight=15071 12940 9204 6917 4726
internal_count=15071 12940 9204 6917 4726
is_linear=0
shrinkage=0.05


Tree=243
num_leaves=6
num_cat=0
split_feature=1 4 5 15 7
split_gain=30497 37196 29834.2 72369.8 19525.7
threshold=70.500000000000014 8751.5000000000018 11.500000000000002 237.45072442864242 1.0000000180025095e-35
decision_type=2 10 2 2 2
left_child=1 2 3 4 -1
right_child=-2 -3 -4 -5 -6
leaf_value=0.076724696615531163 0.18250445930862524 -0.18924634431726137 -0.14864390682445267 0.29096823047416714 -0.1099448640742261
leaf_weight=2384 2124 2643 2071 2457 3397
leaf_count=2384 2124 2643 2071 2457 3397
internal_value=0.00689558 -0.0219025 0.0210007 0.0636487 -0.0329651
internal_weight=15076 12952 10309 8238 5781
internal_count=15076 12952 10309 8238 5781
is_linear=0
shrinkage=0.05


Tree=244
num_leaves=6
num_cat=0
split_feature=3 5 1 0 3
split_gain=41166.1 48201.1 31664.8 32654 23627.6
threshold=0.64700834600000012 7.5000000000000009 66.500000000000014 0.088667822000000021 0.26592696650000008
decision_type=2 2 2 2 2
left_child=2 -2 3 -1 -5
right_child=1 -3 -4 4 -6
leaf_value=-0.12143445847132417 0.011406084666196114 -0.31822912469099884 0.20454997763473229 0.20340545586824194 -0.022437411858405323
leaf_weight=3906 2213 2223 2041 2019 2716
leaf_count=3906 2213 2223 2041 2019 2716
internal_value=-0.0257496 -0.153783 0.0274199 -0.0144182 0.0738618
internal_weight=15118 4436 10682 8641 4735
internal_count=15118 4436 10682 8641 4735
is_linear=0
shrinkage=0.05


Tree=245
num_leaves=7
num_cat=0
split_feature=15 4 4 15 3 15
split_gain=62352.1 20014.3 24445.6 18677.9 13261.6 8628.24
threshold=404.11826689838409 10329.500000000002 6660.5000000000009 130.9003691377969 0.20560757350000003 111.92625166346805
decision_type=2 8 10 2 2 2
left_child=1 2 4 -3 -1 -6
right_child=-2 3 -4 -5 5 -7
leaf_value=-0.055999479399151487 -0.25452435948529339 0.012528944232243745 -0.14391952513264736 0.22274729873863797 0.022891121065567979 0.16921394852110203
leaf_weight=2213 2204 2023 2454 2212 2007 2023
leaf_count=2213 2204 2023 2454 2212 2007 2023
internal_value=-0.00870452 0.0331905 -0.0102154 0.122329 0.0423411 0.096343
internal_weight=15136 12932 8697 4235 6243 4030
internal_count=15136 12932 8697 4235 6243 4030
is_linear=0
shrinkage=0.05


Tree=246
num_leaves=6
num_cat=0
split_feature=1 1 4 0 5
split_gain=20895.3 38337.3 52923.1 58253 14992.5
threshold=41.500000000000007 49.500000000000007 7579.0000000000009 0.072709426000000008 8.5000000000000018
decision_type=2 2 8 2 2
left_child=-1 -2 4 -4 -3
right_child=1 2 3 -5 -6
leaf_value=-0.097415090783257899 0.2127549473714129 -0.04139133316863592 0.27923386699518349 -0.070110746600455118 -0.22456643707457427
leaf_weight=3165 2703 2475 2532 2257 2036
leaf_count=3165 2703 2475 2532 2257 2036
internal_value=0.0168695 0.0470046 -0.00116996 0.114592 -0.124066
internal_weight=15168 12003 9300 4789 4511
internal_count=15168 12003 9300 4789 4511
is_linear=0
shrinkage=0.05


Tree=247
num_leaves=6
num_cat=0
split_feature=3 15 1 14 3
split_gain=27107.3 62389.5 15367.9 13601.3 34386.9
threshold=0.082359436500000008 350.40611104265912 47.500000000000007 0.0075602986304670718 0.43314913800000004
decision_type=2 2 2 2 2
left_child=-1 2 -2 -4 -5
right_child=1 -3 3 4 -6
leaf_value=-0.14844104039594327 -0.095647696526511408 0.27110207142821369 -0.071898616625014844 -0.063651685109285955 0.20889350887336208
leaf_weight=2275 3686 2360 2182 2204 2437
leaf_count=2275 3686 2360 2182 2204 2437
internal_value=0.0106605 0.0387867 -0.0133842 0.0310571 0.0794624
internal_weight=15144 12869 10509 6823 4641
internal_count=15144 12869 10509 6823 4641
is_linear=0
shrinkage=0.05


Tree=248
num_leaves=6
num_cat=0
split_feature=15 3 15 3 14
split_gain=66419.7 18777.7 33672.6 6779.42 3271.84
threshold=383.97629010649831 0.20560757350000003 219.2823325640791 0.36681080150000006 0.022050957891665859
decision_type=2 2 2 2 2
left_child=1 -1 3 -3 -5
right_child=-2 2 -4 4 -6
leaf_value=-0.082801119901330614 -0.27467497358107923 0.074869486259903889 0.22748973629741559 -0.072587565255150949 0.009674929670711924
leaf_weight=3695 2404 2018 2079 2588 2268
leaf_count=3695 2404 2018 2079 2588 2268
internal_value=-0.0337593 0.0120314 0.0511699 -0.00215701 -0.0341668
internal_weight=15052 12648 8953 6874 4856
internal_count=15052 12648 8953 6874 4856
is_linear=0
shrinkage=0.05


Tree=249
num_leaves=6
num_cat=0
split_feature=1 15 15 3 15
split_gain=28522.9 107237 90488 21302 7139.04
threshold=59.500000000000007 205.49878652182289 319.40787406139412 0.21489458900000002 98.662218184286075
decision_type=2 2 2 2 2
left_child=2 -2 3 -1 -5
right_child=1 -3 -4 4 -6
leaf_value=-0.16496164797002533 0.085109412468546447 -0.36426001884786552 0.3522261770153432 -0.039821835633655212 0.076199031910031356
leaf_weight=2006 3458 2155 2013 2342 3056
leaf_count=2006 3458 2155 2013 2342 3056
internal_value=0.00179958 -0.0874171 0.0549771 -0.0258389 0.0258617
internal_weight=15030 5613 9417 7404 5398
internal_count=15030 5613 9417 7404 5398
is_linear=0
shrinkage=0.05


Tree=250
num_leaves=6
num_cat=0
split_feature=14 1 4 4 3
split_gain=55488.5 31430.9 53673.5 24397.3 251.511
threshold=0.019418389610717211 50.500000000000007 6751.0000000000009 8071.0000000000009 0.41067191100000006
decision_type=2 2 8 8 2
left_child=1 -1 -3 4 -2
right_child=3 2 -4 -5 -6
leaf_value=0.2484505684798419 -0.028749598099058495 -0.13290535743345722 0.16605226005224608 -0.22602031174954731 -0.0037115628932807305
leaf_weight=2720 2000 2527 3699 2116 2012
leaf_count=2720 2000 2527 3699 2116 2012
internal_value=0.0272612 0.106658 0.0447118 -0.0886465 -0.0161931
internal_weight=15074 8946 6226 6128 4012
internal_count=15074 8946 6226 6128 4012
is_linear=0
shrinkage=0.05


Tree=251
num_leaves=6
num_cat=0
split_feature=14 0 3 9 0
split_gain=28125.4 41231.7 44671.4 33686 12414.8
threshold=0.043671839450189077 0.057289922500000007 0.41784532150000003 1.0000000180025095e-35 0.014637081000000001
decision_type=2 2 2 8 2
left_child=1 3 -3 4 -1
right_child=-2 2 -4 -5 -6
leaf_value=-0.044195999273182851 -0.14289923759225834 0.027053907020465669 0.28905658898100389 -0.20397318484064955 0.1298584895730894
leaf_weight=2055 2160 3825 2831 2093 2043
leaf_count=2055 2160 3825 2831 2093 2043
internal_value=0.0240355 0.0521026 0.138492 -0.040775 0.0425764
internal_weight=15007 12847 6656 6191 4098
internal_count=15007 12847 6656 6191 4098
is_linear=0
shrinkage=0.05


Tree=252
num_leaves=6
num_cat=0
split_feature=14 15 4 1 4
split_gain=44032.8 59880.2 25886.2 14236.2 17593.7
threshold=0.0040695171226071414 363.19039803799734 6500.5000000000009 41.500000000000007 5703.0000000000009
decision_type=2 2 10 2 8
left_child=-1 2 3 -2 -5
right_child=1 -3 -4 4 -6
leaf_value=-0.24152533320196962 0.12403470458512444 0.24317776090549925 -0.1544038405638197 -0.10722046566721302 0.077366033387737704
leaf_weight=2022 2065 2261 3383 3112 2206
leaf_count=2022 2065 2261 3383 3112 2206
internal_value=-0.0244373 0.00925829 -0.0398678 0.0126143 -0.0306507
internal_weight=15049 13027 10766 7383 5318
internal_count=15049 13027 10766 7383 5318
is_linear=0
shrinkage=0.05


Tree=253
num_leaves=6
num_cat=0
split_feature=0 15 3 3 3
split_gain=41789 68682 59633.7 27523 25002.4
threshold=0.039722230500000004 175.00246349811104 0.22516868500000004 0.38668887800000007 0.76068888800000012
decision_type=2 2 2 2 2
left_child=1 -1 -2 -4 -5
right_child=2 -3 3 4 -6
leaf_value=-0.018703712855276305 -0.23132075323631682 0.34495028618053636 0.18517856867886359 -0.14210977023903343 0.085861768547852033
leaf_weight=2847 2634 2387 2395 2286 2538
leaf_count=2847 2634 2387 2395 2286 2538
internal_value=0.0329691 0.147143 -0.0276811 0.046621 -0.0221695
internal_weight=15087 5234 9853 7219 4824
internal_count=15087 5234 9853 7219 4824
is_linear=0
shrinkage=0.05


Tree=254
num_leaves=6
num_cat=0
split_feature=0 0 4 14 1
split_gain=48470.2 87589.4 40911.4 39127.9 18144.1
threshold=0.087069242500000019 0.041238561000000014 7579.0000000000009 0.0086638047098293435 55.500000000000007
decision_type=2 2 10 2 2
left_child=1 3 4 -1 -2
right_child=2 -3 -4 -5 -6
leaf_value=0.13288979292671227 0.08183040963878413 -0.36171318889709653 0.27012977866626153 -0.13947677500289116 -0.10312106750467194
leaf_weight=2937 3345 2245 2046 2393 2197
leaf_count=2937 3345 2245 2046 2393 2197
internal_value=-0.0102661 -0.0997382 0.0790526 0.0106059 0.0085106
internal_weight=15163 7575 7588 5330 5542
internal_count=15163 7575 7588 5330 5542
is_linear=0
shrinkage=0.05


Tree=255
num_leaves=6
num_cat=0
split_feature=14 4 4 5 4
split_gain=54229.9 25088 41819.8 39739.2 22522.5
threshold=0.0098979294367737818 5600.5000000000009 3563.0000000000005 9.5000000000000018 5500.5000000000009
decision_type=2 8 10 2 10
left_child=4 2 -2 -3 -1
right_child=1 3 -4 -5 -6
leaf_value=-0.05013053978872422 0.12059164335572344 -0.0024060020134838642 -0.19435468893652177 0.27914910505445623 -0.24830795798710686
leaf_weight=3338 2197 2570 2026 2446 2513
leaf_count=3338 2197 2570 2026 2446 2513
internal_value=-0.0161392 0.0592913 -0.030505 0.134891 -0.135248
internal_weight=15090 9239 4223 5016 5851
internal_count=15090 9239 4223 5016 5851
is_linear=0
shrinkage=0.05


Tree=256
num_leaves=6
num_cat=0
split_feature=14 15 1 7 5
split_gain=34177.9 130828 40700.7 15677.1 8840.24
threshold=0.026258552990754341 294.50933474068285 48.500000000000007 1.0000000180025095e-35 7.5000000000000009
decision_type=2 2 2 2 2
left_child=1 3 -2 -1 -5
right_child=2 -3 -4 4 -6
leaf_value=0.1337014447771869 0.25743962204395915 -0.36045368729662186 -0.047471826644142845 -0.091728540030294292 0.043014652593281549
leaf_weight=2976 2226 2685 2153 2028 3045
leaf_count=2976 2226 2685 2153 2028 3045
internal_value=-0.0101975 -0.0582233 0.107525 0.0425953 -0.0108508
internal_weight=15113 10734 4379 8049 5073
internal_count=15113 10734 4379 8049 5073
is_linear=0
shrinkage=0.05


Tree=257
num_leaves=5
num_cat=0
split_feature=15 3 3 0
split_gain=34943.9 22616.3 20776.2 23077.9
threshold=350.40611104265912 0.20285513400000002 0.38668887800000007 0.056476090000000007
decision_type=2 2 2 2
left_child=1 -1 -3 -4
right_child=-2 2 3 -5
leaf_value=-0.11936472101867908 0.18279224060591867 0.13842258331011534 -0.15329313405397862 0.052080314941776618
leaf_weight=3560 2793 2941 2181 3669
leaf_count=3560 2793 2941 2181 3669
internal_value=0.0230752 -0.0130424 0.0300138 -0.0244871
internal_weight=15144 12351 8791 5850
internal_count=15144 12351 8791 5850
is_linear=0
shrinkage=0.05


Tree=258
num_leaves=6
num_cat=0
split_feature=3 15 4 14 4
split_gain=46046 46562 10415.5 17704.9 6557.65
threshold=0.14775225150000001 325.91281994556545 6300.5000000000009 0.010684573751964429 3801.5000000000005
decision_type=2 2 8 2 10
left_child=-1 2 4 -4 -2
right_child=1 -3 3 -5 -6
leaf_value=0.16116756075448868 -0.0014299590184576978 -0.24547900465668457 0.04638608194932968 -0.13440117508102409 0.12635443566603491
leaf_weight=3357 2011 2396 2712 2705 2005
leaf_count=3357 2011 2396 2712 2705 2005
internal_value=-0.00226652 -0.0486481 0.00134728 -0.0438907 0.0623668
internal_weight=15186 11829 9433 5417 4016
internal_count=15186 11829 9433 5417 4016
is_linear=0
shrinkage=0.05


Tree=259
num_leaves=6
num_cat=0
split_feature=15 14 15 15 1
split_gain=116698 30683.8 53433.2 23054.1 2318.83
threshold=404.11826689838409 0.010684573751964429 183.68319461142127 145.68026571738184 47.500000000000007
decision_type=2 2 2 2 2
left_child=1 2 -1 4 -3
right_child=-2 3 -4 -5 -6
leaf_value=-0.013060967102794696 -0.38620268842293104 -0.015784832744516041 0.30776312243733772 -0.15727990669551697 0.058715617734859948
leaf_weight=3653 2124 2033 2013 3110 2148
leaf_count=3653 2124 2033 2013 3110 2148
internal_value=-0.0426755 0.0136378 0.10092 -0.0541915 0.02249
internal_weight=15081 12957 5666 7291 4181
internal_count=15081 12957 5666 7291 4181
is_linear=0
shrinkage=0.05


Tree=260
num_leaves=6
num_cat=0
split_feature=4 1 15 1 14
split_gain=38711.9 51449.4 79543.8 20798.2 12449
threshold=8200.5000000000018 68.500000000000014 297.65441488938581 56.500000000000007 0.02412407935488747
decision_type=10 2 2 2 2
left_child=1 2 3 4 -1
right_child=-2 -3 -4 -5 -6
leaf_value=0.033253793577110308 -0.15161295404648059 -0.17255947591342813 0.36889185750864245 0.13919195943184948 -0.12396187214986627
leaf_weight=2710 3277 2245 2056 2389 2352
leaf_count=2710 3277 2245 2056 2389 2352
internal_value=0.000352587 0.0427276 0.0935659 0.0175935 -0.0397947
internal_weight=15029 11752 9507 7451 5062
internal_count=15029 11752 9507 7451 5062
is_linear=0
shrinkage=0.05


Tree=261
num_leaves=7
num_cat=0
split_feature=0 14 15 4 9 0
split_gain=27770.8 37251.7 59845.7 34178.6 40705.6 6942.67
threshold=0.11244737200000002 0.004510488699122849 229.73817259125912 5600.5000000000009 1.0000000180025095e-35 0.028055585000000004
decision_type=2 2 2 8 8 2
left_child=1 -1 5 -2 -5 -3
right_child=3 2 -4 4 -6 -7
leaf_value=-0.1366781603210874 -0.222567286345455 -0.062200558241201111 0.32942490383444106 -0.15170297873489055 0.16311872768752683 0.067146885922060737
leaf_weight=2003 2728 2113 2089 2053 2054 2038
leaf_count=2003 2728 2113 2089 2053 2054 2038
internal_value=-0.0108599 0.0509302 0.111151 -0.0853788 0.0057462 0.00130464
internal_weight=15078 8243 6240 6835 4107 4151
internal_count=15078 8243 6240 6835 4107 4151
is_linear=0
shrinkage=0.05


Tree=262
num_leaves=6
num_cat=0
split_feature=1 1 9 0 4
split_gain=18303.3 52632.3 44143.9 35948.1 34756.7
threshold=59.500000000000007 66.500000000000014 1.0000000180025095e-35 0.16918474650000001 7060.5000000000009
decision_type=2 2 8 2 8
left_child=2 -2 4 -4 -1
right_child=1 -3 3 -5 -6
leaf_value=0.0075651224704029463 -0.26209975608641711 0.047079277250794617 -0.21192931532155135 0.064491622273656346 0.27925605496845413
leaf_weight=2600 2492 3075 2564 2173 2151
leaf_count=2600 2492 3075 2564 2173 2151
internal_value=-0.0193478 -0.091321 0.0228818 -0.085127 0.130572
internal_weight=15055 5567 9488 4737 4751
internal_count=15055 5567 9488 4737 4751
is_linear=0
shrinkage=0.05


Tree=263
num_leaves=6
num_cat=0
split_feature=15 15 15 15 15
split_gain=64583.8 13548.5 11237.2 5308.45 14084.4
threshold=313.49485201010521 217.32735061272075 149.08523252516849 98.662218184286075 27.825598865248129
decision_type=2 2 2 2 2
left_child=1 2 3 4 -1
right_child=-2 -3 -4 -5 -6
leaf_value=0.10992647036266077 -0.20440894433684209 0.16465500457858553 -0.073500014254998608 0.11640408205803024 -0.056132494927450982
leaf_weight=2473 3285 2009 2338 2246 2640
leaf_count=2473 3285 2009 2338 2246 2640
internal_value=-0.0085006 0.0464762 0.0219923 0.0523307 0.0241851
internal_weight=14991 11706 9697 7359 5113
internal_count=14991 11706 9697 7359 5113
is_linear=0
shrinkage=0.05


Tree=264
num_leaves=6
num_cat=0
split_feature=7 14 7 14 14
split_gain=26814.6 64189.9 27466.7 60578.8 33443.8
threshold=1.5000000000000002 0.02112089312688822 1.0000000180025095e-35 0.0091480837449767032 0.010159559682860938
decision_type=2 2 2 2 2
left_child=2 -2 3 -1 -4
right_child=1 -3 4 -5 -6
leaf_value=-0.27924418180764465 -0.33076632087504604 0.0586951444416135 0.21397034983914823 0.066605671179450349 -0.031071379177482379
leaf_weight=2093 2125 2107 2730 3205 2842
leaf_count=2093 2125 2107 2730 3205 2842
internal_value=-0.0300861 -0.136864 0.0114855 -0.070024 0.0889868
internal_weight=15102 4232 10870 5298 5572
internal_count=15102 4232 10870 5298 5572
is_linear=0
shrinkage=0.05


Tree=265
num_leaves=6
num_cat=0
split_feature=0 15 4 1 15
split_gain=23859.3 52926 37988.4 38017 7178.96
threshold=0.11244737200000002 229.73817259125912 11002.500000000002 52.500000000000007 87.852310754151461
decision_type=2 2 8 2 2
left_child=2 4 3 -1 -2
right_child=1 -3 -4 -5 -6
leaf_value=0.2799892971871934 -0.049037756791866005 -0.27763004604933622 -0.10046743124561466 0.012088378682218225 0.077389935495642964
leaf_weight=2297 2065 2236 2829 3127 2461
leaf_count=2297 2065 2236 2829 3127 2461
internal_value=-0.0089826 -0.0786139 0.048069 0.125541 0.019707
internal_weight=15015 6762 8253 5424 4526
internal_count=15015 6762 8253 5424 4526
is_linear=0
shrinkage=0.05


Tree=266
num_leaves=6
num_cat=0
split_feature=1 4 1 5 4
split_gain=29301.9 57543.6 49465.4 28473 46159.2
threshold=46.500000000000007 6833.5000000000009 52.500000000000007 5.5000000000000009 6500.5000000000009
decision_type=2 8 2 2 10
left_child=1 -1 -2 -4 -5
right_child=2 -3 3 4 -6
leaf_value=0.041794561088965711 0.25699144797957729 -0.30981494137614474 -0.16289100987188773 -0.064159883845658003 0.2231275702323825
leaf_weight=2714 2111 2037 2317 3726 2238
leaf_count=2714 2111 2037 2317 3726 2238
internal_value=-0.0060934 -0.108959 0.0409344 -0.0141431 0.0436452
internal_weight=15143 4751 10392 8281 5964
internal_count=15143 4751 10392 8281 5964
is_linear=0
shrinkage=0.05


Tree=267
num_leaves=5
num_cat=0
split_feature=3 0 0 0
split_gain=37402.3 78605.6 69880.2 86611
threshold=0.24996712350000003 0.091961788000000017 0.070103120500000018 0.20827371950000004
decision_type=2 2 2 2
left_child=1 -1 -2 -4
right_child=2 -3 3 -5
leaf_value=-0.034048300823671052 0.12051801372309218 0.35578423071550735 -0.4053895297983503 -0.0043444945626897038
leaf_weight=3240 3904 2152 2143 3621
leaf_count=3240 3904 2152 2143 3621
internal_value=0.0160261 0.121538 -0.0428195 -0.153449
internal_weight=15060 5392 9668 5764
internal_count=15060 5392 9668 5764
is_linear=0
shrinkage=0.05


Tree=268
num_leaves=6
num_cat=0
split_feature=7 15 1 15 7
split_gain=52878 82183.2 53578.8 127385 15545.3
threshold=1.5000000000000002 176.34473169695914 39.500000000000007 259.60324302976801 1.0000000180025095e-35
decision_type=2 2 2 2 2
left_child=2 -2 -1 4 -4
right_child=1 -3 3 -5 -6
leaf_value=-0.18051591302449566 0.047203059267559737 -0.39532257277405403 0.063131340935635757 0.3990827872034925 -0.095460409637103866
leaf_weight=2126 2196 2009 2871 2522 3346
leaf_count=2126 2196 2009 2871 2522 3346
internal_value=-0.0136693 -0.16422 0.0445973 0.0993622 -0.022223
internal_weight=15070 4205 10865 8739 6217
internal_count=15070 4205 10865 8739 6217
is_linear=0
shrinkage=0.05


Tree=269
num_leaves=5
num_cat=0
split_feature=15 0 0 3
split_gain=52956.4 11137.4 13990.5 13111.1
threshold=283.12832816646591 0.20143382500000004 0.058216802500000005 0.27710885600000007
decision_type=2 2 2 2
left_child=1 2 3 -1
right_child=-2 -3 -4 -5
leaf_value=0.083858054416492259 -0.20397942642679842 -0.058212905749458158 0.13777713871753047 -0.083193040495395887
leaf_weight=2210 3829 3802 2701 2507
leaf_count=2210 3829 3802 2701 2507
internal_value=-0.0434225 0.01137 0.0470339 -0.00492657
internal_weight=15049 11220 7418 4717
internal_count=15049 11220 7418 4717
is_linear=0
shrinkage=0.05


Tree=270
num_leaves=6
num_cat=0
split_feature=3 3 3 15 0
split_gain=65491 35505.6 88251.4 45738.4 10380.9
threshold=0.14775225150000001 0.28442242700000003 0.39382508850000003 233.29302262104292 0.076561248000000012
decision_type=2 2 2 2 2
left_child=-1 -2 -3 4 -4
right_child=1 2 3 -5 -6
leaf_value=0.21640435422663759 -0.1883413465911698 0.29958506870538887 -0.071342566577629912 -0.26685062255505776 0.077447988703998508
leaf_weight=3336 2846 2082 2059 2094 2722
leaf_count=3336 2846 2082 2059 2094 2722
internal_value=0.0207924 -0.0344954 0.0143876 -0.0719805 0.0133694
internal_weight=15139 11803 8957 6875 4781
internal_count=15139 11803 8957 6875 4781
is_linear=0
shrinkage=0.05


Tree=271
num_leaves=6
num_cat=0
split_feature=14 15 15 14 3
split_gain=51660.9 98688.5 68275.8 14803.1 14795.4
threshold=0.0086638047098293435 283.12832816646591 193.66612736633439 0.029531045323552531 0.41784532150000003
decision_type=2 2 2 2 2
left_child=2 3 -1 4 -2
right_child=1 -3 -4 -5 -6
leaf_value=-0.026598794867623045 0.0045196683334323903 -0.33218519883535208 0.35791640708852862 -0.060231911053061464 0.18357276897937569
leaf_weight=2727 2701 2566 2002 3059 2014
leaf_count=2727 2701 2566 2002 3059 2014
internal_value=-0.000710049 -0.0633185 0.136184 0.0254275 0.0810017
internal_weight=15069 10340 4729 7774 4715
internal_count=15069 10340 4729 7774 4715
is_linear=0
shrinkage=0.05


Tree=272
num_leaves=5
num_cat=0
split_feature=5 9 14 14
split_gain=27702.2 40954.8 38720.8 66645.7
threshold=12.500000000000002 1.5000000000000002 0.021036385489510496 0.0086638047098293435
decision_type=2 10 2 2
left_child=1 2 3 -1
right_child=-2 -3 -4 -5
leaf_value=0.023751695615024854 -0.16696556220534461 0.19183173895847677 0.10062251874304527 -0.30380302770060591
leaf_weight=3867 2707 2468 3402 2595
leaf_count=3867 2707 2468 3402 2595
internal_value=-0.022125 0.00966895 -0.0359087 -0.107787
internal_weight=15039 12332 9864 6462
internal_count=15039 12332 9864 6462
is_linear=0
shrinkage=0.05


Tree=273
num_leaves=6
num_cat=0
split_feature=1 3 3 4 4
split_gain=32423.6 26216.4 60064.7 38531.6 24859.1
threshold=39.500000000000007 0.24996712350000003 0.46425080350000009 6565.5000000000009 22041.500000000004
decision_type=2 2 2 10 8
left_child=-1 3 -3 -2 -4
right_child=1 2 4 -5 -6
leaf_value=-0.16632057453125923 -0.011652176194565086 -0.19411719917615236 0.2062129344571324 0.28764269852578722 -0.01781611372885036
leaf_weight=2597 2314 3194 2260 2009 2739
leaf_count=2597 2314 3194 2260 2009 2739
internal_value=-0.00554429 0.0278159 -0.0247489 0.127437 0.0834653
internal_weight=15113 12516 8193 4323 4999
internal_count=15113 12516 8193 4323 4999
is_linear=0
shrinkage=0.05


Tree=274
num_leaves=6
num_cat=0
split_feature=1 15 0 0 4
split_gain=51639.7 82070.1 17012.9 8247.26 2571.82
threshold=70.500000000000014 283.12832816646591 0.23540908100000005 0.082461312500000009 6565.5000000000009
decision_type=2 2 2 2 8
left_child=1 2 3 4 -1
right_child=-2 -3 -4 -5 -6
leaf_value=0.06676115832204392 0.20919192939837461 -0.27200100434977109 -0.076891902027945866 0.14532695865974091 -0.010331820530259307
leaf_weight=2001 2152 3266 3172 2120 2355
leaf_count=2001 2152 3266 3172 2120 2355
internal_value=-0.017571 -0.055359 0.0179778 0.0644458 0.0250821
internal_weight=15066 12914 9648 6476 4356
internal_count=15066 12914 9648 6476 4356
is_linear=0
shrinkage=0.05


Tree=275
num_leaves=6
num_cat=0
split_feature=4 9 15 0 0
split_gain=40472.5 50155.6 73013 17700.1 7841.95
threshold=8584.5000000000018 1.5000000000000002 283.12832816646591 0.063453909000000017 0.26658535950000006
decision_type=10 10 2 2 2
left_child=1 2 3 -1 -5
right_child=-2 -3 -4 4 -6
leaf_value=-0.025427373072071505 -0.17881833555305021 0.25047199678379489 -0.26556704688556459 0.19561579720675445 0.056634811688317868
leaf_weight=3632 2972 2081 2314 2041 2019
leaf_count=3632 2972 2081 2314 2041 2019
internal_value=-0.013513 0.0271329 -0.0193161 0.0547641 0.126502
internal_weight=15059 12087 10006 7692 4060
internal_count=15059 12087 10006 7692 4060
is_linear=0
shrinkage=0.05


Tree=276
num_leaves=6
num_cat=0
split_feature=5 3 0 0 15
split_gain=25667.7 55285.2 63841 38975.2 71257.2
threshold=7.5000000000000009 0.59160016250000014 0.16918474650000001 0.10998301800000002 160.79729182240382
decision_type=2 2 2 2 2
left_child=3 2 -2 4 -1
right_child=1 -3 -4 -5 -6
leaf_value=-0.023513398917406184 -0.10083782124400183 -0.25318253044470035 0.25358269501541802 -0.057099892886282602 0.39097561898248667
leaf_weight=2151 3326 2420 2056 3142 2002
leaf_count=2151 3326 2420 2056 3142 2002
internal_value=0.00834773 -0.054694 0.0345558 0.0757708 0.176296
internal_weight=15097 7802 5382 7295 4153
internal_count=15097 7802 5382 7295 4153
is_linear=0
shrinkage=0.05


Tree=277
num_leaves=5
num_cat=0
split_feature=5 0 7 1
split_gain=41617.7 33982.2 33645.7 51687.6
threshold=13.500000000000002 0.016959284500000001 1.0000000180025095e-35 54.500000000000007
decision_type=2 2 2 2
left_child=1 -1 -3 -4
right_child=-2 2 3 -5
leaf_value=-0.17563842157813606 0.20793377383136985 -0.10729872020108429 0.20684664610326214 -0.081749745300308305
leaf_weight=3077 2131 3614 3640 2704
leaf_count=3077 2131 3614 3640 2704
internal_value=0.00308324 -0.0304063 0.0144701 0.0838383
internal_weight=15166 13035 9958 6344
internal_count=15166 13035 9958 6344
is_linear=0
shrinkage=0.05


Tree=278
num_leaves=6
num_cat=0
split_feature=3 15 0 1 4
split_gain=39358.5 77029.8 18921.4 10290.5 10102.4
threshold=0.16406211850000005 354.79508085464039 0.097127906000000014 56.500000000000007 6660.5000000000009
decision_type=2 2 2 2 8
left_child=-1 2 3 -2 -4
right_child=1 -3 4 -5 -6
leaf_value=0.14299064211941426 0.014838660174431882 -0.32388200234764697 0.019416527325789683 0.16656329665512068 -0.12343680226647374
leaf_weight=3583 2311 2059 2420 2164 2533
leaf_count=3583 2311 2059 2420 2164 2533
internal_value=-0.00169077 -0.0468195 0.0136888 0.088209 -0.0536397
internal_weight=15070 11487 9428 4475 4953
internal_count=15070 11487 9428 4475 4953
is_linear=0
shrinkage=0.05


Tree=279
num_leaves=6
num_cat=0
split_feature=3 1 15 14 0
split_gain=39564.1 63225.8 113047 37225.3 8720.03
threshold=0.21760914150000002 63.500000000000007 270.456259926276 0.0091480837449767032 0.23941253600000004
decision_type=2 2 2 2 2
left_child=3 2 4 -1 -2
right_child=1 -3 -4 -5 -6
leaf_value=-0.25810272135958728 0.06194610421337398 -0.16188823290770202 0.43735361358072694 0.024884526836811693 -0.064127073199743381
leaf_weight=2282 3670 2435 2169 2368 2190
leaf_count=2282 3670 2435 2169 2368 2190
internal_value=0.00736153 0.0612888 0.128973 -0.113992 0.01483
internal_weight=15114 10464 8029 4650 5860
internal_count=15114 10464 8029 4650 5860
is_linear=0
shrinkage=0.05


Tree=280
num_leaves=6
num_cat=0
split_feature=4 15 15 14 4
split_gain=40693.8 64593.5 27868.9 7823.93 12458.2
threshold=11002.500000000002 198.68821694266953 212.13175289516946 0.024944268232627843 5000.5000000000009
decision_type=8 2 2 2 10
left_child=2 -2 3 4 -1
right_child=1 -3 -4 -5 -6
leaf_value=0.10973393683462657 0.026823275474160847 -0.34695544777653686 0.15591431635540465 -0.086142858113999771 -0.062015146188698224
leaf_weight=2165 2731 2004 3686 2463 2061
leaf_count=2165 2731 2004 3686 2463 2061
internal_value=-0.00991087 -0.131372 0.045522 -0.0153101 0.0259727
internal_weight=15110 4735 10375 6689 4226
internal_count=15110 4735 10375 6689 4226
is_linear=0
shrinkage=0.05


Tree=281
num_leaves=6
num_cat=0
split_feature=7 15 15 4 15
split_gain=57642.6 74827.5 59212 28312.9 17371.9
threshold=1.0000000180025095e-35 192.45629773935647 316.36112339800542 6401.0000000000009 141.77371014290011
decision_type=2 2 2 8 2
left_child=1 -1 3 -2 -5
right_child=2 -3 -4 4 -6
leaf_value=0.00098037143332104339 0.10901768256309839 -0.38644474445793681 0.28531052303812032 -1.9974765722333094e-05 -0.19643518842811938
leaf_weight=3267 3078 2015 2218 2535 2025
leaf_count=3267 3078 2015 2218 2535 2025
internal_value=-0.0135381 -0.146816 0.0578879 -0.00815337 -0.0872438
internal_weight=15138 5282 9856 7638 4560
internal_count=15138 5282 9856 7638 4560
is_linear=0
shrinkage=0.05


Tree=282
num_leaves=6
num_cat=0
split_feature=15 4 9 3 4
split_gain=47554.3 11714.5 15842.1 11685.5 4211.41
threshold=419.61379436769442 12502.000000000002 1.5000000000000002 0.20560757350000003 4583.5000000000009
decision_type=2 8 10 2 10
left_child=1 2 3 -1 -5
right_child=-2 -3 -4 4 -6
leaf_value=-0.059296910465224041 0.27501912595264572 0.091422838177270815 -0.13400589957251377 0.016437582969978284 0.11367208775282832
leaf_weight=2832 2021 3584 2151 2010 2497
leaf_count=2832 2021 3584 2151 2010 2497
internal_value=0.0492995 0.0144074 -0.0146783 0.0202957 0.0703081
internal_weight=15095 13074 9490 7339 4507
internal_count=15095 13074 9490 7339 4507
is_linear=0
shrinkage=0.05


Tree=283
num_leaves=6
num_cat=0
split_feature=3 14 0 4 3
split_gain=28415 57557.2 65512.4 36370 15915
threshold=0.3898229800000001 0.0098511074846314734 0.24856369500000003 3563.0000000000005 764.50000000000011
decision_type=2 2 2 10 2
left_child=1 -1 -3 4 -2
right_child=3 2 -4 -5 -6
leaf_value=-0.089622916424497656 0.099543655475577586 0.35370842645887818 -0.025043194653222786 -0.22672016941656731 -0.091240608808630108
leaf_weight=3555 2351 2466 2126 2544 2043
leaf_count=3555 2351 2466 2126 2544 2043
internal_value=-0.00190652 0.0614206 0.178354 -0.0762689 0.0108381
internal_weight=15085 8147 4592 6938 4394
internal_count=15085 8147 4592 6938 4394
is_linear=0
shrinkage=0.05


Tree=284
num_leaves=5
num_cat=0
split_feature=0 14 4 3
split_gain=24973.6 67896.1 66646 29267.3
threshold=0.072709426000000008 0.012070312758673211 6666.5000000000009 0.53519797450000006
decision_type=2 2 8 2
left_child=2 -2 -1 -3
right_child=1 3 -4 -5
leaf_value=-0.08843116798723627 -0.29628804276196941 0.11812661622843437 0.22198843644999744 -0.11180546545161199
leaf_weight=3161 2051 3904 3817 2144
leaf_count=3161 2051 3904 3817 2144
internal_value=0.0120427 -0.0476888 0.0813699 0.0366163
internal_weight=15077 8099 6978 6048
internal_count=15077 8099 6978 6048
is_linear=0
shrinkage=0.05


Tree=285
num_leaves=5
num_cat=0
split_feature=1 7 4 4
split_gain=29531.3 44425.9 44107.4 32272.2
threshold=39.500000000000007 1.5000000000000002 6948.0000000000009 5155.0000000000009
decision_type=2 2 10 8
left_child=-1 2 3 -2
right_child=1 -3 -4 -5
leaf_value=-0.1089213230112154 0.18809898887653015 -0.070503366518844743 0.33445921044988214 -0.032625929740099528
leaf_weight=2653 3167 3699 2124 3471
leaf_count=2653 3167 3699 2124 3471
internal_value=0.0425497 0.0747985 0.13614 0.0726823
internal_weight=15114 12461 8762 6638
internal_count=15114 12461 8762 6638
is_linear=0
shrinkage=0.05


Tree=286
num_leaves=6
num_cat=0
split_feature=15 0 1 15 0
split_gain=89383 24844.9 33866.4 56980.9 3870.34
threshold=419.61379436769442 0.0099737760000000019 60.500000000000007 203.74865566665716 0.12955449200000005
decision_type=2 2 2 2 2
left_child=1 -1 3 4 -3
right_child=-2 2 -4 -5 -6
leaf_value=0.12530539455519282 0.33512240398388649 -0.080227797913586862 0.070837747462616715 -0.34135911684144626 0.0079202300138538698
leaf_weight=2332 2015 2129 3580 2035 3000
leaf_count=2332 2015 2129 3580 2035 3000
internal_value=0.025139 -0.0226292 -0.0547385 -0.117492 -0.0286692
internal_weight=15091 13076 10744 7164 5129
internal_count=15091 13076 10744 7164 5129
is_linear=0
shrinkage=0.05


Tree=287
num_leaves=6
num_cat=0
split_feature=0 4 0 1 3
split_gain=55576.4 37408.4 37325.9 62270 52517.8
threshold=0.16918474650000001 4300.5000000000009 0.0046648860000000009 62.500000000000007 0.28721533600000004
decision_type=2 10 2 2 2
left_child=2 -2 -1 4 -4
right_child=1 -3 3 -5 -6
leaf_value=0.11883871367264343 -0.018376869490477604 0.24157604500814484 -0.42314659871446142 0.071752633287425732 -0.089079891327243851
leaf_weight=2021 2479 3133 2038 2641 2783
leaf_count=2021 2479 3133 2038 2641 2783
internal_value=0.0020332 0.126747 -0.0717716 -0.123396 -0.230301
internal_weight=15095 5612 9483 7462 4821
internal_count=15095 5612 9483 7462 4821
is_linear=0
shrinkage=0.05


Tree=288
num_leaves=6
num_cat=0
split_feature=3 15 3 3 1
split_gain=45689.2 71759 37992.3 23194 15951.4
threshold=0.59160016250000014 350.40611104265912 147.50000000000003 0.20285513400000002 54.500000000000007
decision_type=2 2 2 2 2
left_child=1 3 -2 -1 -5
right_child=2 -3 -4 4 -6
leaf_value=-0.10364907905482655 -0.27968378738538108 0.32584202104859045 0.0038934110927406167 -0.011734035825682235 0.17208779664820714
leaf_weight=3505 2210 2029 2537 2821 2029
leaf_count=3505 2210 2029 2537 2821 2029
internal_value=0.000375671 0.0591206 -0.128128 -0.00565238 0.0651679
internal_weight=15131 10384 4747 8355 4850
internal_count=15131 10384 4747 8355 4850
is_linear=0
shrinkage=0.05


Tree=289
num_leaves=6
num_cat=0
split_feature=0 15 15 14 14
split_gain=30263.1 204848 41254.4 8925.67 25912
threshold=0.16918474650000001 294.50933474068285 189.50021093070478 0.0083105465940936964 0.011631852661456764
decision_type=2 2 2 2 2
left_child=1 3 -2 -1 -5
right_child=2 -3 -4 4 -6
leaf_value=0.0018453620161176069 -0.030390393456857758 -0.47530547393571676 0.24481739476631945 0.24334382686628175 -0.0072870481069388293
leaf_weight=3045 3355 2302 2292 2009 2119
leaf_count=3045 3355 2302 2292 2009 2119
internal_value=-0.0103119 -0.064918 0.0813107 0.066786 0.114689
internal_weight=15122 9475 5647 7173 4128
internal_count=15122 9475 5647 7173 4128
is_linear=0
shrinkage=0.05


Tree=290
num_leaves=6
num_cat=0
split_feature=3 4 5 14 14
split_gain=26504.8 41744.1 45164.7 46583.7 74740.9
threshold=0.12408228700000001 8200.5000000000018 11.500000000000002 0.0086638047098293435 0.028598038407648563
decision_type=2 10 2 2 2
left_child=-1 2 3 -2 -5
right_child=1 -3 -4 4 -6
leaf_value=0.14304315507076323 0.26909979311130899 -0.20345830446046503 -0.17932908146060128 -0.15800533924623461 0.22638342670495981
leaf_weight=2933 2289 2569 2141 3102 2135
leaf_count=2933 2289 2569 2141 3102 2135
internal_value=0.0080482 -0.0243104 0.023298 0.0809415 -0.00129921
internal_weight=15169 12236 9667 7526 5237
internal_count=15169 12236 9667 7526 5237
is_linear=0
shrinkage=0.05


Tree=291
num_leaves=5
num_cat=0
split_feature=0 14 3 5
split_gain=41101.6 30974.7 52181 33577.9
threshold=0.48245778750000007 0.0098511074846314734 0.38668887800000007 5.5000000000000009
decision_type=2 2 2 2
left_child=1 3 -3 -1
right_child=-2 2 -4 -5
leaf_value=-0.23345765954452802 -0.21058375600468168 0.22755216788942736 -0.042722837659022059 0.020940489944576771
leaf_weight=2027 2346 3412 3747 3602
leaf_count=2027 2346 3412 3747 3602
internal_value=-0.0182037 0.017089 0.086091 -0.0706682
internal_weight=15134 12788 7159 5629
internal_count=15134 12788 7159 5629
is_linear=0
shrinkage=0.05


Tree=292
num_leaves=6
num_cat=0
split_feature=4 5 1 15 14
split_gain=26683.9 50569.6 45434.5 88857.4 34000.6
threshold=4694.5000000000009 5.5000000000000009 46.500000000000007 243.94185198685656 0.01729465325404151
decision_type=8 2 2 2 2
left_child=4 -2 -3 -4 -1
right_child=1 2 3 -5 -6
leaf_value=0.26176767172792864 -0.21248231197064316 -0.15599754811503597 -0.0333358150767342 0.37953013930799623 -0.011447876167121231
leaf_weight=2175 2704 2182 3696 2013 2390
leaf_count=2175 2704 2182 3696 2013 2390
internal_value=0.0176669 -0.0258758 0.0380685 0.112241 0.118726
internal_weight=15160 10595 7891 5709 4565
internal_count=15160 10595 7891 5709 4565
is_linear=0
shrinkage=0.05


Tree=293
num_leaves=6
num_cat=0
split_feature=7 15 14 0 0
split_gain=24463 66819.6 46693.5 13539.1 21924.4
threshold=1.0000000180025095e-35 288.43248640221969 0.0091480837449767032 0.031903306000000006 0.16066407400000002
decision_type=2 2 2 2 2
left_child=2 3 -1 -2 -5
right_child=1 -3 -4 4 -6
leaf_value=-0.24560158022912107 -0.11395529473518998 0.2950200282078716 0.059246458092975934 0.15161419757555036 -0.053393329993883992
leaf_weight=2072 2018 2516 3190 2360 2915
leaf_count=2072 2018 2516 3190 2360 2915
internal_value=0.0261818 0.0728389 -0.0607925 -0.00381103 0.0383257
internal_weight=15071 9809 5262 7293 5275
internal_count=15071 9809 5262 7293 5275
is_linear=0
shrinkage=0.05


Tree=294
num_leaves=5
num_cat=0
split_feature=3 3 15 15
split_gain=38206.1 64486.3 86483.1 35060.9
threshold=0.16706753750000003 0.46425080350000009 195.34946029896585 189.50021093070478
decision_type=2 2 2 2
left_child=-1 2 -2 -3
right_child=1 3 -4 -5
leaf_value=0.14686996267961966 0.0095823428544225195 -0.018599060027063002 -0.38964577499410558 0.23247997144595806
leaf_weight=3712 3194 3629 2358 2254
leaf_count=3712 3194 3629 2358 2254
internal_value=0.00749432 -0.0377494 -0.159975 0.0775988
internal_weight=15147 11435 5552 5883
internal_count=15147 11435 5552 5883
is_linear=0
shrinkage=0.05


Tree=295
num_leaves=7
num_cat=0
split_feature=0 5 15 15 15 4
split_gain=30128.7 56622.9 89425.5 39935.9 18068.6 7258.12
threshold=0.11244737200000002 7.5000000000000009 155.23527848362593 245.52103595603435 158.20769384683535 7167.5000000000009
decision_type=2 2 2 2 2 8
left_child=1 2 -1 5 -3 -2
right_child=3 4 -4 -5 -6 -7
leaf_value=-0.027917753040948453 -0.049171345947362416 0.042447654574292226 0.43794212800755439 -0.25926170893391093 -0.16681521270288924 0.075282062456665827
leaf_weight=2122 2718 2033 2002 2052 2094 2059
leaf_count=2122 2718 2033 2002 2052 2094 2059
internal_value=0.00290827 0.0672044 0.198234 -0.0747762 -0.0637303 0.00447102
internal_weight=15080 8251 4124 6829 4127 4777
internal_count=15080 8251 4124 6829 4127 4777
is_linear=0
shrinkage=0.05


Tree=296
num_leaves=7
num_cat=0
split_feature=0 1 1 4 15 1
split_gain=26749.3 30205.5 42853 37907.9 28197.8 27648.4
threshold=0.0046648860000000009 46.500000000000007 53.500000000000007 5079.0000000000009 145.68026571738184 38.500000000000007
decision_type=2 2 2 8 2 2
left_child=-1 5 -3 -4 -5 -2
right_child=1 2 3 4 -6 -7
leaf_value=0.18335382383785656 0.0072121554569615585 0.23211740666877603 0.15415093186072451 0.036371674559486568 -0.21223592805295641 -0.24975419186889641
leaf_weight=2014 2064 2184 2085 2040 2587 2124
leaf_count=2014 2064 2184 2085 2040 2587 2124
internal_value=0.0137221 -0.0123891 0.0397362 -0.0228623 -0.102627 -0.123112
internal_weight=15098 13084 8896 6712 4627 4188
internal_count=15098 13084 8896 6712 4627 4188
is_linear=0
shrinkage=0.05


Tree=297
num_leaves=6
num_cat=0
split_feature=4 15 15 15 0
split_gain=53750.9 77379.5 45310 11142.5 3835.38
threshold=11002.500000000002 195.34946029896585 224.33787257743185 138.08777733978482 0.059212309500000004
decision_type=8 2 2 2 2
left_child=2 -2 3 4 -1
right_child=1 -3 -4 -5 -6
leaf_value=-0.035495681356211575 0.023209969872423294 -0.38825125020541174 0.19952175905859437 -0.12025289038737047 0.054337964235319905
leaf_weight=2000 2641 2014 3395 2075 2927
leaf_count=2000 2641 2014 3395 2075 2927
internal_value=-0.0136017 -0.15481 0.0496208 -0.0230604 0.0178721
internal_weight=15052 4655 10397 7002 4927
internal_count=15052 4655 10397 7002 4927
is_linear=0
shrinkage=0.05


Tree=298
num_leaves=6
num_cat=0
split_feature=4 4 4 5 5
split_gain=23656.7 30900.6 34045.4 29994.9 51589.4
threshold=9166.5000000000018 6666.5000000000009 4558.0000000000009 7.5000000000000009 4.5000000000000009
decision_type=10 10 10 2 2
left_child=1 2 3 4 -1
right_child=-2 -3 -4 -5 -6
leaf_value=-0.050916455302383139 -0.14184623604460975 0.19632800915839532 -0.1632947640090372 -0.076043899590357941 0.28922419296529422
leaf_weight=2145 2588 2158 2726 3128 2321
leaf_count=2145 2588 2158 2726 3128 2321
internal_value=-0.00427157 0.0242621 -0.0117183 0.0426927 0.125856
internal_weight=15066 12478 10320 7594 4466
internal_count=15066 12478 10320 7594 4466
is_linear=0
shrinkage=0.05


Tree=299
num_leaves=6
num_cat=0
split_feature=5 4 0 14 0
split_gain=34842.4 44501.5 55496.4 71431.8 18232.9
threshold=10.500000000000002 7772.0000000000009 0.016959284500000001 0.011631852661456764 0.11244737200000002
decision_type=2 10 2 2 2
left_child=1 2 -1 -4 -2
right_child=4 -3 3 -5 -6
leaf_value=-0.23995977172018976 0.19566997702276287 -0.27740766396349686 0.25015150568129413 -0.087228081789387416 -0.010881114869857551
leaf_weight=2208 2188 2150 2647 3852 2088
leaf_count=2208 2188 2150 2647 3852 2088
internal_value=-0.0260823 -0.0736952 -0.023393 0.0501844 0.0948097
internal_weight=15133 10857 8707 6499 4276
internal_count=15133 10857 8707 6499 4276
is_linear=0
shrinkage=0.05


Tree=300
num_leaves=6
num_cat=0
split_feature=4 14 15 15 4
split_gain=56025 77843.8 162726 67344 11353.6
threshold=13333.500000000002 0.030956521739130435 283.12832816646591 167.79371583570341 5000.5000000000009
decision_type=8 2 2 2 10
left_child=1 2 4 -2 -1
right_child=3 -3 -4 -5 -6
leaf_value=0.096581091179522696 -0.0097957804502302025 0.19158150281381658 -0.49413347817854841 0.39567969628019917 -0.041418878756460588
leaf_weight=2817 2079 2978 2034 2018 3165
leaf_count=2817 2079 2978 2034 2018 3165
internal_value=0.032109 -0.0267018 -0.107796 0.189923 0.0235671
internal_weight=15091 10994 8016 4097 5982
internal_count=15091 10994 8016 4097 5982
is_linear=0
shrinkage=0.05


Tree=301
num_leaves=6
num_cat=0
split_feature=0 9 0 1 1
split_gain=63589.2 40463.2 34884.8 91793.1 28908.1
threshold=0.4599513695000001 1.5000000000000002 0.0088560855000000011 64.500000000000014 50.500000000000007
decision_type=2 10 2 2 2
left_child=1 2 -1 4 -4
right_child=-2 -3 3 -5 -6
leaf_value=-0.14218312574526934 -0.19479811386138601 0.26254319428018014 0.090409132156380703 0.34527164060807858 -0.13799954232305495
leaf_weight=2133 2487 2487 2720 2381 2823
leaf_count=2133 2487 2487 2720 2381 2823
internal_value=0.0361677 0.0819595 0.0373029 0.0856174 -0.0259173
internal_weight=15031 12544 10057 7924 5543
internal_count=15031 12544 10057 7924 5543
is_linear=0
shrinkage=0.05


Tree=302
num_leaves=5
num_cat=0
split_feature=15 0 0 4
split_gain=53887.6 11291.2 22269.2 15006.4
threshold=283.12832816646591 0.21488025650000003 0.083739414000000026 2750.5000000000005
decision_type=2 2 2 10
left_child=1 2 3 -1
right_child=-2 -3 -4 -5
leaf_value=-0.10818120989019964 -0.20542356269902418 -0.060872909025779687 0.18616654220413162 0.060618563776422746
leaf_weight=2182 3848 3645 2067 3320
leaf_count=2182 3848 3645 2067 3320
internal_value=-0.0439744 0.0114256 0.0462424 -0.00632457
internal_weight=15062 11214 7569 5502
internal_count=15062 11214 7569 5502
is_linear=0
shrinkage=0.05


Tree=303
num_leaves=6
num_cat=0
split_feature=14 4 1 4 5
split_gain=32695.7 41364.3 35568.1 39854.9 31819.7
threshold=0.0098979294367737818 4601.5000000000009 39.500000000000007 10092.000000000002 9.5000000000000018
decision_type=2 10 2 8 2
left_child=1 -1 -2 4 -4
right_child=2 -3 3 -5 -6
leaf_value=0.02244123204637756 -0.12533091579917585 -0.24479515114200787 0.1422383306818101 0.28290277630346511 -0.11412353757824548
leaf_weight=2933 2370 2860 2555 2068 2300
leaf_count=2933 2370 2860 2555 2068 2300
internal_value=-0.0162635 -0.109493 0.0418534 0.0990868 0.0207899
internal_weight=15086 5793 9293 6923 4855
internal_count=15086 5793 9293 6923 4855
is_linear=0
shrinkage=0.05


Tree=304
num_leaves=6
num_cat=0
split_feature=15 3 15 15 5
split_gain=31342.1 25919.3 39002.4 6920.03 4777.68
threshold=404.11826689838409 0.20560757350000003 219.2823325640791 135.63526417719677 7.5000000000000009
decision_type=2 2 2 2 2
left_child=1 -1 3 4 -3
right_child=-2 2 -4 -5 -6
leaf_value=-0.1182488494545797 -0.21405868061897051 -0.046231006661929523 0.22046175604118223 -0.098156856589699942 0.053700096758135356
leaf_weight=3793 2161 2077 2204 2047 2820
leaf_count=3793 2161 2077 2204 2047 2820
internal_value=-0.0377907 -0.00835598 0.0372085 -0.0209554 0.0113156
internal_weight=15102 12941 9148 6944 4897
internal_count=15102 12941 9148 6944 4897
is_linear=0
shrinkage=0.05


Tree=305
num_leaves=6
num_cat=0
split_feature=4 4 4 3 3
split_gain=28560.9 35160.8 50287 30003.5 10648.4
threshold=18011.500000000004 6565.5000000000009 4752.5000000000009 0.26325381350000004 0.27935488100000005
decision_type=8 10 10 2 2
left_child=1 2 3 -1 -3
right_child=-2 4 -4 -5 -6
leaf_value=0.21370118054777665 -0.11995844118119392 0.076985974492934012 -0.21421700927571974 -0.044458983822013055 0.23020849004456212
leaf_weight=2006 3548 2363 2389 2564 2180
leaf_count=2006 3548 2363 2389 2564 2180
internal_value=0.00405894 0.0423144 -0.0283191 0.0688603 0.150511
internal_weight=15050 11502 6959 4570 4543
internal_count=15050 11502 6959 4570 4543
is_linear=0
shrinkage=0.05


Tree=306
num_leaves=6
num_cat=0
split_feature=3 0 0 4 3
split_gain=45551.1 35176.9 71926.1 35847.3 28404
threshold=1.0037132245000002 0.04288281750000001 0.16918474650000001 5600.5000000000009 0.18859006750000004
decision_type=2 2 2 10 2
left_child=1 4 -3 -4 -1
right_child=-2 2 3 -5 -6
leaf_value=-0.066988379806670703 0.15062698110887981 -0.30506717927384797 -0.14182853688685124 0.14028443269533694 0.19788601983801524
leaf_weight=2003 3644 3015 2091 2440 2046
leaf_count=2003 3644 3015 2091 2440 2046
internal_value=-0.00357407 -0.0520354 -0.115829 0.0100928 0.0668553
internal_weight=15239 11595 7546 4531 4049
internal_count=15239 11595 7546 4531 4049
is_linear=0
shrinkage=0.05


Tree=307
num_leaves=5
num_cat=0
split_feature=15 4 1 15
split_gain=130037 29637.6 16675.9 17946.7
threshold=404.11826689838409 1351.0000000000002 59.500000000000007 170.33208789423472
decision_type=2 10 2 2
left_child=1 -1 3 -3
right_child=-2 2 -4 -5
leaf_value=0.13280600350765714 -0.41299803245867239 -0.022110917484799219 0.050829122228429849 -0.19658715710628483
leaf_weight=3326 2184 3879 3277 2377
leaf_count=3326 2184 3879 3277 2377
internal_value=-0.0562896 0.00429457 -0.0405422 -0.0884041
internal_weight=15043 12859 9533 6256
internal_count=15043 12859 9533 6256
is_linear=0
shrinkage=0.05


Tree=308
num_leaves=7
num_cat=0
split_feature=15 14 15 15 3 5
split_gain=42507.7 14836 31357.2 23738.9 12467.2 9968.66
threshold=419.61379436769442 0.011631852661456764 195.34946029896585 189.50021093070478 0.27710885600000007 8.5000000000000018
decision_type=2 2 2 2 2 2
left_child=1 3 5 4 -1 -3
right_child=-2 2 -4 -5 -6 -7
leaf_value=0.069245377024682017 0.24145273557043678 -0.057655579741476629 -0.22203318211560449 0.18503932385520966 -0.10474052460306815 0.085953226285255105
leaf_weight=2010 2016 2458 2010 2151 2111 2377
leaf_count=2010 2016 2458 2010 2151 2111 2377
internal_value=0.0276991 -0.00515345 -0.0560545 0.0503979 -0.0198797 0.0129459
internal_weight=15133 13117 6845 6272 4121 4835
internal_count=15133 13117 6845 6272 4121 4835
is_linear=0
shrinkage=0.05


Tree=309
num_leaves=7
num_cat=0
split_feature=15 1 0 1 15 0
split_gain=168785 39481.6 28427 25439.6 21294.6 2101.11
threshold=409.46245331306409 60.500000000000007 0.038208254000000004 38.500000000000007 187.95366568097998 0.11470883600000002
decision_type=2 2 2 2 2 2
left_child=1 3 -3 -1 5 -5
right_child=-2 2 -4 4 -6 -7
leaf_value=0.072041351625362821 -0.50113445012355218 -0.03887181998111533 0.2128818316399535 -0.10201752985131476 -0.26271195759270966 -0.032172684056509533
leaf_weight=2036 2098 2017 2525 2186 2071 2122
leaf_count=2036 2098 2017 2525 2186 2071 2122
internal_value=-0.085084 -0.017717 0.101084 -0.0818397 -0.130954 -0.0676139
internal_weight=15055 12957 4542 8415 6379 4308
internal_count=15055 12957 4542 8415 6379 4308
is_linear=0
shrinkage=0.05


Tree=310
num_leaves=5
num_cat=0
split_feature=14 4 0 4
split_gain=37481.5 75311.5 50201.1 45660.4
threshold=0.014272216359486589 5703.0000000000009 0.072709426000000008 6948.0000000000009
decision_type=2 8 2 8
left_child=2 -2 3 -1
right_child=1 -3 -4 -5
leaf_value=-0.13554574378904286 -0.059373415518436626 0.26304873891241298 -0.2473328145003153 0.15471951093200756
leaf_weight=2339 3453 3809 2250 3220
leaf_count=2339 3453 3809 2250 3220
internal_value=0.0279738 0.109741 -0.0480655 0.0325878
internal_weight=15071 7262 7809 5559
internal_count=15071 7262 7809 5559
is_linear=0
shrinkage=0.05


Tree=311
num_leaves=6
num_cat=0
split_feature=1 15 15 0 15
split_gain=43150.4 126641 62794.9 16198.6 7187.4
threshold=55.500000000000007 268.44946693865899 227.97584771308934 0.19453236650000003 82.431973513092785
decision_type=2 2 2 2 2
left_child=1 3 4 -1 -2
right_child=2 -3 -4 -5 -6
leaf_value=0.01447767545581214 0.073300190902076623 0.39248093279246371 -0.3098902285189703 -0.15516116496104068 -0.0515972662157127
leaf_weight=3406 2070 2165 2424 2398 2597
leaf_count=3406 2070 2165 2424 2398 2597
internal_value=-0.0137108 0.0661257 -0.103433 -0.0556109 0.00379972
internal_weight=15060 7969 7091 5804 4667
internal_count=15060 7969 7091 5804 4667
is_linear=0
shrinkage=0.05


Tree=312
num_leaves=6
num_cat=0
split_feature=4 15 15 4 1
split_gain=41038.6 80950.7 77794.4 12374.4 18127.5
threshold=11002.500000000002 200.3686472693511 291.15260470977756 3260.5000000000005 49.500000000000007
decision_type=8 2 2 10 2
left_child=2 -2 3 -1 -5
right_child=1 -3 -4 4 -6
leaf_value=-0.1197543463558626 0.059003672863822604 -0.35988978123847221 0.30828879542165311 0.12479647225733581 -0.053980249789902041
leaf_weight=2121 2717 2004 2404 2450 3366
leaf_count=2121 2717 2004 2404 2450 3366
internal_value=0.00333787 -0.118811 0.0591027 -0.0163721 0.0213298
internal_weight=15062 4721 10341 7937 5816
internal_count=15062 4721 10341 7937 5816
is_linear=0
shrinkage=0.05


Tree=313
num_leaves=5
num_cat=0
split_feature=3 15 0 7
split_gain=57958.7 25619.4 14254 22855
threshold=0.13997532550000003 283.12832816646591 0.23128282450000001 1.5000000000000002
decision_type=2 2 2 2
left_child=-1 2 3 -2
right_child=1 -3 -4 -5
leaf_value=0.2092143856084647 -0.014947562160302966 -0.15736813647339809 -0.076908399384087278 0.19157368523737406
leaf_weight=3187 3859 2995 3011 2052
leaf_count=3187 3859 2995 3011 2052
internal_value=0.0198162 -0.0308351 0.0116404 0.0567462
internal_weight=15104 11917 8922 5911
internal_count=15104 11917 8922 5911
is_linear=0
shrinkage=0.05


Tree=314
num_leaves=6
num_cat=0
split_feature=15 4 4 7 15
split_gain=22999.2 45734.8 46227.8 21290.8 15634.9
threshold=419.61379436769442 10470.000000000002 6999.0000000000009 1.0000000180025095e-35 144.32719992476558
decision_type=2 8 10 2 2
left_child=1 2 3 -1 -3
right_child=-2 4 -4 -5 -6
leaf_value=-0.10642875154635073 0.17656503433931772 0.035996615162748359 -0.26670984210372445 0.075064008007790145 0.22742182878536929
leaf_weight=2851 2006 2194 2236 3730 2076
leaf_count=2851 2006 2194 2236 3730 2076
internal_value=0.0189155 -0.00524937 -0.0702963 -0.00356171 0.129064
internal_weight=15093 13087 8817 6581 4270
internal_count=15093 13087 8817 6581 4270
is_linear=0
shrinkage=0.05


Tree=315
num_leaves=5
num_cat=0
split_feature=1 1 4 15
split_gain=27684.4 46285.6 37481.1 34062.4
threshold=41.500000000000007 48.500000000000007 1500.5000000000002 187.95366568097998
decision_type=2 2 10 2
left_child=-1 -2 -3 -4
right_child=1 2 3 -5
leaf_value=-0.1521485733173904 0.21367360379092207 0.12161006160606316 0.0033032798187903716 -0.22026569720565525
leaf_weight=3184 2331 2745 3802 3087
leaf_count=3184 2331 2745 3802 3087
internal_value=-0.0211202 0.0137477 -0.0346254 -0.0968792
internal_weight=15149 11965 9634 6889
internal_count=15149 11965 9634 6889
is_linear=0
shrinkage=0.05


Tree=316
num_leaves=5
num_cat=0
split_feature=1 15 4 15
split_gain=19973.2 36408.2 15266.8 20561.4
threshold=39.500000000000007 346.28975415595949 5401.5000000000009 138.08777733978482
decision_type=2 2 8 2
left_child=-1 2 -2 -4
right_child=1 -3 3 -5
leaf_value=-0.1405727164838789 0.053296176129929609 0.18482854940402085 0.0085128357284698156 -0.16826224594209943
leaf_weight=2629 3523 2429 3456 3139
leaf_count=2629 3523 2429 3456 3139
internal_value=-0.0152616 0.0109951 -0.0307365 -0.0756262
internal_weight=15176 12547 10118 6595
internal_count=15176 12547 10118 6595
is_linear=0
shrinkage=0.05


Tree=317
num_leaves=6
num_cat=0
split_feature=15 3 15 4 0
split_gain=33200.9 28653.7 27559.9 9062.23 8221.78
threshold=419.61379436769442 0.18532046400000005 219.2823325640791 4957.5000000000009 0.076561248000000012
decision_type=2 2 2 10 2
left_child=1 -1 3 4 -3
right_child=-2 2 -4 -5 -6
leaf_value=-0.12648279504591481 0.21368713609470524 -0.12818549422792988 0.18616664643763617 0.059451092271504628 0.010806651062968839
leaf_weight=3484 2030 2016 2437 2922 2253
leaf_count=3484 2030 2016 2437 2922 2253
internal_value=0.0255216 -0.00361016 0.0408527 -0.00839361 -0.0548312
internal_weight=15142 13112 9628 7191 4269
internal_count=15142 13112 9628 7191 4269
is_linear=0
shrinkage=0.05


Tree=318
num_leaves=6
num_cat=0
split_feature=14 0 14 14 1
split_gain=24023.2 38861.3 35723.8 27884.2 33363.1
threshold=0.0098979294367737818 0.04288281750000001 0.01729465325404151 0.026258552990754341 48.500000000000007
decision_type=2 2 2 2 2
left_child=1 -1 -2 -4 -5
right_child=2 -3 3 4 -6
leaf_value=0.02069407069128365 0.19766983372056526 -0.24487268512709159 -0.16886769219181724 0.19071720769388972 -0.08465124649372098
leaf_weight=3649 2834 2213 2027 2236 2165
leaf_count=3649 2834 2213 2027 2236 2165
internal_value=-0.000351452 -0.0795617 0.0497814 -0.0154202 0.0552542
internal_weight=15124 5862 9262 6428 4401
internal_count=15124 5862 9262 6428 4401
is_linear=0
shrinkage=0.05


Tree=319
num_leaves=6
num_cat=0
split_feature=5 14 15 14 3
split_gain=38058.6 33092.4 31132.9 19282.8 11383.3
threshold=7.5000000000000009 0.012070312758673211 189.50021093070478 0.032002048131080395 0.34086022950000006
decision_type=2 2 2 2 2
left_child=2 -2 4 -3 -1
right_child=1 3 -4 -5 -6
leaf_value=0.060893302503953722 -0.20584584880055012 0.096258019323243446 0.1968949324202845 -0.11272083314870635 -0.10051708266819044
leaf_weight=2384 3358 2447 2949 2011 2016
leaf_count=2384 3358 2447 2949 2011 2016
internal_value=-0.0104977 -0.0873041 0.0711893 0.00198784 -0.013062
internal_weight=15165 7816 7349 4458 4400
internal_count=15165 7816 7349 4458 4400
is_linear=0
shrinkage=0.05


Tree=320
num_leaves=6
num_cat=0
split_feature=4 15 4 0 15
split_gain=41816.2 39432.9 24418.1 18861.4 26957.6
threshold=9166.5000000000018 363.19039803799734 6401.0000000000009 0.03132371300000001 126.9753359530703
decision_type=10 2 10 2 2
left_child=1 2 3 -1 -5
right_child=-2 -3 -4 4 -6
leaf_value=-0.061177184103746986 -0.174130823382039 0.24946255828437258 -0.14811454824814493 -6.8345975359295009e-05 0.21770615942428992
leaf_weight=2777 2554 2032 2005 3171 2575
leaf_count=2777 2554 2032 2005 3171 2575
internal_value=0.0103014 0.0478046 0.00888278 0.0458157 0.0975246
internal_weight=15114 12560 10528 8523 5746
internal_count=15114 12560 10528 8523 5746
is_linear=0
shrinkage=0.05


Tree=321
num_leaves=6
num_cat=0
split_feature=5 15 3 3 3
split_gain=31215.7 51000.6 41763.7 31539.6 10528.3
threshold=7.5000000000000009 202.05606833267842 0.5423620360000001 0.16406211850000005 0.41067191100000006
decision_type=2 2 2 2 2
left_child=2 4 3 -1 -2
right_child=1 -3 -4 -5 -6
leaf_value=0.090739450720592474 -0.065056268388084204 -0.25028962920877135 0.22145190843094223 -0.16281050944676234 0.085094676563527261
leaf_weight=2515 2299 3104 2404 2394 2372
leaf_count=2515 2299 3104 2404 2394 2372
internal_value=-0.0234496 -0.0931986 0.0507058 -0.0329107 0.0111925
internal_weight=15088 7775 7313 4909 4671
internal_count=15088 7775 7313 4909 4671
is_linear=0
shrinkage=0.05


Tree=322
num_leaves=6
num_cat=0
split_feature=4 3 4 15 0
split_gain=57202.6 70121.7 38899.7 72209.9 7402.03
threshold=6666.5000000000009 0.25751763450000004 3950.5000000000005 233.29302262104292 0.058216802500000005
decision_type=10 2 8 2 2
left_child=2 -2 -1 4 -4
right_child=1 -3 3 -5 -6
leaf_value=0.098873917061390898 0.36854188726919807 -0.016715849118092929 -0.065085101981618751 -0.33825576302317678 0.060698845849459282
leaf_weight=3405 2291 2438 2120 2280 2609
leaf_count=3405 2291 2438 2120 2280 2609
internal_value=0.025715 0.169925 -0.0397709 -0.107125 0.00431019
internal_weight=15143 4729 10414 7009 4729
internal_count=15143 4729 10414 7009 4729
is_linear=0
shrinkage=0.05


Tree=323
num_leaves=6
num_cat=0
split_feature=15 0 0 0 0
split_gain=26911.9 11948.5 12900.1 26467.3 2965.8
threshold=283.12832816646591 0.013693524 0.058216802500000005 0.16066407400000002 0.41612688700000006
decision_type=2 2 2 2 2
left_child=1 -1 -3 -4 -5
right_child=-2 2 3 4 -6
leaf_value=0.097004409223249613 -0.15908648833678221 -0.12856563975777222 0.14874223509757564 -0.10742093574681735 -0.024053550741632169
leaf_weight=2268 3827 2474 2153 2162 2106
leaf_count=2268 3827 2474 2153 2162 2106
internal_value=-0.0446663 -0.00543977 -0.0315604 0.00581548 -0.0662842
internal_weight=14990 11163 8895 6421 4268
internal_count=14990 11163 8895 6421 4268
is_linear=0
shrinkage=0.05


Tree=324
num_leaves=5
num_cat=0
split_feature=1 14 14 14
split_gain=38486.3 65516.1 54251.1 35240.3
threshold=66.500000000000014 0.0098979294367737818 0.01729465325404151 0.027063978065641408
decision_type=2 2 2 2
left_child=1 -1 -3 -4
right_child=-2 2 3 -5
leaf_value=-0.22587370051388747 0.14987192485990261 0.22233991543068768 -0.22327577322749051 0.034465424897869308
leaf_weight=3609 3101 2531 2027 3836
leaf_count=3609 3101 2531 2027 3836
internal_value=-0.00715398 -0.0477219 0.0288744 -0.0546428
internal_weight=15104 12003 8394 5863
internal_count=15104 12003 8394 5863
is_linear=0
shrinkage=0.05


Tree=325
num_leaves=6
num_cat=0
split_feature=14 15 4 4 4
split_gain=35403.1 74758.6 33106.4 19890.3 20769.7
threshold=0.0098979294367737818 310.26879651205735 7060.5000000000009 6300.5000000000009 4957.5000000000009
decision_type=2 2 8 10 8
left_child=2 3 -1 4 -2
right_child=1 -3 -4 -5 -6
leaf_value=-0.23676145408645236 -0.032583373905673327 0.34488640402074239 0.0097720278728751289 -0.12659938070578142 0.17194371258300939
leaf_weight=2175 2922 2009 3642 2168 2158
leaf_count=2175 2922 2009 3642 2168 2158
internal_value=0.0142556 0.0749979 -0.0824078 0.000190184 0.0543004
internal_weight=15074 9257 5817 7248 5080
internal_count=15074 9257 5817 7248 5080
is_linear=0
shrinkage=0.05


Tree=326
num_leaves=6
num_cat=0
split_feature=0 14 14 4 14
split_gain=29248.1 26972.4 90294.1 38853.7 22601.4
threshold=0.0046648860000000009 0.0091026660247007594 0.012070312758673211 9001.0000000000018 0.028598038407648563
decision_type=2 2 2 8 2
left_child=-1 -2 -3 4 -4
right_child=1 2 3 -5 -6
leaf_value=0.19977139873878044 0.10807061526921509 -0.34075141006719667 -0.15959938121973494 0.21133251902154085 0.053516676198136104
leaf_weight=2046 3831 2069 2257 2162 2772
leaf_count=2046 3831 2069 2257 2162 2772
internal_value=0.0239657 -0.00351102 -0.049674 0.034075 -0.0421292
internal_weight=15137 13091 9260 7191 5029
internal_count=15137 13091 9260 7191 5029
is_linear=0
shrinkage=0.05


Tree=327
num_leaves=6
num_cat=0
split_feature=15 4 4 4 4
split_gain=99156.8 14891 15395.9 15772 9982.84
threshold=404.11826689838409 12502.000000000002 6901.0000000000009 3063.5000000000005 4800.5000000000009
decision_type=2 8 10 10 10
left_child=1 2 3 -1 -5
right_child=-2 -3 -4 4 -6
leaf_value=-0.11687456078762826 -0.3802980495909446 0.072224917716493128 -0.1441368088644048 0.12965015160138513 -0.022266108723738409
leaf_weight=2116 2164 3574 2871 2053 2285
leaf_count=2116 2164 3574 2871 2053 2285
internal_value=-0.0670957 -0.0145513 -0.0478101 -0.00496016 0.0496297
internal_weight=15063 12899 9325 6454 4338
internal_count=15063 12899 9325 6454 4338
is_linear=0
shrinkage=0.05


Tree=328
num_leaves=5
num_cat=0
split_feature=7 14 14 9
split_gain=35427.6 42624.5 35449.4 48685.2
threshold=1.0000000180025095e-35 0.0091480837449767032 0.010159559682860938 1.0000000180025095e-35
decision_type=2 2 2 8
left_child=1 -1 -2 -4
right_child=2 -3 3 -5
leaf_value=-0.28889697019545513 0.1640485489352877 0.0011214789201513878 -0.17474126994995759 0.11476219824652532
leaf_weight=2090 3905 3217 2920 2889
leaf_count=2090 3905 3217 2920 2889
internal_value=-0.00920537 -0.113093 0.0475513 -0.030762
internal_weight=15021 5307 9714 5809
internal_count=15021 5307 9714 5809
is_linear=0
shrinkage=0.05


Tree=329
num_leaves=7
num_cat=0
split_feature=4 1 15 3 4 1
split_gain=25452.8 40605.6 91365.1 64381.8 58591.7 2020.53
threshold=10000.500000000002 55.500000000000007 227.97584771308934 0.5423620360000001 5800.5000000000009 65.500000000000014
decision_type=10 2 2 2 10 2
left_child=1 3 5 4 -1 -3
right_child=-2 2 -4 -5 -6 -7
leaf_value=-0.21340430079337175 0.17309024108781659 0.058588319295785951 -0.38818243089711546 0.27339590509664141 0.14714952571179055 -0.011565680288189335
leaf_weight=2434 2005 2029 2012 2409 2098 2077
leaf_count=2434 2005 2029 2012 2409 2098 2077
internal_value=0.00722126 -0.0182453 -0.112156 0.0645302 -0.046493 0.0231013
internal_weight=15064 13059 6118 6941 4532 4106
internal_count=15064 13059 6118 6941 4532 4106
is_linear=0
shrinkage=0.05


Tree=330
num_leaves=5
num_cat=0
split_feature=1 3 4 5
split_gain=66460.6 65590.7 54181.2 18481.2
threshold=37.500000000000007 0.21760914150000002 7579.0000000000009 7.5000000000000009
decision_type=2 2 10 2
left_child=-1 -2 3 -3
right_child=1 2 -4 -5
leaf_value=0.24379590147119268 -0.23461381262106712 0.036363167964843394 0.23037302379318625 -0.12731972082890666
leaf_weight=2101 3781 3089 2182 3904
leaf_count=2101 3781 3089 2182 3904
internal_value=-0.0170629 -0.0593649 0.0128549 -0.0550165
internal_weight=15057 12956 9175 6993
internal_count=15057 12956 9175 6993
is_linear=0
shrinkage=0.05


Tree=331
num_leaves=6
num_cat=0
split_feature=4 15 7 4 4
split_gain=24436.1 71079.2 49019.5 14619.7 18087.3
threshold=6751.0000000000009 306.78049422112161 1.5000000000000002 3443.0000000000005 5416.5000000000009
decision_type=10 2 2 8 8
left_child=1 3 -2 -1 -5
right_child=2 -3 -4 4 -6
leaf_value=-0.097513517297779517 0.23366545179859557 -0.31621706634493435 -0.094450415469145815 0.1651373496004217 -0.015626403063850595
leaf_weight=2287 2469 2097 2112 2197 3739
leaf_count=2287 2469 2097 2112 2197 3739
internal_value=-0.0137105 -0.0563702 0.0823926 0.00989496 0.0512769
internal_weight=14901 10320 4581 8223 5936
internal_count=14901 10320 4581 8223 5936
is_linear=0
shrinkage=0.05


Tree=332
num_leaves=5
num_cat=0
split_feature=14 14 14 4
split_gain=23922.1 54114.6 70223.3 26579
threshold=0.0042085605041421803 0.0086638047098293435 0.012070312758673211 5703.0000000000009
decision_type=2 2 2 8
left_child=-1 -2 -3 -4
right_child=1 2 3 -5
leaf_value=-0.17055169212066035 0.21682279222418385 -0.24964820569132767 -0.056531939233805353 0.13050504494132839
leaf_weight=2059 2603 2850 3631 3983
leaf_count=2059 2603 2850 3631 3983
internal_value=-0.0121473 0.0128129 -0.0379361 0.04131
internal_weight=15126 13067 10464 7614
internal_count=15126 13067 10464 7614
is_linear=0
shrinkage=0.05


Tree=333
num_leaves=6
num_cat=0
split_feature=14 4 5 7 15
split_gain=26062.9 36934.3 65850.3 31871.9 25027.9
threshold=0.0075602986304670718 18011.500000000004 5.5000000000000009 1.5000000000000002 145.68026571738184
decision_type=2 8 2 2 2
left_child=-1 2 -2 4 -4
right_child=1 -3 3 -5 -6
leaf_value=-0.11246537671493793 0.31978411968796605 -0.14929390869680073 0.042933449808121235 0.13843933853584603 -0.20180093303796182
leaf_weight=3821 2212 2122 2070 2757 2109
leaf_count=3821 2212 2122 2070 2757 2109
internal_value=0.000383137 0.0386435 0.0822381 0.00648087 -0.0805757
internal_weight=15091 11270 9148 6936 4179
internal_count=15091 11270 9148 6936 4179
is_linear=0
shrinkage=0.05


Tree=334
num_leaves=5
num_cat=0
split_feature=15 15 3 15
split_gain=60751.8 16939 11214.1 8033.19
threshold=350.40611104265912 203.74865566665716 0.26023541650000009 98.662218184286075
decision_type=2 2 2 2
left_child=1 2 -1 -4
right_child=-2 -3 3 -5
leaf_value=0.078124193225768648 0.2311132366096095 -0.13072482741803071 -0.088638425938854182 0.028526057020043266
leaf_weight=3374 2768 3032 3263 2652
leaf_count=3374 2768 3032 3263 2652
internal_value=0.0194432 -0.02811 0.00538432 -0.0361075
internal_weight=15089 12321 9289 5915
internal_count=15089 12321 9289 5915
is_linear=0
shrinkage=0.05


Tree=335
num_leaves=6
num_cat=0
split_feature=3 15 0 14 4
split_gain=31525.7 56668 13809.1 26216.9 20678.1
threshold=0.16978171850000004 354.79508085464039 0.024778884500000004 0.010684573751964429 6660.5000000000009
decision_type=2 2 2 2 8
left_child=-1 2 -2 -4 -5
right_child=1 -3 3 4 -6
leaf_value=0.12023749941577355 -0.10485823889547013 -0.28671749063840124 0.18381471713943445 0.070361312322821418 -0.13428749016945501
leaf_weight=3746 2187 2026 2168 2660 2303
leaf_count=3746 2187 2026 2168 2660 2303
internal_value=-0.00552668 -0.0470564 0.00505284 0.0387614 -0.0246027
internal_weight=15090 11344 9318 7131 4963
internal_count=15090 11344 9318 7131 4963
is_linear=0
shrinkage=0.05


Tree=336
num_leaves=6
num_cat=0
split_feature=14 4 3 4 4
split_gain=20568.4 56926.8 27250.3 19733.8 32414
threshold=0.0097548961989040589 5500.5000000000009 0.20007999100000004 5600.5000000000009 4752.5000000000009
decision_type=2 10 2 10 8
left_child=1 -1 -2 4 -4
right_child=2 -3 3 -5 -6
leaf_value=0.076994373395575175 0.21812051578317748 -0.24589641912093288 0.071430063977017275 0.11780795486572521 -0.19711829569922334
leaf_weight=3210 2130 2375 2491 2870 2047
leaf_count=3210 2130 2375 2491 2870 2047
internal_value=0.0158887 -0.0603137 0.0605092 0.0151917 -0.0497067
internal_weight=15123 5585 9538 7408 4538
internal_count=15123 5585 9538 7408 4538
is_linear=0
shrinkage=0.05


Tree=337
num_leaves=5
num_cat=0
split_feature=4 0 0 3
split_gain=58827.2 32266 31625.1 53435.2
threshold=4000.5000000000005 0.097127906000000014 0.04288281750000001 0.27935488100000005
decision_type=10 2 2 2
left_child=1 -1 -2 -4
right_child=2 -3 3 -5
leaf_value=0.0066419162295418667 0.25050621504870241 -0.21090466582666983 -0.13184249648144961 0.18136636386087934
leaf_weight=3878 2666 3041 2472 3032
leaf_count=3878 2666 3041 2472 3032
internal_value=0.018307 -0.0889729 0.10916 0.0406955
internal_weight=15089 6919 8170 5504
internal_count=15089 6919 8170 5504
is_linear=0
shrinkage=0.05


Tree=338
num_leaves=5
num_cat=0
split_feature=15 3 14 4
split_gain=62464 23583 13756.6 8556.74
threshold=419.61379436769442 0.18859006750000004 0.010684573751964429 6833.5000000000009
decision_type=2 2 2 8
left_child=1 -1 -3 -4
right_child=-2 2 3 -5
leaf_value=-0.12374918111365821 0.28664419359454824 0.10256727974203757 0.034829794714274553 -0.086822305808272382
leaf_weight=3500 2011 3753 3199 2637
leaf_count=3500 2011 3753 3199 2637
internal_value=0.0272003 -0.0126608 0.0278867 -0.0201388
internal_weight=15100 13089 9589 5836
internal_count=15100 13089 9589 5836
is_linear=0
shrinkage=0.05


Tree=339
num_leaves=6
num_cat=0
split_feature=4 4 15 14 4
split_gain=26901.3 45815.2 52091 24034.7 13467.5
threshold=9166.5000000000018 6565.5000000000009 310.26879651205735 0.012176588331232857 3260.5000000000005
decision_type=10 10 2 2 10
left_child=1 2 3 -1 -5
right_child=-2 -3 -4 4 -6
leaf_value=0.12372925175775061 -0.15287536618227815 0.22386365958954135 -0.25039460462744373 -0.13258571307718478 0.04488151428401288
leaf_weight=3894 2614 2323 2008 2240 2045
leaf_count=3894 2614 2323 2008 2240 2045
internal_value=-0.00699424 0.023488 -0.0222048 0.0338174 -0.0478902
internal_weight=15124 12510 10187 8179 4285
internal_count=15124 12510 10187 8179 4285
is_linear=0
shrinkage=0.05


Tree=340
num_leaves=6
num_cat=0
split_feature=1 14 3 4 4
split_gain=45305.8 35018.5 28319.7 11879.3 195.834
threshold=63.500000000000007 0.011631852661456764 0.38668887800000007 9090.0000000000018 7412.5000000000009
decision_type=2 2 2 8 8
left_child=1 3 -3 -1 -2
right_child=4 2 -4 -5 -6
leaf_value=0.27681777886851666 -0.10593357309773528 0.11977434302845658 -0.084140292594837837 0.10885890879323389 -0.1280573797161691
leaf_weight=2105 2001 3152 3703 2106 2000
leaf_count=2105 2001 3152 3703 2106 2000
internal_value=0.0272003 0.0793345 0.00962177 0.192818 -0.116993
internal_weight=15067 11066 6855 4211 4001
internal_count=15067 11066 6855 4211 4001
is_linear=0
shrinkage=0.05


Tree=341
num_leaves=6
num_cat=0
split_feature=15 1 1 1 9
split_gain=34613 14936.3 19196.7 11882.9 10319.8
threshold=350.40611104265912 56.500000000000007 40.500000000000007 63.500000000000007 1.0000000180025095e-35
decision_type=2 2 2 2 10
left_child=1 2 -1 -3 -4
right_child=-2 3 4 -5 -6
leaf_value=0.060166851721767917 0.19292194977234955 0.15065657115322714 -0.030432669667630557 -0.00062744619085409136 -0.18327850672766643
leaf_weight=2463 2754 2140 2025 3299 2429
leaf_count=2463 2754 2140 2025 3299 2429
internal_value=0.032629 -0.00309838 -0.051846 0.058896 -0.113788
internal_weight=15110 12356 6917 5439 4454
internal_count=15110 12356 6917 5439 4454
is_linear=0
shrinkage=0.05


Tree=342
num_leaves=6
num_cat=0
split_feature=15 14 15 15 15
split_gain=41293.3 25976.5 53023.3 24722.5 7210.34
threshold=383.97629010649831 0.011631852661456764 182.16842377241576 182.16842377241576 95.251080797778485
decision_type=2 2 2 2 2
left_child=1 2 -1 4 -3
right_child=-2 3 -4 -5 -6
leaf_value=-0.035150375185146493 -0.22958642296475734 -0.060926472177070534 0.27827552361784919 -0.21516386734659387 0.064862423843890432
leaf_weight=3919 2390 2647 2058 2052 2000
leaf_count=3919 2390 2647 2058 2052 2000
internal_value=-0.0389512 -0.00300782 0.0727684 -0.0706171 -0.00678879
internal_weight=15066 12676 5977 6699 4647
internal_count=15066 12676 5977 6699 4647
is_linear=0
shrinkage=0.05


Tree=343
num_leaves=6
num_cat=0
split_feature=1 9 0 0 0
split_gain=48312.7 47621.1 40325.7 59434.1 19367.6
threshold=70.500000000000014 1.5000000000000002 0.12531049800000002 0.023669275500000003 0.39678442550000004
decision_type=2 10 2 2 2
left_child=1 2 3 -1 -4
right_child=-2 -3 4 -5 -6
leaf_value=-0.025539893559257155 0.19553034723109647 0.11100131297014267 0.094902470470048905 -0.3574615767826177 -0.11594838204003761
leaf_weight=2481 2134 3057 2366 2955 2018
leaf_count=2481 2134 3057 2366 2955 2018
internal_value=-0.0248162 -0.0613324 -0.11498 -0.205972 -0.00215433
internal_weight=15011 12877 9820 5436 4384
internal_count=15011 12877 9820 5436 4384
is_linear=0
shrinkage=0.05


Tree=344
num_leaves=7
num_cat=0
split_feature=4 1 4 9 0 14
split_gain=34722.7 40058.3 84858.4 41250.1 38230.5 29374.6
threshold=10000.500000000002 54.500000000000007 5000.5000000000009 1.5000000000000002 0.087069242500000019 0.0086638047098293435
decision_type=10 2 10 8 2 2
left_child=1 3 5 4 -1 -3
right_child=-2 2 -4 -5 -6 -7
leaf_value=-0.17452556363928751 0.21013826661448515 0.14624924193040165 -0.36782081518103882 0.25798568070931249 0.11667064197328209 -0.11299144094169744
leaf_weight=2004 2013 2284 2046 2075 2576 2095
leaf_count=2004 2013 2284 2046 2075 2576 2095
internal_value=0.0168209 -0.0129305 -0.101984 0.073045 -0.0107436 0.0222234
internal_weight=15093 13080 6425 6655 4580 4379
internal_count=15093 13080 6425 6655 4580 4379
is_linear=0
shrinkage=0.05


Tree=345
num_leaves=6
num_cat=0
split_feature=1 15 3 1 14
split_gain=32386.3 28898.9 17912.2 21881.2 14715.9
threshold=69.500000000000014 358.76154051922686 0.20285513400000002 48.500000000000007 0.011232086651081066
decision_type=2 2 2 2 2
left_child=1 2 -1 -4 -5
right_child=-2 -3 3 4 -6
leaf_value=-0.12357287680378136 -0.18302386698554024 0.18319342576811426 -0.071111314516255617 0.19663501882574849 0.012574569256023987
leaf_weight=2743 2290 2264 3338 2047 2313
leaf_count=2743 2290 2264 3338 2047 2313
internal_value=-0.00994384 0.0212528 -0.013862 0.0252309 0.0989901
internal_weight=14995 12705 10441 7698 4360
internal_count=14995 12705 10441 7698 4360
is_linear=0
shrinkage=0.05


Tree=346
num_leaves=6
num_cat=0
split_feature=3 4 4 7 3
split_gain=30305.1 51303.7 44748.5 36580.5 37584.2
threshold=0.3898229800000001 6751.0000000000009 4659.5000000000009 1.5000000000000002 52.500000000000007
decision_type=2 10 8 2 2
left_child=1 2 -1 4 -2
right_child=3 -3 -4 -5 -6
leaf_value=0.13807757879063035 0.1980254706207584 0.25052669514878595 -0.17847564959119483 -0.17916775304832658 -0.098573543512735451
leaf_weight=2527 2264 3631 2000 2616 2022
leaf_count=2527 2264 3631 2000 2616 2022
internal_value=0.0452818 0.110521 -0.00177364 -0.0318297 0.0580994
internal_weight=15060 8158 4527 6902 4286
internal_count=15060 8158 4527 6902 4286
is_linear=0
shrinkage=0.05


Tree=347
num_leaves=6
num_cat=0
split_feature=15 9 15 0 5
split_gain=46211.4 26374.7 35260.9 12712.2 11662.6
threshold=409.46245331306409 1.5000000000000002 235.35923537366853 0.034419519500000009 8.5000000000000018
decision_type=2 10 2 2 2
left_child=1 2 3 -1 -5
right_child=-2 -3 -4 4 -6
leaf_value=-0.067352031735826989 -0.2185638135762798 -0.10981259868006797 0.24488524029835337 0.0008230618596489288 0.14981247777210219
leaf_weight=2772 2149 2624 2208 3073 2294
leaf_count=2772 2149 2624 2208 3073 2294
internal_value=-0.00381191 0.0317676 0.0676724 0.0195969 0.0645051
internal_weight=15120 12971 10347 8139 5367
internal_count=15120 12971 10347 8139 5367
is_linear=0
shrinkage=0.05


Tree=348
num_leaves=6
num_cat=0
split_feature=5 15 3 15 3
split_gain=17508.6 60337.5 30800.6 22259.3 16943.7
threshold=10.500000000000002 283.12832816646591 0.43314913800000004 177.79618684417935 0.26592696650000008
decision_type=2 2 2 2 2
left_child=1 3 -2 4 -1
right_child=2 -3 -4 -5 -6
leaf_value=0.072072775280695528 0.19894148336920381 -0.25193430362663677 -0.069357732462743224 0.16449716903665093 -0.097493184220521209
leaf_weight=2529 2270 2692 2023 2033 3529
leaf_count=2529 2270 2692 2023 2033 3529
internal_value=-0.0128867 -0.0468854 0.0725102 0.0213375 -0.0267054
internal_weight=15076 10783 4293 8091 6058
internal_count=15076 10783 4293 8091 6058
is_linear=0
shrinkage=0.05


Tree=349
num_leaves=5
num_cat=0
split_feature=4 15 1 4
split_gain=30610.5 52847.9 30761.2 21166.1
threshold=8751.5000000000018 342.51419006032336 59.500000000000007 6500.5000000000009
decision_type=10 2 2 8
left_child=1 2 3 -1
right_child=-2 -3 -4 -5
leaf_value=-0.013388275778578197 -0.15217634972511621 0.25594711645102297 0.092336757668253569 -0.20208365227339786
leaf_weight=3804 2874 2123 3868 2439
leaf_count=3804 2874 2123 3868 2439
internal_value=-0.00533701 0.0291584 -0.0184603 -0.0871073
internal_weight=15108 12234 10111 6243
internal_count=15108 12234 10111 6243
is_linear=0
shrinkage=0.05


Tree=350
num_leaves=6
num_cat=0
split_feature=3 15 3 14 0
split_gain=29841 61834.4 51527.1 33491.1 10706.5
threshold=0.38668887800000007 233.29302262104292 0.21489458900000002 0.0091480837449767032 0.076561248000000012
decision_type=2 2 2 2 2
left_child=2 4 3 -1 -2
right_child=1 -3 -4 -5 -6
leaf_value=-0.18562208538345432 -0.063086145283909129 -0.30147533289303563 0.20774406578428783 0.083876065926618532 0.086442087304812273
leaf_weight=2227 2120 2133 3525 2390 2750
leaf_count=2227 2120 2133 3525 2390 2750
internal_value=-0.00130027 -0.0769775 0.0637904 -0.0461158 0.0213497
internal_weight=15145 7003 8142 4617 4870
internal_count=15145 7003 8142 4617 4870
is_linear=0
shrinkage=0.05


Tree=351
num_leaves=6
num_cat=0
split_feature=4 15 15 0 1
split_gain=18996.9 100453 23028.4 16157.9 820.104
threshold=11002.500000000002 291.15260470977756 196.97193163384586 0.11470883600000002 56.500000000000007
decision_type=8 2 2 2 2
left_child=1 3 -2 4 -1
right_child=2 -3 -4 -5 -6
leaf_value=0.026893855768892829 0.040654846151021225 0.34874493306376053 -0.18350602404446459 -0.09449633150156983 0.071224688846534323
leaf_weight=2175 2677 2412 2003 3780 2005
leaf_count=2175 2677 2412 2003 3780 2005
internal_value=0.0283382 0.0660698 -0.0552841 -0.019585 0.0481578
internal_weight=15052 10372 4680 7960 4180
internal_count=15052 10372 4680 7960 4180
is_linear=0
shrinkage=0.05


Tree=352
num_leaves=6
num_cat=0
split_feature=4 15 1 14 9
split_gain=25111.1 67226.5 14767.6 15688.2 10532.3
threshold=9090.0000000000018 342.51419006032336 67.500000000000014 0.0097548961989040589 1.0000000180025095e-35
decision_type=10 2 2 2 10
left_child=1 2 3 -1 -5
right_child=-2 -3 -4 4 -6
leaf_value=-0.15236465515868508 -0.12129008919320355 0.29981592588211131 0.11539047603111602 0.062967556619353951 -0.0697900303998467
leaf_weight=2101 2607 2205 2054 3485 2615
leaf_count=2101 2607 2205 2054 3485 2615
internal_value=0.0198265 0.0493522 -0.00450172 -0.0345296 0.0060559
internal_weight=15067 12460 10255 8201 6100
internal_count=15067 12460 10255 8201 6100
is_linear=0
shrinkage=0.05


Tree=353
num_leaves=6
num_cat=0
split_feature=4 0 5 14 0
split_gain=29993.9 58107.5 33580 45836.5 82537.1
threshold=10238.000000000002 0.11897878600000002 11.500000000000002 0.028598038407648563 0.045232297000000012
decision_type=8 2 2 2 2
left_child=2 -2 3 4 -1
right_child=1 -3 -4 -5 -6
leaf_value=0.12337080739327547 -0.035009170887322916 0.30854651725345372 -0.22099117863040285 0.19459378716846873 -0.25933490108047191
leaf_weight=2724 3105 2039 2179 2198 2918
leaf_count=2724 3105 2039 2179 2198 2918
internal_value=0.00302863 0.101171 -0.04736 0.000897957 -0.0745617
internal_weight=15163 5144 10019 7840 5642
internal_count=15163 5144 10019 7840 5642
is_linear=0
shrinkage=0.05


Tree=354
num_leaves=6
num_cat=0
split_feature=15 9 5 4 14
split_gain=51934.6 17473.2 20659.9 15577.9 5021.19
threshold=350.40611104265912 1.0000000180025095e-35 7.5000000000000009 2302.0000000000005 0.019418389610717211
decision_type=2 10 2 10 2
left_child=1 2 3 -1 -3
right_child=-2 4 -4 -5 -6
leaf_value=0.017798874585033115 0.23298567978678586 -0.030324204364183011 -0.047913738745326527 0.21148258839842318 -0.13582976026200438
leaf_weight=2057 2790 2207 3616 2096 2306
leaf_count=2057 2790 2207 3616 2096 2306
internal_value=0.0382501 -0.00598642 0.0394676 0.11555 -0.0842342
internal_weight=15072 12282 7769 4153 4513
internal_count=15072 12282 7769 4153 4513
is_linear=0
shrinkage=0.05


Tree=355
num_leaves=6
num_cat=0
split_feature=15 1 3 3 0
split_gain=35906.5 27353 32166.5 27803.3 13329.4
threshold=419.61379436769442 60.500000000000007 0.18532046400000005 0.38668887800000007 0.037523987500000001
decision_type=2 2 2 2 2
left_child=1 2 -1 -4 -3
right_child=-2 4 3 -5 -6
leaf_value=-0.24306511789444538 0.20992570900968754 -0.013614339671432685 0.11313632979137929 -0.097421854267467606 0.1580172977546376
leaf_weight=2019 2032 2017 2578 4001 2576
leaf_count=2019 2032 2017 2578 4001 2576
internal_value=0.014274 -0.015865 -0.0684889 -0.014914 0.0826459
internal_weight=15223 13191 8598 6579 4593
internal_count=15223 13191 8598 6579 4593
is_linear=0
shrinkage=0.05


Tree=356
num_leaves=7
num_cat=0
split_feature=3 4 0 1 1 4
split_gain=32631.4 38071.4 61700.7 110397 53858.3 4254.02
threshold=0.06706793400000001 9166.5000000000018 0.075177378500000017 57.500000000000007 57.500000000000007 5757.0000000000009
decision_type=2 10 2 2 2 8
left_child=-1 2 3 -2 5 -4
right_child=1 -3 4 -5 -6 -7
leaf_value=-0.19460665870421634 -0.039682596347598936 -0.16764862692631921 0.0068948155186657981 0.43975452329170328 -0.25718765328464521 0.1098543030869777
leaf_weight=2055 2483 2247 2002 2325 2037 2011
leaf_count=2055 2483 2247 2002 2325 2037 2011
internal_value=-0.00935993 0.0196887 0.058457 0.192158 -0.0477968 0.05849
internal_weight=15160 13105 10858 4808 6050 4013
internal_count=15160 13105 10858 4808 6050 4013
is_linear=0
shrinkage=0.05


Tree=357
num_leaves=6
num_cat=0
split_feature=15 0 0 4 15
split_gain=114100 18696.4 39334.4 24150.8 19103.4
threshold=419.61379436769442 0.035926426500000004 0.0099737760000000019 10092.000000000002 145.68026571738184
decision_type=2 2 2 8 2
left_child=1 2 -1 4 -3
right_child=-2 3 -4 -5 -6
leaf_value=0.029635215019957029 0.37570599050075926 0.033925597151085916 -0.27509860652983098 0.13446570205272398 -0.14731632859150309
leaf_weight=2238 2017 3393 2010 2797 2544
leaf_count=2238 2017 3393 2010 2797 2544
internal_value=0.0258425 -0.0285154 -0.114554 0.0133315 -0.0437364
internal_weight=14999 12982 4248 8734 5937
internal_count=14999 12982 4248 8734 5937
is_linear=0
shrinkage=0.05


Tree=358
num_leaves=6
num_cat=0
split_feature=0 0 4 14 0
split_gain=50390.9 40628.8 59238.8 38548.2 20614.8
threshold=0.070103120500000018 0.16918474650000001 3750.5000000000005 0.0098511074846314734 0.018077554500000006
decision_type=2 2 10 2 2
left_child=3 -2 -3 4 -1
right_child=1 2 -4 -5 -6
leaf_value=-0.065555150883577926 -0.2158836744836822 -0.1842987465148897 0.14992290494670918 0.28347069951392295 0.153298392579927
leaf_weight=2255 2615 2141 3482 2571 2058
leaf_count=2255 2615 2141 3482 2571 2058
internal_value=0.030378 -0.0530575 0.0226655 0.130224 0.0388735
internal_weight=15122 8238 5623 6884 4313
internal_count=15122 8238 5623 6884 4313
is_linear=0
shrinkage=0.05


Tree=359
num_leaves=5
num_cat=0
split_feature=3 3 15 4
split_gain=22625.9 36182.2 46515.6 13050.1
threshold=0.16406211850000005 1.0037132245000002 283.12832816646591 4957.5000000000009
decision_type=2 2 2 10
left_child=-1 2 3 -2
right_child=1 -3 -4 -5
leaf_value=0.12548016002450282 -0.10038220378504191 0.11282752736597311 -0.28035651334344425 0.054934899484845791
leaf_weight=3643 2192 3630 2086 3531
leaf_count=3643 2192 3630 2086 3531
internal_value=0.0169607 -0.0175997 -0.0782285 -0.00455402
internal_weight=15082 11439 7809 5723
internal_count=15082 11439 7809 5723
is_linear=0
shrinkage=0.05


Tree=360
num_leaves=6
num_cat=0
split_feature=3 14 15 4 15
split_gain=45837.8 45681.3 34168.7 12129 8264.31
threshold=0.25526125450000009 0.0091026660247007594 313.49485201010521 6300.5000000000009 98.662218184286075
decision_type=2 2 2 10 2
left_child=1 -1 3 4 -2
right_child=2 -3 -4 -5 -6
leaf_value=0.25667371124452998 -0.061382176781457347 -0.031418369482754886 -0.26394086374587744 -0.13817031972112595 0.061760536682919781
leaf_weight=2505 2508 3053 2035 2005 2983
leaf_count=2505 2508 3053 2035 2005 2983
internal_value=-0.0156948 0.0984252 -0.0822438 -0.0329171 0.00551542
internal_weight=15089 5558 9531 7496 5491
internal_count=15089 5558 9531 7496 5491
is_linear=0
shrinkage=0.05


Tree=361
num_leaves=6
num_cat=0
split_feature=15 3 15 14 4
split_gain=57559.6 24105.8 49167.1 5780.27 4893.51
threshold=404.11826689838409 0.18859006750000004 219.2823325640791 0.022050957891665859 9206.5000000000018
decision_type=2 2 2 2 8
left_child=1 -1 3 4 -3
right_child=-2 2 -4 -5 -6
leaf_value=-0.099549162118006573 -0.26723469124498828 -0.10302582667932676 0.25554080309488353 0.040933206661383378 0.006372835131406099
leaf_weight=3499 2138 2080 2295 3140 2010
leaf_count=3499 2138 2080 2295 3140 2010
internal_value=-0.0267879 0.0126835 0.053912 -0.0100905 -0.0492627
internal_weight=15162 13024 9525 7230 4090
internal_count=15162 13024 9525 7230 4090
is_linear=0
shrinkage=0.05


Tree=362
num_leaves=6
num_cat=0
split_feature=1 1 5 1 0
split_gain=13751.9 22917 39156.3 44741.1 46454.4
threshold=37.500000000000007 46.500000000000007 5.5000000000000009 65.500000000000014 0.11897878600000002
decision_type=2 2 2 2 2
left_child=-1 -2 -3 4 -4
right_child=1 2 3 -5 -6
leaf_value=0.13191387446382094 -0.13731733717576258 -0.13473750434051199 -0.1313654742124917 0.27505415766674429 0.16372000995816638
leaf_weight=2091 2653 2733 2827 2215 2525
leaf_count=2091 2653 2733 2827 2215 2525
internal_value=0.0129327 -0.00627443 0.0274787 0.0860668 0.0078518
internal_weight=15044 12953 10300 7567 5352
internal_count=15044 12953 10300 7567 5352
is_linear=0
shrinkage=0.05


Tree=363
num_leaves=6
num_cat=0
split_feature=14 4 4 0 1
split_gain=28102.9 53828.3 32352.8 20503.2 12595.2
threshold=0.022835292694238878 6751.0000000000009 6801.0000000000009 0.065897179500000014 58.500000000000007
decision_type=2 10 8 2 2
left_child=1 3 -2 4 -1
right_child=2 -3 -4 -5 -6
leaf_value=-0.19479746027300776 0.0069466619945921342 0.20940539541700931 -0.24079219809081437 0.082474555474556357 -0.025190828745588784
leaf_weight=2021 3007 3195 2346 2253 2388
leaf_count=2021 3007 3195 2346 2253 2388
internal_value=-0.00940078 0.0406842 -0.101627 -0.0402321 -0.102935
internal_weight=15210 9857 5353 6662 4409
internal_count=15210 9857 5353 6662 4409
is_linear=0
shrinkage=0.05


Tree=364
num_leaves=6
num_cat=0
split_feature=3 15 0 15 3
split_gain=39912.9 53232.8 20032.4 15941.3 5949.62
threshold=0.082359436500000008 350.40611104265912 0.028607231000000004 193.66612736633439 0.35380937650000005
decision_type=2 2 2 2 2
left_child=-1 2 -2 4 -4
right_child=1 -3 3 -5 -6
leaf_value=-0.17684285581646841 -0.11349130801327678 0.26745861186478176 0.065109285308663598 0.16187610790115525 -0.040767279999375988
leaf_weight=2289 2764 2304 2148 2075 3471
leaf_count=2289 2764 2304 2148 2075 3471
internal_value=0.0154133 0.0498965 0.00196543 0.0434422 -0.000293377
internal_weight=15051 12762 10458 7694 5619
internal_count=15051 12762 10458 7694 5619
is_linear=0
shrinkage=0.05


Tree=365
num_leaves=6
num_cat=0
split_feature=4 15 0 0 3
split_gain=46202.6 43647.2 11460.5 14738.8 16488.4
threshold=9166.5000000000018 350.40611104265912 0.012591997000000002 0.057289922500000007 0.39823661000000005
decision_type=10 2 2 2 2
left_child=1 2 -1 -4 -5
right_child=-2 -3 3 4 -6
leaf_value=0.093114415286610713 -0.2025796175311001 0.23702106025335046 -0.14361398770296926 -0.086930328131403431 0.079684935383333488
leaf_weight=2097 2554 2129 2355 2720 3270
leaf_count=2097 2554 2129 2355 2720 3270
internal_value=-0.00870091 0.0306887 -0.0113801 -0.0376383 0.00402659
internal_weight=15125 12571 10442 8345 5990
internal_count=15125 12571 10442 8345 5990
is_linear=0
shrinkage=0.05


Tree=366
num_leaves=5
num_cat=0
split_feature=14 15 4 4
split_gain=33306.3 68112.1 27550.8 42487.3
threshold=0.0089424394700776625 195.34946029896585 8200.5000000000018 4333.5000000000009
decision_type=2 2 8 10
left_child=1 -1 3 -2
right_child=2 -3 -4 -5
leaf_value=-0.053659095992484279 -0.12187786765778102 0.32278664522178258 -0.16553636410352821 0.1331903889950288
leaf_weight=2870 3237 2067 3598 3294
leaf_count=2870 3237 2067 3598 3294
internal_value=-0.00253491 0.103949 -0.0544367 0.00676933
internal_weight=15066 4937 10129 6531
internal_count=15066 4937 10129 6531
is_linear=0
shrinkage=0.05


Tree=367
num_leaves=6
num_cat=0
split_feature=1 15 15 15 1
split_gain=31398.6 76822.7 23892.4 9191.17 7706.62
threshold=70.500000000000014 383.97629010649831 222.57937421379515 149.08523252516849 53.500000000000007
decision_type=2 2 2 2 2
left_child=1 2 3 4 -1
right_child=-2 -3 -4 -5 -6
leaf_value=-0.015650755909514071 0.19464720225399146 -0.29037558636670713 0.17986939154835746 -0.087901559389911094 0.096191899965157091
leaf_weight=3600 2150 2076 2426 2133 2692
leaf_count=3600 2150 2076 2426 2133 2692
internal_value=0.0177188 -0.0117076 0.0416068 0.00179369 0.0322006
internal_weight=15077 12927 10851 8425 6292
internal_count=15077 12927 10851 8425 6292
is_linear=0
shrinkage=0.05


Tree=368
num_leaves=5
num_cat=0
split_feature=3 14 14 5
split_gain=36896.7 57052.9 36359.9 35917.2
threshold=0.082359436500000008 0.0086638047098293435 0.012070312758673211 9.5000000000000018
decision_type=2 2 2 2
left_child=-1 -2 -3 -4
right_child=1 2 3 -5
leaf_value=-0.19196289019904511 0.19711029443795847 -0.2090769675366036 -0.084126335988183559 0.14674816632713936
leaf_weight=2232 3596 2318 3727 3074
leaf_count=2232 3596 2318 3727 3074
internal_value=-0.0044643 0.0284493 -0.0380607 0.0202272
internal_weight=14947 12715 9119 6801
internal_count=14947 12715 9119 6801
is_linear=0
shrinkage=0.05


Tree=369
num_leaves=7
num_cat=0
split_feature=15 1 0 3 14 4
split_gain=28978.1 18350 33303.8 27943.8 24774.2 16369.9
threshold=404.11826689838409 60.500000000000007 0.038208254000000004 0.19150959950000004 0.011631852661456764 6455.0000000000009
decision_type=2 2 2 2 2 8
left_child=1 3 -3 -1 -5 -6
right_child=-2 2 -4 4 5 -7
leaf_value=-0.20501710325890865 -0.19613121608498929 -0.068810622508645433 0.20401619474553204 0.1522890248951061 0.032815544903978075 -0.16245624383174853
leaf_weight=2015 2177 2021 2505 2039 2276 2031
leaf_count=2015 2177 2021 2505 2039 2276 2031
internal_value=-0.0274055 0.00109736 0.0821905 -0.0428002 0.00870735 -0.0592664
internal_weight=15064 12887 4526 8361 6346 4307
internal_count=15064 12887 4526 8361 6346 4307
is_linear=0
shrinkage=0.05


Tree=370
num_leaves=7
num_cat=0
split_feature=1 15 0 15 15 0
split_gain=35738.8 40336.6 28395.4 31945.5 8646.1 1487.25
threshold=37.500000000000007 383.97629010649831 0.34399350150000002 202.05606833267842 51.507749785668885 0.046023174000000007
decision_type=2 2 2 2 2 2
left_child=-1 2 3 4 -2 -6
right_child=1 -3 -4 -5 5 -7
leaf_value=0.13948055319100183 0.056586875923817281 -0.2857320706360042 0.10878948717545396 -0.2424354239578862 -0.039117390164104308 -0.099460439140769047
leaf_weight=2101 2066 2060 2366 2382 2067 2018
leaf_count=2101 2066 2060 2366 2382 2067 2018
internal_value=-0.0518129 -0.0828267 -0.044476 -0.0869729 -0.0267694 -0.068927
internal_weight=15060 12959 10899 8533 6151 4085
internal_count=15060 12959 10899 8533 6151 4085
is_linear=0
shrinkage=0.05


Tree=371
num_leaves=6
num_cat=0
split_feature=3 0 0 0 14
split_gain=25560.7 45008.8 21167.2 63884.7 16639.2
threshold=0.24996712350000003 0.088667822000000021 0.081013630500000017 0.25281884050000009 0.0091480837449767032
decision_type=2 2 2 2 2
left_child=1 -1 4 -4 -2
right_child=2 -3 3 -5 -6
leaf_value=-0.046395361556986869 0.11733416605277236 0.24636559840952088 -0.33208450889310803 0.016209788541042446 -0.081621297775091639
leaf_weight=3190 2206 2231 2233 3208 2007
leaf_count=3190 2206 2231 2233 3208 2007
internal_value=-0.0127946 0.0740897 -0.0615826 -0.126731 0.0225552
internal_weight=15075 5421 9654 5441 4213
internal_count=15075 5421 9654 5441 4213
is_linear=0
shrinkage=0.05


Tree=372
num_leaves=5
num_cat=0
split_feature=15 0 14 15
split_gain=37295.3 18074.9 14011.7 16994
threshold=283.12832816646591 0.30055582750000004 0.0083105465940936964 128.8068742851361
decision_type=2 2 2 2
left_child=1 2 -1 -4
right_child=-2 -3 3 -5
leaf_value=-0.037743699728268174 -0.17101842984786628 -0.097557508829434356 0.020908274309486261 0.20277019095170454
leaf_weight=3071 3815 2906 3089 2199
leaf_count=3071 3815 2906 3089 2199
internal_value=-0.0358999 0.00985924 0.0472026 0.096535
internal_weight=15080 11265 8359 5288
internal_count=15080 11265 8359 5288
is_linear=0
shrinkage=0.05


Tree=373
num_leaves=5
num_cat=0
split_feature=3 3 5 15
split_gain=51438.2 67865.9 42255 29357.2
threshold=0.13997532550000003 0.32615089550000004 7.5000000000000009 152.92407665822489
decision_type=2 2 2 2
left_child=-1 -2 -3 -4
right_child=1 2 3 -5
leaf_value=0.15957365968415549 -0.23962342448220034 0.15248483594311438 0.042334285096587154 -0.20717353954375126
leaf_weight=3240 3794 3353 2411 2307
leaf_count=3240 3794 3353 2411 2307
internal_value=-0.0169952 -0.0652112 0.0167761 -0.0796696
internal_weight=15105 11865 8071 4718
internal_count=15105 11865 8071 4718
is_linear=0
shrinkage=0.05


Tree=374
num_leaves=5
num_cat=0
split_feature=5 15 9 4
split_gain=39230.9 70303.3 53504.3 24064.1
threshold=8.5000000000000018 294.50933474068285 1.0000000180025095e-35 2466.0000000000005
decision_type=2 2 10 10
left_child=1 3 -2 -1
right_child=2 -3 -4 -5
leaf_value=-0.12016876529565666 0.20676466453490494 -0.3406067400915137 -0.084706716611669952 0.073816891965536993
leaf_weight=2660 3655 2015 2766 4007
leaf_count=2660 3655 2015 2766 4007
internal_value=-0.0124983 -0.0818 0.0812064 -0.00357952
internal_weight=15103 8682 6421 6667
internal_count=15103 8682 6421 6667
is_linear=0
shrinkage=0.05


Tree=375
num_leaves=6
num_cat=0
split_feature=1 14 15 1 4
split_gain=40799.3 34623 60395.9 44693.1 12819.4
threshold=37.500000000000007 0.014272216359486589 275.14934185986931 48.500000000000007 9206.5000000000018
decision_type=2 2 2 2 8
left_child=-1 2 4 -3 -2
right_child=1 3 -4 -5 -6
leaf_value=0.18981505762643522 -0.10079928005483402 0.23001293466902345 -0.34962093490268298 -0.060989156762087417 0.055760186149145879
leaf_weight=2162 2800 2112 2016 3516 2453
leaf_count=2162 2800 2112 2016 3516 2453
internal_value=-0.0111936 -0.0448899 -0.116975 0.0482142 -0.0276905
internal_weight=15059 12897 7269 5628 5253
internal_count=15059 12897 7269 5628 5253
is_linear=0
shrinkage=0.05


Tree=376
num_leaves=7
num_cat=0
split_feature=1 4 4 4 3 15
split_gain=22241.7 27976 58792.6 49261.1 23381.4 13199.7
threshold=63.500000000000007 5651.5000000000009 9090.0000000000018 3563.0000000000005 0.52934095650000013 155.23527848362593
decision_type=2 8 8 10 2 2
left_child=1 3 -3 -1 -4 -2
right_child=5 2 4 -5 -6 -7
leaf_value=0.089861776646902064 -0.027346845407425185 0.26413746325632004 -0.15858298128535442 -0.25015174421937403 0.081418455968904194 -0.20821873513229391
leaf_weight=2129 2032 2700 2002 2132 2058 2003
leaf_count=2129 2032 2700 2002 2132 2058 2003
internal_value=-0.0166971 0.0200743 0.0833206 -0.0802647 -0.0369271 -0.117133
internal_weight=15056 11021 6760 4261 4060 4035
internal_count=15056 11021 6760 4261 4060 4035
is_linear=0
shrinkage=0.05


Tree=377
num_leaves=5
num_cat=0
split_feature=0 15 14 15
split_gain=45566.5 57174.6 22200.4 22659.2
threshold=0.011570709000000002 316.36112339800542 0.011631852661456764 145.68026571738184
decision_type=2 2 2 2
left_child=-1 2 -2 -4
right_child=1 -3 3 -5
leaf_value=-0.18642035081262756 0.072442533461844594 0.2426578854431187 -0.00474440055682155 -0.2116409967788879
leaf_weight=2779 3896 2665 3508 2125
leaf_count=2779 3896 2665 3508 2125
internal_value=-0.00370823 0.0379317 -0.0193246 -0.0827943
internal_weight=14973 12194 9529 5633
internal_count=14973 12194 9529 5633
is_linear=0
shrinkage=0.05


Tree=378
num_leaves=6
num_cat=0
split_feature=14 15 4 4 14
split_gain=33801.6 53523.6 34352.5 9097.84 7990.01
threshold=0.0042085605041421803 350.40611104265912 6300.5000000000009 3443.0000000000005 0.015396367575775815
decision_type=2 2 10 8 2
left_child=-1 2 3 -2 -5
right_child=1 -3 -4 4 -6
leaf_value=-0.20276577467620807 -0.05352267667434342 0.22930728259191155 -0.16022928420408739 0.0017630746288111899 0.12918955532415347
leaf_weight=2059 2227 2386 3531 2358 2572
leaf_count=2059 2227 2386 3531 2358 2572
internal_value=-0.014465 0.0151901 -0.0326096 0.0303532 0.068242
internal_weight=15133 13074 10688 7157 4930
internal_count=15133 13074 10688 7157 4930
is_linear=0
shrinkage=0.05


Tree=379
num_leaves=7
num_cat=0
split_feature=1 0 0 0 15 9
split_gain=24874.8 42953 53579.9 16877 14391.5 10931.5
threshold=63.500000000000007 0.020276375500000002 0.076561248000000012 0.43731566450000009 155.23527848362593 1.0000000180025095e-35
decision_type=2 2 2 2 2 8
left_child=1 -1 -3 5 -2 -4
right_child=4 2 3 -5 -6 -7
leaf_value=0.21504868154399037 -0.023116802544404649 -0.23182017412915268 0.029361879717906481 -0.06354209279292318 -0.21151168757482394 0.1914330573329748
leaf_weight=2404 2042 2279 2099 2123 2013 2063
leaf_count=2404 2042 2279 2099 2123 2013 2063
internal_value=-0.0108275 0.0282928 -0.0241314 0.0511785 -0.116641 0.109697
internal_weight=15023 10968 8564 6285 4055 4162
internal_count=15023 10968 8564 6285 4055 4162
is_linear=0
shrinkage=0.05


Tree=380
num_leaves=6
num_cat=0
split_feature=3 15 14 4 5
split_gain=45730.5 31259.5 30581 55241.6 27382.6
threshold=0.60262967450000016 149.08523252516849 0.018368184544794424 5155.0000000000009 8.5000000000000018
decision_type=2 2 2 8 2
left_child=2 -2 3 -1 -4
right_child=1 -3 4 -5 -6
leaf_value=0.30502160443564019 -0.03321173569127657 -0.29313431022207104 -0.19435852486081767 -0.0073902133747560791 0.060468139141499837
leaf_weight=2202 2458 2185 2168 3959 2052
leaf_count=2202 2458 2185 2168 3959 2052
internal_value=-0.0250946 -0.155532 0.0332445 0.104269 -0.0704475
internal_weight=15024 4643 10381 6161 4220
internal_count=15024 4643 10381 6161 4220
is_linear=0
shrinkage=0.05


Tree=381
num_leaves=5
num_cat=0
split_feature=15 3 4 14
split_gain=81164.7 29542.4 12534.1 12488.2
threshold=419.61379436769442 0.18859006750000004 10470.000000000002 0.030828982106189499
decision_type=2 2 8 2
left_child=1 -1 3 -3
right_child=-2 2 -4 -5
leaf_value=-0.14155458165995147 0.3242532193104169 -0.068177106325274017 0.10221353970647605 0.084538839993597639
leaf_weight=3497 2008 3927 3584 2031
leaf_count=3497 2008 3927 3584 2031
internal_value=0.0283368 -0.0172342 0.0283274 -0.0161183
internal_weight=15047 13039 9542 5958
internal_count=15047 13039 9542 5958
is_linear=0
shrinkage=0.05


Tree=382
num_leaves=6
num_cat=0
split_feature=7 15 15 7 15
split_gain=40999.6 70014.5 52815.3 24699.8 11620.5
threshold=1.0000000180025095e-35 270.456259926276 192.45629773935647 1.5000000000000002 110.78748762503568
decision_type=2 2 2 2 2
left_child=2 3 -1 4 -2
right_child=1 -3 -4 -5 -6
leaf_value=0.020256061132567608 -0.011703572695023293 0.28284429303003145 -0.30305019163931068 0.095003081345098328 -0.18047361752408514
leaf_weight=3299 2076 2745 2047 2965 2005
leaf_count=3299 2076 2745 2047 2965 2005
internal_value=0.00782364 0.0686289 -0.103539 -0.0148257 -0.0946205
internal_weight=15137 9791 5346 7046 4081
internal_count=15137 9791 5346 7046 4081
is_linear=0
shrinkage=0.05


Tree=383
num_leaves=5
num_cat=0
split_feature=4 15 3 1
split_gain=27689 30977.3 19817.5 15987
threshold=18011.500000000004 350.40611104265912 0.19150959950000004 51.500000000000007
decision_type=8 2 2 2
left_child=1 2 -1 -4
right_child=-2 -3 3 -5
leaf_value=-0.10049071969368786 -0.1175586193965857 0.21443095938121293 -0.025273410652088154 0.13381136559914669
leaf_weight=3087 3537 2132 3166 3151
leaf_count=3087 3537 2132 3166 3151
internal_value=0.00482791 0.0423523 0.00333998 0.0540801
internal_weight=15073 11536 9404 6317
internal_count=15073 11536 9404 6317
is_linear=0
shrinkage=0.05


Tree=384
num_leaves=6
num_cat=0
split_feature=1 15 15 0 0
split_gain=33190.3 151202 42917.7 20404.6 17005
threshold=59.500000000000007 316.36112339800542 217.32735061272075 0.23128282450000001 0.060249866000000006
decision_type=2 2 2 2 2
left_child=1 3 -2 4 -1
right_child=2 -3 -4 -5 -6
leaf_value=-0.041167050802981539 0.033100080544872533 0.46203130131880538 -0.2552154967396375 -0.13155347813188667 0.15023588423321274
leaf_weight=2709 3620 2065 2006 2692 2030
leaf_count=2709 3620 2065 2006 2692 2030
internal_value=0.0265355 0.083552 -0.0697014 -0.0216236 0.0408224
internal_weight=15122 9496 5626 7431 4739
internal_count=15122 9496 5626 7431 4739
is_linear=0
shrinkage=0.05


Tree=385
num_leaves=7
num_cat=0
split_feature=1 15 1 14 15 0
split_gain=35791.8 68885.1 13337.2 14555.9 12542.3 11061.6
threshold=63.500000000000007 316.36112339800542 56.500000000000007 0.032002048131080395 156.69683954208318 0.065897179500000014
decision_type=2 2 2 2 2 2
left_child=1 2 3 5 -2 -1
right_child=4 -3 -4 -5 -6 -7
leaf_value=-0.053838551712203288 -0.014150687337845289 0.30961116179761761 0.11794979652289615 -0.13584252111560935 -0.19003080096149658 0.10293567157137765
leaf_weight=2291 2049 2399 2062 2116 2006 2211
leaf_count=2291 2049 2399 2062 2116 2006 2211
internal_value=0.0259401 0.072459 0.00691433 -0.0276815 -0.101158 0.0231556
internal_weight=15134 11079 8680 6618 4055 4502
internal_count=15134 11079 8680 6618 4055 4502
is_linear=0
shrinkage=0.05


Tree=386
num_leaves=6
num_cat=0
split_feature=4 15 15 5 15
split_gain=28427.7 55291.1 51499.6 20578.1 5715.78
threshold=3915.5000000000005 299.92467093816492 219.2823325640791 7.5000000000000009 75.731393575471529
decision_type=10 2 2 2 2
left_child=2 3 4 -2 -1
right_child=1 -3 -4 -5 -6
leaf_value=0.034541483869413192 0.11418813930208976 -0.28624457163232764 0.27596647774535094 -0.070781652248042642 -0.077640007953962892
leaf_weight=2058 2503 2242 2013 3766 2533
leaf_count=2058 2503 2242 2013 3766 2533
internal_value=-0.0127401 -0.0731419 0.0651037 0.00307054 -0.0273526
internal_weight=15115 8511 6604 6269 4591
internal_count=15115 8511 6604 6269 4591
is_linear=0
shrinkage=0.05


Tree=387
num_leaves=6
num_cat=0
split_feature=15 15 1 3 15
split_gain=81274.1 24446.6 17319.8 14756.7 17996.3
threshold=404.11826689838409 261.71241891514859 40.500000000000007 0.23771019000000002 142.86973557411761
decision_type=2 2 2 2 2
left_child=1 2 -1 -4 -5
right_child=-2 -3 3 4 -6
leaf_value=0.11953142491685853 -0.30821632051101422 0.18030596811385166 0.057019944380436033 -0.020241142175230282 -0.20405672186549517
leaf_weight=2176 2155 2083 2775 3922 2016
leaf_count=2176 2155 2083 2775 3922 2016
internal_value=-0.0238687 0.0233691 -0.00665198 -0.0381652 -0.082648
internal_weight=15127 12972 10889 8713 5938
internal_count=15127 12972 10889 8713 5938
is_linear=0
shrinkage=0.05


Tree=388
num_leaves=6
num_cat=0
split_feature=15 15 1 1 14
split_gain=75223.1 20306.6 11992.1 10840.6 16547.5
threshold=409.46245331306409 266.04382796807391 40.500000000000007 56.500000000000007 0.0084869873714340047
decision_type=2 2 2 2 2
left_child=1 2 -1 -4 -5
right_child=-2 -3 3 4 -6
leaf_value=0.096749347818667758 -0.3035297411575924 0.1624595539136203 -0.09662108762679085 -0.076098254882053656 0.10974190834208138
leaf_weight=2170 2102 2071 3894 2425 2367
leaf_count=2170 2102 2071 3894 2425 2367
internal_value=-0.0261256 0.0189818 -0.00838943 -0.034656 0.0156972
internal_weight=15029 12927 10856 8686 4792
internal_count=15029 12927 10856 8686 4792
is_linear=0
shrinkage=0.05


Tree=389
num_leaves=5
num_cat=0
split_feature=3 14 15 15
split_gain=39593 71435.9 172473 10626
threshold=0.16406211850000005 0.0091480837449767032 245.52103595603435 98.662218184286075
decision_type=2 2 2 2
left_child=-1 -2 3 -3
right_child=1 2 -4 -5
leaf_value=0.1303635160483102 0.12778118198737107 -0.062041473660241313 -0.50485206585497622 0.076113673043288588
leaf_weight=3609 3517 2750 2325 2818
leaf_count=3609 3517 2750 2325 2818
internal_value=-0.0139835 -0.0596407 -0.143153 0.00787972
internal_weight=15019 11410 7893 5568
internal_count=15019 11410 7893 5568
is_linear=0
shrinkage=0.05


Tree=390
num_leaves=6
num_cat=0
split_feature=15 0 0 3 0
split_gain=47730.4 19075.5 46423.2 23121.8 17432.4
threshold=419.61379436769442 0.035926426500000004 0.0099737760000000019 0.41784532150000003 0.17193690200000003
decision_type=2 2 2 2 2
left_child=1 2 -1 4 -3
right_child=-2 3 -4 -5 -6
leaf_value=0.061688428228344638 0.25450132349368387 0.063609961597198755 -0.2653813067697936 0.12501572400071853 -0.12852729342797009
leaf_weight=2316 2030 2228 2041 4003 2511
leaf_count=2316 2030 2228 2041 4003 2511
internal_value=0.0289043 -0.00605725 -0.0915246 0.0365396 -0.0381956
internal_weight=15129 13099 4357 8742 4739
internal_count=15129 13099 4357 8742 4739
is_linear=0
shrinkage=0.05


Tree=391
num_leaves=6
num_cat=0
split_feature=3 3 3 14 1
split_gain=26246.4 68076.7 25793.2 29139.4 23919.3
threshold=0.12408228700000001 0.28442242700000003 0.60262967450000016 0.022346734223007137 58.500000000000007
decision_type=2 2 2 2 2
left_child=-1 -2 3 -3 -4
right_child=1 2 4 -5 -6
leaf_value=0.081668150486878463 -0.28157004750691067 0.20053660282844143 0.0063564560238669804 -0.059741100094217917 -0.22146544873087076
leaf_weight=2928 3237 2215 2575 2090 2085
leaf_count=2928 3237 2215 2575 2090 2085
internal_value=-0.0527677 -0.0850271 -0.0140611 0.0741765 -0.0955767
internal_weight=15130 12202 8965 4305 4660
internal_count=15130 12202 8965 4305 4660
is_linear=0
shrinkage=0.05


Tree=392
num_leaves=6
num_cat=0
split_feature=0 15 9 5 4
split_gain=39566.1 140989 13856 14672.5 9524.64
threshold=0.017490678000000006 346.28975415595949 1.5000000000000002 8.5000000000000018 6604.0000000000009
decision_type=2 2 10 2 8
left_child=-1 2 3 4 -2
right_child=1 -3 -4 -5 -6
leaf_value=-0.1097219225149933 0.042731726503065282 0.44872318885719142 -0.11508038109581109 0.11302412583306083 -0.107207930726158
leaf_weight=3423 2223 2155 2031 3204 2023
leaf_count=3423 2223 2155 2031 3204 2023
internal_value=0.039706 0.0836637 0.00068685 0.032247 -0.0287068
internal_weight=15059 11636 9481 7450 4246
internal_count=15059 11636 9481 7450 4246
is_linear=0
shrinkage=0.05


Tree=393
num_leaves=6
num_cat=0
split_feature=14 15 4 4 1
split_gain=40552.4 120668 35323.3 43503.4 17391.2
threshold=0.014272216359486589 288.43248640221969 3000.5000000000005 5703.0000000000009 64.500000000000014
decision_type=2 2 10 10 2
left_child=1 4 -2 -4 -1
right_child=2 -3 3 -5 -6
leaf_value=0.080111518715792251 0.21676789827137247 -0.43571689057441954 -0.18970378561777235 0.11418056403318776 -0.09928057408589569
leaf_weight=3647 2444 2013 2069 2734 2146
leaf_count=3647 2444 2013 2069 2734 2146
internal_value=-0.0231538 -0.102227 0.0620192 -0.0167244 0.0136562
internal_weight=15053 7806 7247 4803 5793
internal_count=15053 7806 7247 4803 5793
is_linear=0
shrinkage=0.05


Tree=394
num_leaves=7
num_cat=0
split_feature=1 3 7 15 1 3
split_gain=44346.4 61151.3 70682.4 20736.5 14773 22337.8
threshold=51.500000000000007 0.16706753750000003 1.5000000000000002 153.90141356107236 45.500000000000007 0.32071934600000002
decision_type=2 2 2 2 2 2
left_child=4 -2 3 -3 5 -1
right_child=1 2 -4 -5 -6 -7
leaf_value=0.10190739543674139 0.32535423909241268 0.033256767650747657 -0.2041961733958555 0.25838892511975481 -0.178698282277029 -0.12430977127231607
leaf_weight=2024 2219 2073 2257 2019 2204 2368
leaf_count=2024 2219 2073 2257 2019 2204 2368
internal_value=0.0243843 0.099407 0.0204375 0.144337 -0.0730679 -0.0200603
internal_weight=15164 8568 6349 4092 6596 4392
internal_count=15164 8568 6349 4092 6596 4392
is_linear=0
shrinkage=0.05


Tree=395
num_leaves=6
num_cat=0
split_feature=3 0 15 15 3
split_gain=37388.5 65132.7 92954.9 77550.9 10915.8
threshold=0.14775225150000001 0.072709426000000008 233.29302262104292 179.30883766686631 0.41478168500000007
decision_type=2 2 2 2 2
left_child=-1 3 4 -2 -3
right_child=1 2 -4 -5 -6
leaf_value=0.16141508629198673 -0.066221507581089453 -0.089637098097932799 -0.39773146013773464 0.33179717876886672 0.064880359187672224
leaf_weight=3372 2755 2007 2171 2202 2655
leaf_count=3372 2755 2007 2171 2202 2655
internal_value=0.014599 -0.0273912 -0.127487 0.110586 -0.0016397
internal_weight=15162 11790 6833 4957 4662
internal_count=15162 11790 6833 4957 4662
is_linear=0
shrinkage=0.05


Tree=396
num_leaves=6
num_cat=0
split_feature=1 1 15 7 4
split_gain=30065.6 37578.1 37541.3 23570 16985.1
threshold=70.500000000000014 59.500000000000007 316.36112339800542 1.5000000000000002 6162.5000000000009
decision_type=2 2 2 2 8
left_child=1 2 3 4 -1
right_child=-2 -3 -4 -5 -6
leaf_value=-0.00018177461549799393 0.17907016062977024 -0.16607647938678793 0.21761233272094863 0.10968887451250837 -0.18177556961009056
leaf_weight=2814 2134 3404 2040 2277 2374
leaf_count=2814 2134 3404 2040 2277 2374
internal_value=0.00521541 -0.0235247 0.027527 -0.0244186 -0.0832781
internal_weight=15043 12909 9505 7465 5188
internal_count=15043 12909 9505 7465 5188
is_linear=0
shrinkage=0.05


Tree=397
num_leaves=6
num_cat=0
split_feature=14 15 0 14 3
split_gain=35172.7 86836.1 35546.4 12933.9 6842.48
threshold=0.0098979294367737818 291.15260470977756 0.029274329500000005 0.032002048131080395 0.40646311400000007
decision_type=2 2 2 2 2
left_child=2 3 -1 4 -2
right_child=1 -3 -4 -5 -6
leaf_value=0.053252085034044397 0.0016591888907664569 0.36748139116339301 -0.19509336788489207 -0.078183249129728627 0.12753992998343353
leaf_weight=2997 2320 2175 2775 2762 2019
leaf_count=2997 2320 2175 2775 2762 2019
internal_value=0.0307612 0.0910611 -0.0661448 0.00639492 0.0602333
internal_weight=15048 9276 5772 7101 4339
internal_count=15048 9276 5772 7101 4339
is_linear=0
shrinkage=0.05


Tree=398
num_leaves=6
num_cat=0
split_feature=1 14 0 3 0
split_gain=21925.4 63315.1 44165.1 14459 7565.47
threshold=63.500000000000007 0.011631852661456764 0.035167927500000008 0.38668887800000007 0.04440873900000001
decision_type=2 2 2 2 2
left_child=1 2 -1 -3 -2
right_child=4 3 -4 -5 -6
leaf_value=0.37755718142156125 -0.13753883583637719 0.051317047789468162 0.056275215524266356 -0.094240821862416252 -0.0007884892841223299
leaf_weight=2159 2002 3183 2120 3677 2044
leaf_count=2159 2002 3183 2120 3677 2044
internal_value=0.031235 0.0674448 0.21838 -0.0267028 -0.0684539
internal_weight=15185 11139 4279 6860 4046
internal_count=15185 11139 4279 6860 4046
is_linear=0
shrinkage=0.05


Tree=399
num_leaves=6
num_cat=0
split_feature=14 0 4 5 5
split_gain=25488.3 61965.8 37919.6 76814.2 59846.3
threshold=0.0098979294367737818 0.047579184500000003 5600.5000000000009 10.500000000000002 7.5000000000000009
decision_type=2 2 8 2 2
left_child=1 -1 4 -4 -2
right_child=2 -3 3 -5 -6
leaf_value=0.031971954789981091 0.12075729531846097 -0.30880263124482266 -0.024738717375311144 0.37323318546151696 -0.25459218476557915
leaf_weight=3816 2160 2051 2941 2063 2089
leaf_count=3816 2160 2051 2941 2063 2089
internal_value=-0.00563049 -0.0871568 0.0460625 0.139333 -0.0637814
internal_weight=15120 5867 9253 5004 4249
internal_count=15120 5867 9253 5004 4249
is_linear=0
shrinkage=0.05


end of trees

feature_importances:
spend_pre=495
MonthlyIncome=311
pd_cal=251
RevolvingUtilizationOfUnsecuredLines=244
DebtRatio=228
age=197
NumberOfOpenCreditLinesAndLoans=98
NumberRealEstateLoansOrLines=60
NumberOfDependents=41

parameters:
[boosting: gbdt]
[objective: regression]
[metric: l2]
[tree_learner: serial]
[device_type: cpu]
[data_sample_strategy: bagging]
[data: ]
[valid: ]
[num_iterations: 400]
[learning_rate: 0.05]
[num_leaves: 15]
[num_threads: 8]
[seed: 20260722]
[deterministic: 0]
[force_col_wise: 0]
[force_row_wise: 0]
[histogram_pool_size: -1]
[max_depth: -1]
[min_data_in_leaf: 2000]
[min_sum_hessian_in_leaf: 0.001]
[bagging_fraction: 0.8]
[pos_bagging_fraction: 1]
[neg_bagging_fraction: 1]
[bagging_freq: 1]
[bagging_seed: 22340]
[bagging_by_query: 0]
[feature_fraction: 0.8]
[feature_fraction_bynode: 1]
[feature_fraction_seed: 15416]
[extra_trees: 0]
[extra_seed: 16664]
[early_stopping_round: 0]
[early_stopping_min_delta: 0]
[first_metric_only: 0]
[max_delta_step: 0]
[lambda_l1: 0]
[lambda_l2: 0]
[linear_lambda: 0]
[min_gain_to_split: 0]
[drop_rate: 0.1]
[max_drop: 50]
[skip_drop: 0.5]
[xgboost_dart_mode: 0]
[uniform_drop: 0]
[drop_seed: 24626]
[top_rate: 0.2]
[other_rate: 0.1]
[min_data_per_group: 100]
[max_cat_threshold: 32]
[cat_l2: 10]
[cat_smooth: 10]
[max_cat_to_onehot: 4]
[top_k: 20]
[monotone_constraints: ]
[monotone_constraints_method: basic]
[monotone_penalty: 0]
[feature_contri: ]
[forcedsplits_filename: ]
[refit_decay_rate: 0.9]
[cegb_tradeoff: 1]
[cegb_penalty_split: 0]
[cegb_penalty_feature_lazy: ]
[cegb_penalty_feature_coupled: ]
[path_smooth: 0]
[interaction_constraints: ]
[verbosity: -1]
[saved_feature_importance_type: 0]
[use_quantized_grad: 0]
[num_grad_quant_bins: 4]
[quant_train_renew_leaf: 0]
[stochastic_rounding: 1]
[linear_tree: 0]
[max_bin: 255]
[max_bin_by_feature: ]
[min_data_in_bin: 3]
[bin_construct_sample_cnt: 200000]
[data_random_seed: 4439]
[is_enable_sparse: 1]
[enable_bundle: 1]
[use_missing: 1]
[zero_as_missing: 0]
[feature_pre_filter: 1]
[pre_partition: 0]
[two_round: 0]
[header: 0]
[label_column: ]
[weight_column: ]
[group_column: ]
[ignore_column: ]
[categorical_feature: ]
[forcedbins_filename: ]
[precise_float_parser: 0]
[parser_config_file: ]
[objective_seed: 28388]
[num_class: 1]
[is_unbalance: 0]
[scale_pos_weight: 1]
[sigmoid: 1]
[boost_from_average: 1]
[reg_sqrt: 0]
[alpha: 0.9]
[fair_c: 1]
[poisson_max_delta_step: 0.7]
[tweedie_variance_power: 1.5]
[lambdarank_truncation_level: 30]
[lambdarank_norm: 1]
[label_gain: ]
[lambdarank_position_bias_regularization: 0]
[eval_at: ]
[multi_error_top_k: 1]
[auc_mu_weights: ]
[num_machines: 1]
[local_listen_port: 12400]
[time_out: 120]
[machine_list_filename: ]
[machines: ]
[gpu_platform_id: -1]
[gpu_device_id: -1]
[gpu_device_id_list: ]
[gpu_use_dp: 0]
[num_gpu: 1]

end of parameters

pandas_categorical:[]
