tree
version=v4
num_class=1
num_tree_per_iteration=1
label_index=0
max_feature_idx=15
objective=regression
feature_names=RevolvingUtilizationOfUnsecuredLines age NumberOfTime30-59DaysPastDueNotWorse DebtRatio MonthlyIncome NumberOfOpenCreditLinesAndLoans NumberOfTimes90DaysLate NumberRealEstateLoansOrLines NumberOfTime60-89DaysPastDueNotWorse NumberOfDependents dpd_sentinel_flag util_extreme_flag income_missing_flag dependents_missing_flag pd_cal spend_pre
feature_infos=[0:2] [21:102] none [0:329664] [0:3008750] [0:56] none [0:16] none [0:10] none none [0:1] none [0:0.090365448504983389] [0:4245.2617807558909]
tree_sizes=660 680 601 676 684 678 686 593 688 686 682 687 600 680 683 683 686 595 597 603 774 782 686 684 600 688 684 695 687 678 686 687 778 683 686 597 779 593 684 596 769 687 600 690 679 681 777 694 685 597 591 687 690 774 600 596 688 688 600 687 692 774 773 602 694 687 682 603 684 599 691 687 686 688 677 775 681 685 686 683 677 689 690 691 782 605 683 772 686 685 692 599 692 684 692 686 691 684 692 686 688 688 695 691 682 685 691 772 684 780 687 689 687 593 690 599 691 688 689 604 690 692 600 688 687 690 686 691 687 689 689 689 694 778 603 693 685 598 688 693 691 687 603 599 695 692 687 599 600 700 602 686 690 596 782 603 605 692 601 693 683 685 688 781 603 690 596 691 695 692 690 780 693 598 603 685 785 684 685 603 692 595 607 694 685 686 685 692 690 684 689 691 598 695 693 694 689 691 688 599 691 691 682 688 788 691 690 591 774 605 692 692 690 693 690 687 693 690 692 600 700 601 689 694 688 686 598 685 604 700 687 694 684 690 686 687 601 691 691 688 599 688 688 696 693 607 687 689 698 691 603 597 775 781 775 694 689 684 684 608 599 689 692 694 604 692 695 603 688 683 687 686 598 687 603 602 598 691 688 608 695 687 598 691 690 689 692 678 682 599 690 697 686 691 690 692 686 687 685 687 689 688 691 690 780 592 690 682 690 685 692 691 685 692 693 778 779 687 694 690 601 690 687 773 693 698 687 599 692 687 688 601 602 681 695 689 685 596 691 602 690 689 690 597 688 606 695 598 691 692 692 604 689 689 687 691 596 686 689 605 694 690 598 689 695 599 694 687 602 604 690 601 689 597 774 691 693 693 686 692 692 771 697 604 603 690 684 690 604 689 689 775 690 689 693 686 775 691 604 602

Tree=0
num_leaves=6
num_cat=0
split_feature=0 4 9 4 0
split_gain=677668 153381 91012.9 87133.2 60161.9
threshold=0.22929057000000003 6912.0000000000009 1.0000000180025095e-35 10866.500000000002 0.040725316000000004
decision_type=2 8 10 8 2
left_child=1 4 -2 -3 -1
right_child=2 3 -4 -5 -6
leaf_value=25.527893037318069 24.657388583814797 26.00626792250948 25.0974009816026 25.592493188673458 25.174517295836438
leaf_weight=2547 2745 2040 2055 3381 2285
leaf_count=2547 2745 2040 2055 3381 2285
internal_value=25.3361 25.5656 24.8458 25.7482 25.3608
internal_weight=15053 10253 4800 5421 4832
internal_count=15053 10253 4800 5421 4832
is_linear=0
shrinkage=1


Tree=1
num_leaves=6
num_cat=0
split_feature=0 3 15 12 0
split_gain=753547 156674 243835 138399 106176
threshold=0.19470509850000003 0.38655313450000006 221.14036870653027 1.0000000180025095e-35 0.48991772250000004
decision_type=2 2 2 2 2
left_child=1 2 -1 -3 -2
right_child=4 3 -4 -5 -6
leaf_value=0.16764080811752063 -0.30453024839011528 -0.27478709850355426 0.85634996342062664 0.29410917541429599 -0.75936760975319018
leaf_weight=3536 2991 2096 2019 2182 2247
leaf_count=3536 2991 2096 2019 2182 2247
internal_value=-0.0152351 0.242809 0.417957 0.0153793 -0.499647
internal_weight=15071 9833 5555 4278 5238
internal_count=15071 9833 5555 4278 5238
is_linear=0
shrinkage=0.05


Tree=2
num_leaves=5
num_cat=0
split_feature=14 14 9 4
split_gain=755990 114595 99896.3 29262.4
threshold=0.019169879419243707 0.0082263199175676323 1.0000000180025095e-35 5595.5000000000009
decision_type=2 2 10 10
left_child=1 -1 -2 -3
right_child=2 3 -4 -5
leaf_value=0.48575207287406913 -0.61163478994917453 0.019957372204641527 -0.20854111526849348 0.26813420765168744
leaf_weight=3947 3483 2847 2751 2038
leaf_count=3947 3483 2847 2751 2038
internal_value=-0.0121785 0.285387 -0.433754 0.123496
internal_weight=15066 8832 6234 4885
internal_count=15066 8832 6234 4885
is_linear=0
shrinkage=0.05


Tree=3
num_leaves=6
num_cat=0
split_feature=0 3 15 0 4
split_gain=542708 157156 127951 105010 137828
threshold=0.10740148000000001 0.42438671000000006 182.45873487847169 0.48231752950000001 7460.5000000000009
decision_type=2 2 2 2 8
left_child=1 2 -1 4 -2
right_child=3 -3 -4 -5 -6
leaf_value=0.17582039867517024 -0.48477063633179995 -0.045221954004682888 0.69499399589630251 -0.65100016944458494 0.058517757348467384
leaf_weight=2683 2601 3235 2128 2333 2118
leaf_count=2683 2601 3235 2128 2333 2118
internal_value=-0.0563883 0.224258 0.405461 -0.376593 -0.24093
internal_weight=15098 8046 4811 7052 4719
internal_count=15098 8046 4811 7052 4719
is_linear=0
shrinkage=0.05


Tree=4
num_leaves=6
num_cat=0
split_feature=14 0 15 14 15
split_gain=818740 103121 128672 60558.1 73776.8
threshold=0.016841079476872311 0.046868859500000006 190.49353908684978 0.041844949239197383 154.65266001324022
decision_type=2 2 2 2 2
left_child=1 2 -1 4 -2
right_child=3 -3 -4 -5 -6
leaf_value=0.21860890951397996 -0.14483500265691474 0.080776299934716578 0.73785624286830054 -0.66463018223503334 -0.56467434094849933
leaf_weight=2925 2171 3680 2015 2342 2020
leaf_count=2925 2171 3680 2015 2342 2020
internal_value=-0.0388157 0.281145 0.430407 -0.460989 -0.347191
internal_weight=15153 8620 4940 6533 4191
internal_count=15153 8620 4940 6533 4191
is_linear=0
shrinkage=0.05


Tree=5
num_leaves=6
num_cat=0
split_feature=0 15 5 0 0
split_gain=479016 420635 184888 110603 26122.5
threshold=0.45753025600000002 364.78600104921179 11.500000000000002 0.10740148000000001 0.030460168000000006
decision_type=2 2 2 2 2
left_child=1 2 3 4 -1
right_child=-2 -3 -4 -5 -6
leaf_value=0.17407639514385528 -0.61455964251588402 0.77763927490226259 -0.35442849128606929 -0.1274925408741428 0.39967071598313597
leaf_weight=3172 2476 2181 2565 2700 2155
leaf_count=3172 2476 2181 2565 2700 2155
internal_value=0.0219361 0.145318 0.0151172 0.133204 0.265339
internal_weight=15249 12773 10592 8027 5327
internal_count=15249 12773 10592 8027 5327
is_linear=0
shrinkage=0.05


Tree=6
num_leaves=6
num_cat=0
split_feature=14 15 14 4 14
split_gain=590702 204701 97221.2 83519.7 31894
threshold=0.024683041463863385 336.93442598602138 0.0058720895319898493 4000.5000000000005 0.011631852661456764
decision_type=2 2 2 10 2
left_child=1 2 -1 -2 -4
right_child=3 -3 4 -5 -6
leaf_value=0.45813503911064485 -0.62319585662815413 0.72368017422257147 0.15105513812250143 -0.21127682290030281 -0.083466181466422706
leaf_weight=2047 2201 2007 3731 2791 2371
leaf_count=2047 2201 2007 3731 2791 2371
internal_value=0.0524551 0.271359 0.159957 -0.392894 0.0599293
internal_weight=15148 10156 8149 4992 6102
internal_count=15148 10156 8149 4992 6102
is_linear=0
shrinkage=0.05


Tree=7
num_leaves=5
num_cat=0
split_feature=0 15 4 5
split_gain=409814 152647 103761 32536.8
threshold=0.12925050850000003 234.31954661142962 5750.5000000000009 8.5000000000000018
decision_type=2 2 8 2
left_child=1 3 -2 -1
right_child=2 -3 -4 -5
leaf_value=0.17724460001626507 -0.53692496699348913 0.52670100145266119 -0.13063169392810345 -0.064348361864414408
leaf_weight=3391 2717 2825 3727 2366
leaf_count=3391 2717 2825 3727 2366
internal_value=-0.000597026 0.225672 -0.301938 0.0779552
internal_weight=15026 8582 6444 5757
internal_count=15026 8582 6444 5757
is_linear=0
shrinkage=0.05


Tree=8
num_leaves=6
num_cat=0
split_feature=15 14 14 14 4
split_gain=542628 466212 68156.7 50372.8 23671
threshold=417.44147230914609 0.019504055260196364 0.041844949239197383 0.0061485369884320016 4602.0000000000009
decision_type=2 2 2 2 10
left_child=1 3 -3 -1 -5
right_child=-2 2 -4 4 -6
leaf_value=0.34897166013756947 0.79355846246948059 -0.30794196261685802 -0.67535351426559287 0.18239892479376635 -0.030513475323517333
leaf_weight=2453 2011 3416 2002 2571 2652
leaf_count=2453 2011 3416 2002 2571 2652
internal_value=0.0288588 -0.0885852 -0.443704 0.162071 0.0742918
internal_weight=15105 13094 5418 7676 5223
internal_count=15105 13094 5418 7676 5223
is_linear=0
shrinkage=0.05


Tree=9
num_leaves=6
num_cat=0
split_feature=14 9 14 15 1
split_gain=418446 99118.7 76720.9 96143 95871.7
threshold=0.024683041463863385 1.0000000180025095e-35 0.0086638047098293435 187.1353612176035 49.500000000000007
decision_type=2 10 2 2 2
left_child=2 -2 3 -1 -4
right_child=1 -3 4 -5 -6
leaf_value=0.12155285510127345 -0.58444671351715394 -0.13698754246868158 0.26024670966794655 0.57844970391204209 -0.1606970152332777
leaf_weight=2650 2800 2218 2630 2036 2785
leaf_count=2650 2800 2218 2630 2036 2785
internal_value=-0.0134627 -0.386666 0.171938 0.320068 0.0437503
internal_weight=15119 5018 10101 4686 5415
internal_count=15119 5018 10101 4686 5415
is_linear=0
shrinkage=0.05


Tree=10
num_leaves=6
num_cat=0
split_feature=14 7 15 14 3
split_gain=480323 181078 105985 93677.9 24957.9
threshold=0.010695651869624911 1.5000000000000002 238.00601590583901 0.024944268232627843 0.29436216700000006
decision_type=2 2 2 2 2
left_child=2 3 4 -2 -1
right_child=1 -3 -4 -5 -6
leaf_value=0.28501828068900442 0.14893431668717053 -0.57580689732231338 0.60030177086901293 -0.26672977127184433 0.048348469718314399
leaf_weight=2334 2357 2934 2136 3190 2131
leaf_count=2334 2357 2934 2136 3190 2131
internal_value=-0.009199 -0.258136 0.310636 -0.0901081 0.172063
internal_weight=15082 8481 6601 5547 4465
internal_count=15082 8481 6601 5547 4465
is_linear=0
shrinkage=0.05


Tree=11
num_leaves=6
num_cat=0
split_feature=14 4 7 14 3
split_gain=388338 85330.2 58534 45417.4 50208.1
threshold=0.024683041463863385 4583.5000000000009 1.5000000000000002 0.0058720895319898493 0.21028210100000003
decision_type=2 10 2 2 2
left_child=2 -2 3 -1 -5
right_child=1 -3 -4 4 -6
leaf_value=0.43460341043851325 -0.55987293269282146 -0.14876760640914247 -0.026155438185768723 -0.021201315267415186 0.29701379146701051
leaf_weight=2374 2513 2536 2487 2058 3117
leaf_count=2374 2513 2536 2487 2058 3117
internal_value=0.00428401 -0.353384 0.184223 0.253531 0.170466
internal_weight=15085 5049 10036 7549 5175
internal_count=15085 5049 10036 7549 5175
is_linear=0
shrinkage=0.05


Tree=12
num_leaves=5
num_cat=0
split_feature=14 14 1 1
split_gain=264744 105580 62518.2 29669.1
threshold=0.034660041604486054 0.0061485369884320016 54.500000000000007 41.500000000000007
decision_type=2 2 2 2
left_child=1 -1 3 -3
right_child=-2 2 -4 -5
leaf_value=0.35273902265155704 -0.41626960578932942 -0.024337507203308975 -0.14981079206693837 0.22116526940897382
leaf_weight=2832 3365 2125 3842 2924
leaf_count=2832 3365 2125 3842 2924
internal_value=-0.0253442 0.086868 0.00218164 0.117839
internal_weight=15088 11723 8891 5049
internal_count=15088 11723 8891 5049
is_linear=0
shrinkage=0.05


Tree=13
num_leaves=6
num_cat=0
split_feature=15 14 15 4 4
split_gain=334335 347618 100140 19198.5 21688.1
threshold=352.7886509892183 0.019504055260196364 148.2320022013229 14999.500000000002 5000.5000000000009
decision_type=2 2 2 8 10
left_child=1 3 -3 4 -1
right_child=-2 2 -4 -5 -6
leaf_value=0.20712027880760953 0.53348089718528457 -0.21995248837983805 -0.67226647124268968 0.26672422916589689 -0.001525390622984156
leaf_weight=2173 2670 3097 2023 2116 2918
leaf_count=2173 2670 3097 2023 2116 2918
internal_value=0.0262196 -0.083652 -0.39867 0.140143 0.0875312
internal_weight=14997 12327 5120 7207 5091
internal_count=14997 12327 5120 7207 5091
is_linear=0
shrinkage=0.05


Tree=14
num_leaves=6
num_cat=0
split_feature=15 14 14 5 15
split_gain=397328 331768 101022 25375.6 12266.5
threshold=417.44147230914609 0.019504055260196364 0.041844949239197383 8.5000000000000018 154.65266001324022
decision_type=2 2 2 2 2
left_child=1 3 -3 4 -1
right_child=-2 2 -4 -5 -6
leaf_value=0.14550472746339335 0.68456551848759828 -0.20227892758245472 -0.6511530480464861 0.024235808080416872 0.30762091651489065
leaf_weight=2799 2024 3344 2005 2826 2001
leaf_count=2799 2024 3344 2005 2826 2001
internal_value=0.0329946 -0.0686455 -0.370533 0.143104 0.213087
internal_weight=14999 12975 5349 7626 4800
internal_count=14999 12975 5349 7626 4800
is_linear=0
shrinkage=0.05


Tree=15
num_leaves=6
num_cat=0
split_feature=14 15 14 14 15
split_gain=356755 107000 60009.9 21691.9 6926.8
threshold=0.019169879419243707 222.860547702378 0.043671839450189077 0.0068735729270814738 148.2320022013229
decision_type=2 2 2 2 2
left_child=1 3 4 -1 -2
right_child=2 -3 -4 -5 -6
leaf_value=0.2479697629807065 -0.072915076359059652 0.47970475399907786 -0.46534953886341235 0.043945807682401812 -0.20291037003127071
leaf_weight=2012 2052 3128 2123 3696 2047
leaf_count=2012 2052 3128 2123 3696 2047
internal_value=0.0404396 0.244664 -0.249585 0.115862 -0.137833
internal_weight=15058 8836 6222 5708 4099
internal_count=15058 8836 6222 5708 4099
is_linear=0
shrinkage=0.05


Tree=16
num_leaves=6
num_cat=0
split_feature=14 4 5 9 14
split_gain=281517 89638.1 40932.3 46093.8 36220.8
threshold=0.019504055260196364 4393.5000000000009 10.500000000000002 1.0000000180025095e-35 0.006946312513977016
decision_type=2 10 2 8 2
left_child=2 -2 3 4 -1
right_child=1 -3 -4 -5 -6
leaf_value=0.44059205222168629 -0.49978896566080089 -0.11908377767612099 -0.052395695322326886 0.0225325681849371 0.15360911776450403
leaf_weight=2189 2921 3285 2090 2360 2209
leaf_count=2189 2921 3285 2090 2360 2209
internal_value=-0.0400973 -0.298272 0.140986 0.200792 0.296448
internal_weight=15054 6206 8848 6758 4398
internal_count=15054 6206 8848 6758 4398
is_linear=0
shrinkage=0.05


Tree=17
num_leaves=5
num_cat=0
split_feature=15 14 15 4
split_gain=212358 229728 57736.1 17319.4
threshold=360.89752852725434 0.020892460186639806 148.2320022013229 4602.0000000000009
decision_type=2 2 2 10
left_child=1 3 -3 -1
right_child=-2 2 -4 -5
leaf_value=0.17264739034142695 0.41770206578259117 -0.1980887927507568 -0.5431982889015512 0.020173042633497954
leaf_weight=3940 2643 3034 2018 3532
leaf_count=3940 2643 3034 2018 3532
internal_value=0.0104367 -0.0755105 -0.335941 0.100573
internal_weight=15167 12524 5052 7472
internal_count=15167 12524 5052 7472
is_linear=0
shrinkage=0.05


Tree=18
num_leaves=5
num_cat=0
split_feature=5 15 0 4
split_gain=150687 121511 121703 28210.2
threshold=11.500000000000002 344.85164313145083 0.29009501300000007 6753.0000000000009
decision_type=2 2 2 8
left_child=1 2 3 -1
right_child=-2 -3 -4 -5
leaf_value=-0.0085726052866601146 -0.31523007240170264 0.40067596246778625 -0.30752743835588447 0.19403594079388506
leaf_weight=3380 3444 2150 2594 3494
leaf_count=3380 3444 2150 2594 3494
internal_value=-0.0247603 0.0613456 -0.0157098 0.0944117
internal_weight=15062 11618 9468 6874
internal_count=15062 11618 9468 6874
is_linear=0
shrinkage=0.05


Tree=19
num_leaves=5
num_cat=0
split_feature=14 14 7 7
split_gain=243474 53035.1 59341.7 29584.9
threshold=0.041844949239197383 0.019169879419243707 1.5000000000000002 1.0000000180025095e-35
decision_type=2 2 2 2
left_child=1 2 3 -1
right_child=-2 -3 -4 -5
leaf_value=0.041470781239625887 -0.54304068634739711 -0.13813302105314462 -0.15133987518476322 0.25083836438259721
leaf_weight=3146 2314 3952 2083 3639
leaf_count=3146 2314 3952 2083 3639
internal_value=-0.0709972 0.0142063 0.082096 0.153761
internal_weight=15134 12820 8868 6785
internal_count=15134 12820 8868 6785
is_linear=0
shrinkage=0.05


Tree=20
num_leaves=7
num_cat=0
split_feature=15 14 15 14 4 15
split_gain=133286 153332 62311.9 98198.8 23383.5 27372
threshold=417.44147230914609 0.012070312758673211 188.61191292404169 0.030828982106189499 13782.000000000002 133.07709494862223
decision_type=2 2 2 2 8 2
left_child=1 4 3 -3 5 -1
right_child=-2 2 -4 -5 -6 -7
leaf_value=0.16114364650515495 0.37077259203377699 0.097135879565070582 -0.45794304271589992 -0.37265462611315392 0.24604401589485125 -0.091757541218873556
leaf_weight=2276 2025 2314 2121 2142 2094 2019
leaf_count=2276 2025 2314 2121 2142 2094 2019
internal_value=-0.00648495 -0.0654042 -0.234872 -0.128693 0.10905 0.0422595
internal_weight=14991 12966 6577 4456 6389 4295
internal_count=14991 12966 6577 4456 6389 4295
is_linear=0
shrinkage=0.05


Tree=21
num_leaves=7
num_cat=0
split_feature=15 14 15 14 14 14
split_gain=250593 168567 72926.5 64830.2 21223.9 28672.5
threshold=422.75384602423384 0.011885556907931303 185.62212128545761 0.031400966183574887 0.0057310825013137156 0.0091026660247007594
decision_type=2 2 2 2 2 2
left_child=1 4 3 -3 -1 -6
right_child=-2 2 -4 -5 5 -7
leaf_value=0.2435960697891445 0.53066996696975444 0.051740941959685094 -0.47596938491052559 -0.32865407018983911 -0.079773280880364478 0.17984424811977495
leaf_weight=2123 2002 2376 2256 2119 2127 2127
leaf_count=2123 2002 2376 2256 2119 2127 2127
internal_value=0.00959275 -0.0698707 -0.244004 -0.127582 0.114475 0.0500355
internal_weight=15130 13128 6751 4495 6377 4254
internal_count=15130 13128 6751 4495 6377 4254
is_linear=0
shrinkage=0.05


Tree=22
num_leaves=6
num_cat=0
split_feature=14 9 3 5 15
split_gain=146441 142989 58867.5 67668.5 56084.3
threshold=0.024944268232627843 1.0000000180025095e-35 0.11017095950000001 5.5000000000000009 232.63674095989052
decision_type=2 10 2 2 2
left_child=2 -2 -1 -4 -5
right_child=1 -3 3 4 -6
leaf_value=0.32897808319064348 -0.4764641552210212 0.068045554405295264 -0.2128612733818408 0.011750570164960984 0.3358239880942967
leaf_weight=2183 2710 2172 2036 3964 2013
leaf_count=2183 2710 2172 2036 3964 2013
internal_value=-0.0090235 -0.234212 0.0988002 0.0360923 0.120896
internal_weight=15078 4882 10196 8013 5977
internal_count=15078 4882 10196 8013 5977
is_linear=0
shrinkage=0.05


Tree=23
num_leaves=6
num_cat=0
split_feature=15 14 5 14 1
split_gain=186336 155925 45457.9 23219 20617.3
threshold=417.44147230914609 0.019940076820947557 9.5000000000000018 0.0057310825013137156 54.500000000000007
decision_type=2 2 2 2 2
left_child=1 3 -3 -1 -5
right_child=-2 2 -4 4 -6
leaf_value=0.24111136226271271 0.47365255304140907 -0.12404772964483753 -0.41874729741874123 0.1400956570695738 -0.051717505231774499
leaf_weight=2136 2018 3055 2289 2899 2711
leaf_count=2136 2018 3055 2289 2899 2711
internal_value=0.0264295 -0.0425159 -0.250277 0.100819 0.0474031
internal_weight=15108 13090 5344 7746 5610
internal_count=15108 13090 5344 7746 5610
is_linear=0
shrinkage=0.05


Tree=24
num_leaves=5
num_cat=0
split_feature=14 0 4 1
split_gain=162527 43603.7 75283.1 35012.4
threshold=0.010695651869624911 0.19470509850000003 4000.5000000000005 63.500000000000007
decision_type=2 2 10 2
left_child=3 -2 -3 -1
right_child=1 2 -4 -5
leaf_value=0.29231728901695642 -0.0045831895935955205 -0.47004075750161933 -0.074619833441852565 0.059895796898132916
leaf_weight=3713 3493 2024 2970 2875
leaf_count=3713 3493 2024 2970 2875
internal_value=0.00454939 -0.140096 -0.234879 0.190889
internal_weight=15075 8487 4994 6588
internal_count=15075 8487 4994 6588
is_linear=0
shrinkage=0.05


Tree=25
num_leaves=6
num_cat=0
split_feature=14 3 3 4 3
split_gain=101317 98314.7 125853 47889.8 119247
threshold=0.041844949239197383 0.13194836950000002 116.50000000000001 5099.5000000000009 0.31818853400000008
decision_type=2 2 2 10 2
left_child=1 -1 3 -3 -5
right_child=-2 2 -4 4 -6
leaf_value=0.30900066608514526 -0.32108454434394984 -0.26566424362208502 0.30029310108847707 -0.25862384364735508 0.26552721598800705
leaf_weight=2667 2306 3459 2214 2350 2016
leaf_count=2667 2306 3459 2214 2350 2016
internal_value=-0.0161779 0.0391593 -0.0325278 -0.126696 -0.0165972
internal_weight=15012 12706 10039 7825 4366
internal_count=15012 12706 10039 7825 4366
is_linear=0
shrinkage=0.05


Tree=26
num_leaves=6
num_cat=0
split_feature=0 15 1 15 4
split_gain=150905 136818 60370.3 101049 13119.7
threshold=0.48231752950000001 352.7886509892183 66.500000000000014 196.85581900776242 7055.0000000000009
decision_type=2 2 2 2 8
left_child=1 2 3 4 -1
right_child=-2 -3 -4 -5 -6
leaf_value=-0.044274957226973895 -0.38291217137203015 0.40552929972321339 0.2081901037559839 -0.36844855746142752 0.10297307832008658
leaf_weight=3233 2288 2319 2302 2237 2843
leaf_count=3233 2288 2319 2302 2237 2843
internal_value=-0.00860826 0.0576054 -0.0184036 -0.081151 0.0246234
internal_weight=15222 12934 10615 8313 6076
internal_count=15222 12934 10615 8313 6076
is_linear=0
shrinkage=0.05


Tree=27
num_leaves=6
num_cat=0
split_feature=15 14 14 15 14
split_gain=208799 104655 32091.9 40288.3 11718.9
threshold=344.85164313145083 0.040665281546811406 0.012353410193981972 115.35549764336722 0.0075602986304670718
decision_type=2 2 2 2 2
left_child=1 2 4 -4 -1
right_child=-2 -3 3 -5 -6
leaf_value=0.012669427706079019 0.42535742696439161 -0.38324246569529774 0.058722468839578448 -0.25334860232130335 0.15176645335744543
leaf_weight=3017 2758 2039 2057 2080 3040
leaf_count=3017 2758 2039 2057 2080 3040
internal_value=0.0323611 -0.0562422 0.00916428 -0.0981806 0.082482
internal_weight=14991 12233 10194 4137 6057
internal_count=14991 12233 10194 4137 6057
is_linear=0
shrinkage=0.05


Tree=28
num_leaves=6
num_cat=0
split_feature=14 15 4 15 14
split_gain=193206 171909 118777 101388 27886.7
threshold=0.0087396615926057467 185.62212128545761 5702.0000000000009 200.24264976395406 0.024360157499692388
decision_type=2 2 10 2 2
left_child=1 -1 3 4 -2
right_child=2 -3 -4 -5 -6
leaf_value=0.022464326042908583 0.046438312621394431 0.62040388565734828 0.12016320666117385 -0.50683538342844059 -0.21604387071778486
leaf_weight=2712 2044 2159 3913 2174 2004
leaf_count=2712 2044 2159 3913 2174 2004
internal_value=0.0287006 0.287492 -0.0956777 -0.23142 -0.0835059
internal_weight=15006 4871 10135 6222 4048
internal_count=15006 4871 10135 6222 4048
is_linear=0
shrinkage=0.05


Tree=29
num_leaves=6
num_cat=0
split_feature=0 3 3 0 3
split_gain=171067 92525.8 205195 51425.2 41674.4
threshold=0.48991772250000004 0.39390283550000005 90.500000000000014 0.10364032250000001 0.17929093500000001
decision_type=2 2 2 2 2
left_child=1 3 -3 4 -1
right_child=-2 2 -4 -5 -6
leaf_value=0.17914989739931861 -0.37894933515799201 -0.29416929284094201 0.32114101549284868 0.032005867537639003 0.482029866174007
leaf_weight=2570 2253 3507 2208 2519 2035
leaf_count=2570 2253 3507 2208 2519 2035
internal_value=0.0229011 0.0934182 -0.0564431 0.21364 0.312996
internal_weight=15092 12839 5715 7124 4605
internal_count=15092 12839 5715 7124 4605
is_linear=0
shrinkage=0.05


Tree=30
num_leaves=6
num_cat=0
split_feature=0 3 3 4 3
split_gain=100063 80508.3 94026.8 93656.7 59366.8
threshold=0.48231752950000001 0.11699205600000002 90.500000000000014 5250.5000000000009 0.30700602800000004
decision_type=2 2 2 10 2
left_child=1 -1 3 -3 -5
right_child=-2 2 -4 4 -6
leaf_value=0.27314546540080537 -0.34259751201543781 -0.30431108934334716 0.24516145748614698 -0.1480769723023255 0.22131057313812239
leaf_weight=2481 2273 3788 2211 2186 2165
leaf_count=2481 2273 3788 2211 2186 2165
internal_value=-0.0368305 0.0173359 -0.0439843 -0.122532 0.0357254
internal_weight=15104 12831 10350 8139 4351
internal_count=15104 12831 10350 8139 4351
is_linear=0
shrinkage=0.05


Tree=31
num_leaves=6
num_cat=0
split_feature=3 15 3 3 14
split_gain=107354 106769 51443.2 80961.9 46416.1
threshold=0.35438936750000005 253.29909621575908 0.21028210100000003 0.09811094300000002 0.02513143585596286
decision_type=2 2 2 2 2
left_child=2 4 3 -1 -2
right_child=1 -3 -4 -5 -6
leaf_value=0.18657109091545598 0.067951227429255009 -0.46550774298970049 0.25959806216321474 -0.23846709024965593 -0.23362585818758574
leaf_weight=2462 3313 2142 3024 2056 2075
leaf_count=2462 3313 2142 3024 2056 2075
internal_value=-0.0333529 -0.166902 0.0999833 -0.00685045 -0.0481907
internal_weight=15072 7530 7542 4518 5388
internal_count=15072 7530 7542 4518 5388
is_linear=0
shrinkage=0.05


Tree=32
num_leaves=7
num_cat=0
split_feature=7 15 15 14 14 7
split_gain=90165.7 172512 85508 71704.1 13249.5 8804.48
threshold=1.5000000000000002 336.93442598602138 180.84890930598294 0.011885556907931303 0.0075602986304670718 1.0000000180025095e-35
decision_type=2 2 2 2 2 2
left_child=1 3 -2 4 -1 -5
right_child=2 -3 -4 5 -6 -7
leaf_value=0.0038568246446399352 -0.021912761458186391 0.45894888275746548 -0.469433907540176 -0.27833150350579333 0.1727203338339085 -0.13231160454014321
leaf_weight=2623 2289 2005 2000 2107 2085 2024
leaf_count=2623 2289 2005 2000 2107 2085 2024
internal_value=-0.036532 0.0402239 -0.230596 -0.0547579 0.0786403 -0.206788
internal_weight=15133 10844 4289 8839 4708 4131
internal_count=15133 10844 4289 8839 4708 4131
is_linear=0
shrinkage=0.05


Tree=33
num_leaves=6
num_cat=0
split_feature=3 15 15 0 3
split_gain=126180 196461 112273 65866.3 19920.4
threshold=0.39390283550000005 228.67146618528182 298.77886537015098 0.058972209000000005 1.4388912625000003
decision_type=2 2 2 2 2
left_child=2 4 3 -1 -2
right_child=1 -3 -4 -5 -6
leaf_value=0.18561934717850653 -0.098439554183024053 -0.56852846163608162 0.43826977760230151 -0.14091633391709113 0.10873431599773503
leaf_weight=2845 2290 2184 2009 3378 2352
leaf_count=2845 2290 2184 2009 3378 2352
internal_value=-0.0185147 -0.177461 0.113284 0.00836761 0.00653092
internal_weight=15058 6826 8232 6223 4642
internal_count=15058 6826 8232 6223 4642
is_linear=0
shrinkage=0.05


Tree=34
num_leaves=6
num_cat=0
split_feature=15 14 5 4 15
split_gain=150355 79356.1 39709.9 23123.4 10370.3
threshold=352.7886509892183 0.041158150674328181 11.500000000000002 4951.0000000000009 128.54211943626822
decision_type=2 2 2 10 2
left_child=1 2 3 4 -1
right_child=-2 -3 -4 -5 -6
leaf_value=0.078472514837203466 0.37253912478887519 -0.32135021150103643 -0.16399099575566942 -0.025950034919175899 0.22826908845535243
leaf_weight=2607 2769 2024 2270 3435 2075
leaf_count=2607 2769 2024 2270 3435 2075
internal_value=0.039393 -0.0349347 0.0208759 0.0725758 0.14486
internal_weight=15180 12411 10387 8117 4682
internal_count=15180 12411 10387 8117 4682
is_linear=0
shrinkage=0.05


Tree=35
num_leaves=5
num_cat=0
split_feature=5 9 0 15
split_gain=128362 79485.2 100235 86976.8
threshold=11.500000000000002 1.5000000000000002 0.043386952500000013 209.07858549295159
decision_type=2 10 2 2
left_child=1 2 -1 -4
right_child=-2 -3 3 -5
leaf_value=0.17120253906349864 -0.30959808613600354 0.3019766340851433 -0.010680765383329703 -0.41813360986616221
leaf_weight=3786 3477 2271 3534 2081
leaf_count=3786 3477 2271 3534 2081
internal_value=-0.042933 0.0365044 -0.0276257 -0.161689
internal_weight=15149 11672 9401 5615
internal_count=15149 11672 9401 5615
is_linear=0
shrinkage=0.05


Tree=36
num_leaves=7
num_cat=0
split_feature=7 15 14 9 5 7
split_gain=94577.8 152820 67152.1 49736.8 9432.6 8544.91
threshold=1.5000000000000002 336.93442598602138 0.011885556907931303 1.0000000180025095e-35 6.5000000000000009 1.0000000180025095e-35
decision_type=2 2 2 8 2 2
left_child=1 2 4 -2 -1 -4
right_child=3 -3 5 -5 -6 -7
leaf_value=0.20674522582817417 -0.3480794956613168 0.49041980424956988 -0.21036686752681744 -0.0064754658194503684 0.065217846242350441 -0.06681973031522731
leaf_weight=2385 2176 2012 2086 2088 2325 2061
leaf_count=2385 2176 2012 2086 2088 2325 2061
internal_value=0.0187644 0.0970561 0.00769765 -0.180802 0.136883 -0.139026
internal_weight=15133 10869 8857 4264 4710 4147
internal_count=15133 10869 8857 4264 4710 4147
is_linear=0
shrinkage=0.05


Tree=37
num_leaves=5
num_cat=0
split_feature=15 5 0 4
split_gain=204138 57153.1 40221 22236.9
threshold=352.7886509892183 11.500000000000002 0.35956257750000004 7201.5000000000009
decision_type=2 2 2 8
left_child=1 2 3 -1
right_child=-2 -3 -4 -5
leaf_value=0.0060874616999595232 0.45053163657531492 -0.22531730265752473 -0.15566463096360464 0.18018888946691997
leaf_weight=3899 2745 2789 2200 3463
leaf_count=3899 2745 2789 2200 3463
internal_value=0.0605171 -0.0261633 0.031925 0.0879828
internal_weight=15096 12351 9562 7362
internal_count=15096 12351 9562 7362
is_linear=0
shrinkage=0.05


Tree=38
num_leaves=6
num_cat=0
split_feature=3 15 3 0 15
split_gain=144633 160690 93339.2 47977.7 29198
threshold=0.56238157950000012 336.93442598602138 90.500000000000014 0.052529603000000008 143.37006943406206
decision_type=2 2 2 2 2
left_child=1 3 -2 -1 -5
right_child=2 -3 -4 4 -6
leaf_value=0.15314335649949856 -0.45673673573198931 0.50339264975978981 -0.019829575784576458 0.010919229338059012 -0.23620885837830313
leaf_weight=3270 2324 2016 2579 2808 2081
leaf_count=3270 2324 2016 2579 2808 2081
internal_value=-0.00383789 0.103659 -0.226922 0.004889 -0.0942707
internal_weight=15078 10175 4903 8159 4889
internal_count=15078 10175 4903 8159 4889
is_linear=0
shrinkage=0.05


Tree=39
num_leaves=5
num_cat=0
split_feature=4 15 15 0
split_gain=56018.2 107466 33911.8 33539.2
threshold=5800.5000000000009 316.82973748032322 143.37006943406206 0.068909522000000015
decision_type=8 2 2 2
left_child=2 3 -1 -2
right_child=1 -3 -4 -5
leaf_value=-0.01770063314006632 0.087531192777135503 0.37455290349380321 -0.25547614290329607 -0.13411731905691607
leaf_weight=3156 3208 2153 2857 3647
leaf_count=3156 3208 2153 2857 3647
internal_value=-0.012494 0.066395 -0.130677 -0.0303903
internal_weight=15021 9008 6013 6855
internal_count=15021 9008 6013 6855
is_linear=0
shrinkage=0.05


Tree=40
num_leaves=7
num_cat=0
split_feature=3 1 0 7 4 3
split_gain=93447.3 69026.1 173327 52973.1 48397.7 11048.4
threshold=0.39390283550000005 53.500000000000007 0.052529603000000008 1.5000000000000002 6101.0000000000009 35.500000000000007
decision_type=2 2 2 2 10 2
left_child=1 4 -3 5 -1 -2
right_child=3 2 -4 -5 -6 -7
leaf_value=0.10359712907158242 0.068290070138550374 0.30064619850429053 -0.34119135970945541 -0.29745566107769933 0.45048723336921448 -0.093183634768169404
leaf_weight=2008 2145 2157 2053 2620 2014 2093
leaf_count=2008 2145 2157 2053 2620 2014 2093
internal_value=0.0156029 0.129171 -0.0123449 -0.120718 0.277301 -0.0114561
internal_weight=15090 8232 4210 6858 4022 4238
internal_count=15090 8232 4210 6858 4022 4238
is_linear=0
shrinkage=0.05


Tree=41
num_leaves=6
num_cat=0
split_feature=5 9 0 15 3
split_gain=80500.6 77782.1 77735.1 87999.5 59564.5
threshold=12.500000000000002 1.5000000000000002 0.10364032250000001 155.82226869549024 0.38655313450000006
decision_type=2 10 2 2 2
left_child=1 2 4 -4 -1
right_child=-2 -3 3 -5 -6
leaf_value=0.21991272041026375 -0.28548267889341578 0.26847646344179121 0.010267989630281381 -0.44015647612668674 -0.11137029811075079
leaf_weight=3120 2757 2405 2249 2094 2401
leaf_count=3120 2757 2405 2249 2094 2401
internal_value=-0.0413455 0.0135152 -0.0486484 -0.206907 0.0758427
internal_weight=15026 12269 9864 4343 5521
internal_count=15026 12269 9864 4343 5521
is_linear=0
shrinkage=0.05


Tree=42
num_leaves=5
num_cat=0
split_feature=15 14 15 15
split_gain=89070.1 90273.8 31513.9 22282.2
threshold=307.46881441459146 0.031400966183574887 165.00984277114438 50.783404768141949
decision_type=2 2 2 2
left_child=1 2 3 -1
right_child=-2 -3 -4 -5
leaf_value=0.15645993670716618 -0.26956655193932205 -0.22486981173730342 0.23894284584274092 -0.03928915737735298
leaf_weight=2373 3363 2810 2803 3753
leaf_count=2373 3363 2810 2803 3753
internal_value=-0.0426998 0.0222932 0.100077 0.0365373
internal_weight=15102 11739 8929 6126
internal_count=15102 11739 8929 6126
is_linear=0
shrinkage=0.05


Tree=43
num_leaves=6
num_cat=0
split_feature=15 14 0 5 15
split_gain=113859 40820.8 35050.6 18578.2 13296
threshold=417.44147230914609 0.041844949239197383 0.017772055000000005 7.5000000000000009 140.6593083230305
decision_type=2 2 2 2 2
left_child=1 2 -1 -4 -5
right_child=-2 -3 3 4 -6
leaf_value=-0.1523688621601077 0.36066851339408917 -0.25072466940086802 0.13097050025397403 0.059557946234397544 -0.11629034925570235
leaf_weight=2987 2004 2021 3677 2320 2003
leaf_count=2987 2004 2021 3677 2320 2003
internal_value=0.00984298 -0.0442049 -0.00621666 0.0483529 -0.0219188
internal_weight=15012 13008 10987 8000 4323
internal_count=15012 13008 10987 8000 4323
is_linear=0
shrinkage=0.05


Tree=44
num_leaves=6
num_cat=0
split_feature=5 4 5 15 1
split_gain=81572.1 60317.8 117668 174392 6691.54
threshold=12.500000000000002 3997.5000000000005 5.5000000000000009 236.3331044627885 54.500000000000007
decision_type=2 8 2 2 2
left_child=1 -1 -3 4 -4
right_child=-2 2 3 -5 -6
leaf_value=-0.12984479751702438 -0.23649739805978803 -0.13178988147846879 0.1244614990400985 0.62206548963112496 -0.0026223853423570209
leaf_weight=3033 2779 2971 2126 2097 2020
leaf_count=3033 2779 2971 2126 2097 2020
internal_value=0.00806509 0.0635594 0.127223 0.250485 0.0625441
internal_weight=15026 12247 9214 6243 4146
internal_count=15026 12247 9214 6243 4146
is_linear=0
shrinkage=0.05


Tree=45
num_leaves=6
num_cat=0
split_feature=15 1 5 3 1
split_gain=150764 37341.3 41309.1 39442.7 11686.4
threshold=352.7886509892183 67.500000000000014 9.5000000000000018 0.21028210100000003 48.500000000000007
decision_type=2 2 2 2 2
left_child=1 2 3 -1 -5
right_child=-2 -3 -4 4 -6
leaf_value=-0.15311172863347278 0.39960965499513085 0.16786306676454643 -0.19007865420856207 0.19359550436679762 0.027689246288463715
leaf_weight=2143 2707 2327 3597 2107 2139
leaf_count=2143 2707 2327 3597 2107 2139
internal_value=0.0617618 -0.0125137 -0.0545462 0.0217584 0.110017
internal_weight=15020 12313 9986 6389 4246
internal_count=15020 12313 9986 6389 4246
is_linear=0
shrinkage=0.05


Tree=46
num_leaves=7
num_cat=0
split_feature=7 15 15 14 14 7
split_gain=50542.2 76275.5 58223.4 41893.2 17006.3 14933.3
threshold=1.5000000000000002 332.68669470876813 169.21485183072988 0.011885556907931303 0.0075602986304670718 1.0000000180025095e-35
decision_type=2 2 2 2 2 2
left_child=1 3 -2 4 -1 -5
right_child=2 -3 -4 5 -6 -7
leaf_value=0.01546284215507546 0.04074262449620028 0.33821254531216072 -0.32945972225040671 -0.2100754553792139 0.20774284533545356 -0.020389103476444018
leaf_weight=2592 2151 2024 2098 2129 2067 2024
leaf_count=2592 2151 2024 2098 2129 2067 2024
internal_value=0.004106 0.0614164 -0.14205 -0.00216001 0.100769 -0.11763
internal_weight=15085 10836 4249 8812 4659 4153
internal_count=15085 10836 4249 8812 4659 4153
is_linear=0
shrinkage=0.05


Tree=47
num_leaves=6
num_cat=0
split_feature=15 5 14 14 3
split_gain=83005.1 47180.7 13301.5 26447.9 15720.9
threshold=360.89752852725434 11.500000000000002 0.011631852661456764 0.0080045998427901843 0.33009668050000002
decision_type=2 2 2 2 2
left_child=1 2 3 -1 -4
right_child=-2 -3 4 -5 -6
leaf_value=-0.028150629309088401 0.26573857217695629 -0.22269213753615014 -0.15621303410389101 0.20743410703794696 0.028161709219235734
leaf_weight=2940 2648 2813 2006 2003 2729
leaf_count=2940 2648 2813 2006 2003 2729
internal_value=0.0114578 -0.0424478 0.00994189 0.0673129 -0.0499493
internal_weight=15139 12491 9678 4943 4735
internal_count=15139 12491 9678 4943 4735
is_linear=0
shrinkage=0.05


Tree=48
num_leaves=6
num_cat=0
split_feature=3 0 3 0 3
split_gain=91977.8 63885.7 56844.1 57860.3 36781.2
threshold=0.49736532100000003 0.058972209000000005 0.21586669750000001 0.10364032250000001 0.10629681150000002
decision_type=2 2 2 2 2
left_child=2 -2 4 -4 -1
right_child=1 -3 3 -5 -6
leaf_value=0.11314635347252265 -0.34473650955823804 0.0031101139741710557 0.42381083083448545 0.083476822181295221 -0.17046418713772532
leaf_weight=2586 2270 3154 2190 2906 2049
leaf_count=2586 2270 3154 2190 2906 2049
internal_value=0.0225208 -0.142467 0.114484 0.229735 -0.0122297
internal_weight=15155 5424 9731 5096 4635
internal_count=15155 5424 9731 5096 4635
is_linear=0
shrinkage=0.05


Tree=49
num_leaves=5
num_cat=0
split_feature=5 1 4 0
split_gain=61608.6 45148.5 141354 77132.3
threshold=12.500000000000002 51.500000000000007 5975.5000000000009 0.039942518000000003
decision_type=2 2 10 2
left_child=1 2 -1 -3
right_child=-2 3 -4 -5
leaf_value=-0.060124958225963913 -0.23193534040226896 0.14097206146132291 0.46032343180845658 -0.20346311770979209
leaf_weight=3517 2797 2791 2074 3892
leaf_count=3517 2797 2791 2074 3892
internal_value=-0.0201644 0.028094 0.132937 -0.0596178
internal_weight=15071 12274 5591 6683
internal_count=15071 12274 5591 6683
is_linear=0
shrinkage=0.05


Tree=50
num_leaves=5
num_cat=0
split_feature=3 3 3 3
split_gain=51398.5 76427.5 57669 58455
threshold=0.51107385400000005 90.500000000000014 0.30951149650000004 0.16180854800000002
decision_type=2 2 2 2
left_child=2 -2 3 -1
right_child=1 -3 -4 -5
leaf_value=0.10992594265712657 -0.32777764783424557 0.054140800186619181 0.22988908582090267 -0.18737834918030774
leaf_weight=3492 2687 2556 3118 3140
leaf_count=3492 2687 2556 3118 3140
internal_value=-0.015345 -0.14159 0.0525423 -0.0308363
internal_weight=14993 5243 9750 6632
internal_count=14993 5243 9750 6632
is_linear=0
shrinkage=0.05


Tree=51
num_leaves=6
num_cat=0
split_feature=9 0 1 3 3
split_gain=39295.1 40360.3 74524.8 47050.9 66996.4
threshold=1.5000000000000002 0.13442144650000001 54.500000000000007 0.20253608100000003 0.51837155500000021
decision_type=10 2 2 2 2
left_child=1 3 -3 -1 -5
right_child=-2 2 -4 4 -6
leaf_value=-0.15876049731749114 0.14006047548814488 0.019197927145125786 -0.37205147410189676 0.32626515157133729 -0.055345562700352062
leaf_weight=2577 3017 2478 2392 2002 2703
leaf_count=2577 3017 2478 2392 2002 2703
internal_value=-0.0214486 -0.0615468 -0.172972 0.0129714 0.107032
internal_weight=15169 12152 4870 7282 4705
internal_count=15169 12152 4870 7282 4705
is_linear=0
shrinkage=0.05


Tree=52
num_leaves=6
num_cat=0
split_feature=4 15 15 0 15
split_gain=47988.6 72188.6 66260.8 31329.1 34900.2
threshold=10866.500000000002 326.77547547296734 200.24264976395406 0.040725316000000004 133.07709494862223
decision_type=8 2 2 2 2
left_child=1 3 -2 -1 -5
right_child=2 -3 -4 4 -6
leaf_value=0.10276477615184505 0.0055291678998494499 0.30453348444889544 -0.37394995493240374 0.0095836747552687229 -0.24517538623017254
leaf_weight=2947 2686 2012 2012 3145 2348
leaf_count=2947 2686 2012 2012 3145 2348
internal_value=-0.0242573 0.0354036 -0.156989 -0.028754 -0.0993139
internal_weight=15150 10452 4698 8440 5493
internal_count=15150 10452 4698 8440 5493
is_linear=0
shrinkage=0.05


Tree=53
num_leaves=7
num_cat=0
split_feature=7 15 15 14 14 15
split_gain=110761 131017 68222.1 44744.1 24290 8323.73
threshold=1.5000000000000002 177.8333673365465 329.55863307744818 0.011885556907931303 0.0075602986304670718 114.21026222651066
decision_type=2 2 2 2 2 2
left_child=2 -2 3 4 -1 -5
right_child=1 -3 -4 5 -6 -7
leaf_value=0.0036519811949461273 0.024925248184543124 -0.53084455099230121 0.31953572739149078 -0.05115364536182905 0.23312269788388029 -0.19357438767612345
leaf_weight=2596 2219 2031 2059 2102 2075 2004
leaf_count=2596 2219 2031 2059 2102 2075 2004
internal_value=-0.0243371 -0.240667 0.06051 -0.000254973 0.10559 -0.120664
internal_weight=15086 4250 10836 8777 4671 4106
internal_count=15086 4250 10836 8777 4671 4106
is_linear=0
shrinkage=0.05


Tree=54
num_leaves=5
num_cat=0
split_feature=5 15 5 14
split_gain=74762.2 134745 31137.4 15719.1
threshold=4.5000000000000009 364.78600104921179 11.500000000000002 0.010695651869624911
decision_type=2 2 2 2
left_child=-1 2 3 -2
right_child=1 -3 -4 -5
leaf_value=-0.21683879089727967 0.11964332264969409 0.42299833180623897 -0.15565815000365771 -0.029271509162583732
leaf_weight=3013 3323 2125 2837 3797
leaf_count=3013 3323 2125 2837 3797
internal_value=0.00598641 0.0615544 -0.0155841 0.0402291
internal_weight=15095 12082 9957 7120
internal_count=15095 12082 9957 7120
is_linear=0
shrinkage=0.05


Tree=55
num_leaves=5
num_cat=0
split_feature=4 4 1 0
split_gain=36495.6 52086.8 81108.2 105295
threshold=4000.5000000000005 18068.000000000004 48.500000000000007 0.067454713500000013
decision_type=8 8 2 2
left_child=-1 2 -2 -4
right_child=1 -3 3 -5
leaf_value=-0.1314844979117234 0.32296612556789034 -0.11218276237990379 0.24933623343833153 -0.21240802187943944
leaf_weight=3613 3060 3438 2250 2736
leaf_count=3613 3060 3438 2250 2736
internal_value=0.00711378 0.0507184 0.120325 -0.00403968
internal_weight=15097 11484 8046 4986
internal_count=15097 11484 8046 4986
is_linear=0
shrinkage=0.05


Tree=56
num_leaves=6
num_cat=0
split_feature=1 15 15 3 4
split_gain=44544.6 82896 26225.2 8714.51 15264.1
threshold=38.500000000000007 360.89752852725434 203.31429327690594 0.26222285350000002 4166.5000000000009
decision_type=2 2 2 2 10
left_child=-1 2 3 -2 -5
right_child=1 -3 -4 4 -6
leaf_value=-0.19153768593915305 0.10110518333397803 0.31600841535929919 -0.1516117670809837 0.065664258501636333 -0.11153372107651349
leaf_weight=2426 2741 2271 2697 2848 2120
leaf_count=2426 2741 2271 2697 2848 2120
internal_value=0.00475252 0.0423166 -0.0174137 0.0295356 -0.00995163
internal_weight=15103 12677 10406 7709 4968
internal_count=15103 12677 10406 7709 4968
is_linear=0
shrinkage=0.05


Tree=57
num_leaves=6
num_cat=0
split_feature=7 15 15 14 4
split_gain=48779.5 72115.6 41003.2 21930.5 32168.6
threshold=1.5000000000000002 170.88216973423687 329.55863307744818 0.015110870123569533 4999.5000000000009
decision_type=2 2 2 2 10
left_child=2 -2 3 4 -1
right_child=1 -3 -4 -5 -6
leaf_value=0.16781310668038227 0.046475908819366092 -0.36755352240088385 0.24554445116074849 -0.09570589609771335 -0.088571694093125333
leaf_weight=3041 2151 2058 2057 3669 2047
leaf_count=3041 2151 2058 2057 3669 2047
internal_value=-0.0115491 -0.155965 0.04466 -0.0025273 0.0646646
internal_weight=15023 4209 10814 8757 5088
internal_count=15023 4209 10814 8757 5088
is_linear=0
shrinkage=0.05


Tree=58
num_leaves=5
num_cat=0
split_feature=4 1 14 0
split_gain=45706.5 44026.7 61922.4 56308.2
threshold=4000.5000000000005 54.500000000000007 0.015529734670191059 0.064569657500000002
decision_type=8 2 2 2
left_child=-1 2 -2 -3
right_child=1 3 -4 -5
leaf_value=-0.12252736398691733 -0.0018332865331212604 0.1352238301729419 0.33081672459727524 -0.17609994465968554
leaf_weight=3639 2555 2996 3092 2819
leaf_count=3639 2555 2996 3092 2819
internal_value=0.0318541 0.0808677 0.180308 -0.0156999
internal_weight=15101 11462 5647 5815
internal_count=15101 11462 5647 5815
is_linear=0
shrinkage=0.05


Tree=59
num_leaves=6
num_cat=0
split_feature=15 1 3 5 15
split_gain=112738 37266.2 43067.9 39294.8 31878.3
threshold=352.7886509892183 67.500000000000014 0.18807142000000002 10.500000000000002 150.68450426681036
decision_type=2 2 2 2 2
left_child=1 2 -1 4 -4
right_child=-2 -3 3 -5 -6
leaf_value=-0.24336671846531904 0.33820894691250708 0.16237002659555722 -0.022453265627787839 -0.16172542293981509 0.23417985978044265
leaf_weight=2411 2724 2340 3036 2526 2012
leaf_count=2411 2724 2340 3036 2526 2012
internal_value=0.0471097 -0.0172274 -0.0593164 -0.000728367 0.0798339
internal_weight=15049 12325 9985 7574 5048
internal_count=15049 12325 9985 7574 5048
is_linear=0
shrinkage=0.05


Tree=60
num_leaves=6
num_cat=0
split_feature=9 15 1 14 14
split_gain=44341.4 87133.1 28718.8 11192 26862.7
threshold=1.5000000000000002 275.29238425461165 67.500000000000014 0.0098511074846314734 0.024944268232627843
decision_type=10 2 2 2 2
left_child=1 2 3 -1 -5
right_child=-2 -3 -4 4 -6
leaf_value=-0.10307579555989506 0.17620111897235746 -0.26545083505437572 0.20645683841668128 0.15357205114644329 -0.084295174960140384
leaf_weight=2096 3053 3101 2051 2394 2354
leaf_count=2096 3053 3101 2051 2394 2354
internal_value=0.00607321 -0.0372246 0.0423403 -0.00684194 0.0356404
internal_weight=15049 11996 8895 6844 4748
internal_count=15049 11996 8895 6844 4748
is_linear=0
shrinkage=0.05


Tree=61
num_leaves=7
num_cat=0
split_feature=4 15 15 3 15 15
split_gain=70535.4 157110 98951.3 19349.7 5703.73 2431.26
threshold=5800.5000000000009 323.48879759797427 200.24264976395406 0.29166129200000007 129.82476475483753 80.615890208932868
decision_type=8 2 2 2 2 2
left_child=2 3 5 -2 -5 -1
right_child=1 -3 -4 4 -6 -7
leaf_value=0.051647262178331002 0.080815365578483275 0.46489133799182769 -0.41269412949378498 -0.037588727066338 -0.15265819847761866 -0.026102727639412751
leaf_weight=2021 2610 2123 2067 2295 2029 2001
leaf_count=2021 2610 2123 2067 2295 2029 2001
internal_value=6.54691e-05 0.0885374 -0.131531 -0.0266919 -0.0915841 0.0129656
internal_weight=15146 9057 6089 6934 4324 4022
internal_count=15146 9057 6089 6934 4324 4022
is_linear=0
shrinkage=0.05


Tree=62
num_leaves=7
num_cat=0
split_feature=7 15 3 7 5 1
split_gain=59411 81956.1 51986.1 20111.1 23672.2 11779
threshold=1.5000000000000002 329.55863307744818 0.48731901500000002 1.0000000180025095e-35 5.5000000000000009 56.500000000000007
decision_type=2 2 2 2 2 2
left_child=1 3 -2 4 -1 -5
right_child=2 -3 -4 5 -6 -7
leaf_value=0.048161853007488167 0.017454198109941681 0.36118916797268724 -0.33077624176160914 0.0092864033299319537 -0.18798400627693182 0.17123414979438742
leaf_weight=2124 2296 2026 2010 2517 2121 2027
leaf_count=2124 2296 2026 2010 2517 2121 2027
internal_value=0.0119722 0.0745091 -0.145096 0.00842499 -0.0698276 0.0815285
internal_weight=15121 10815 4306 8789 4245 4544
internal_count=15121 10815 4306 8789 4245 4544
is_linear=0
shrinkage=0.05


Tree=63
num_leaves=5
num_cat=0
split_feature=14 15 3 3
split_gain=52533.2 42107.9 28962.7 23829.5
threshold=0.041844949239197383 292.99670487339705 0.46405166550000004 0.13194836950000002
decision_type=2 2 2 2
left_child=1 2 3 -1
right_child=-2 -3 -4 -5
leaf_value=0.16274788300133394 -0.21567473214291191 -0.11857378931076389 0.20460066127170828 -0.046343218079213461
leaf_weight=2089 2324 3069 3672 3919
leaf_count=2089 2324 3069 3672 3919
internal_value=0.00295388 0.0428074 0.0939726 0.0263584
internal_weight=15073 12749 9680 6008
internal_count=15073 12749 9680 6008
is_linear=0
shrinkage=0.05


Tree=64
num_leaves=6
num_cat=0
split_feature=0 0 15 15 14
split_gain=50827.3 53805.1 67094.1 28239.2 12024.7
threshold=0.48231752950000001 0.25879555900000006 275.29238425461165 163.40978988102424 0.0080045998427901843
decision_type=2 2 2 2 2
left_child=1 2 3 4 -1
right_child=-2 -3 -4 -5 -6
leaf_value=-0.09180155757520253 -0.21926148699181347 0.26623868636607195 -0.2167443485845483 0.21652087857892388 0.060678408039645471
leaf_weight=2012 2306 2114 2868 2227 3618
leaf_count=2012 2306 2114 2868 2227 3618
internal_value=-0.00312905 0.0356903 -0.00975301 0.065804 0.00618646
internal_weight=15145 12839 10725 7857 5630
internal_count=15145 12839 10725 7857 5630
is_linear=0
shrinkage=0.05


Tree=65
num_leaves=6
num_cat=0
split_feature=3 15 5 15 3
split_gain=58553.5 68870.3 23601.1 46459.2 7427.85
threshold=90.500000000000014 282.88539540044263 11.500000000000002 165.00984277114438 0.26967818800000004
decision_type=2 2 2 2 2
left_child=1 2 3 4 -1
right_child=-2 -3 -4 -5 -6
leaf_value=0.027326902647270425 0.19688207151569503 -0.2623592899546151 -0.1403594396747147 0.25058595687755053 -0.092976111483636381
leaf_weight=2614 2587 3254 2153 2035 2520
leaf_count=2614 2587 3254 2153 2035 2520
internal_value=-0.0197522 -0.0643158 0.00481455 0.0484133 -0.0317233
internal_weight=15163 12576 9322 7169 5134
internal_count=15163 12576 9322 7169 5134
is_linear=0
shrinkage=0.05


Tree=66
num_leaves=6
num_cat=0
split_feature=5 9 5 15 4
split_gain=44331.3 50621.2 52531.3 93501.2 88969.8
threshold=12.500000000000002 1.5000000000000002 6.5000000000000009 190.49353908684978 5099.5000000000009
decision_type=2 10 2 2 8
left_child=1 2 4 -4 -1
right_child=-2 -3 3 -5 -6
leaf_value=0.14467692535837409 -0.16410905054490965 0.26059413034305207 -0.057254616500738577 0.38430293201712751 -0.28919048531938724
leaf_weight=2009 2792 2438 2982 2005 2869
leaf_count=2009 2792 2438 2982 2005 2869
internal_value=0.0157601 0.056579 0.00615941 0.120272 -0.110503
internal_weight=15095 12303 9865 4987 4878
internal_count=15095 12303 9865 4987 4878
is_linear=0
shrinkage=0.05


Tree=67
num_leaves=5
num_cat=0
split_feature=15 14 0 14
split_gain=58262.5 36808.1 22203.2 17842.6
threshold=275.29238425461165 0.031400966183574887 0.13194229900000001 0.0075602986304670718
decision_type=2 2 2 2
left_child=1 2 3 -1
right_child=-2 -3 -4 -5
leaf_value=-0.059819825286577047 -0.18407399801433447 -0.12361465554250509 0.21870203005943489 0.1133516837292564
leaf_weight=2608 3978 2653 2396 3462
leaf_count=2608 3978 2653 2396 3462
internal_value=-0.0198564 0.038895 0.0898209 0.0389478
internal_weight=15097 11119 8466 6070
internal_count=15097 11119 8466 6070
is_linear=0
shrinkage=0.05


Tree=68
num_leaves=6
num_cat=0
split_feature=4 15 15 15 15
split_gain=56759.8 138305 107988 21682.8 11728.6
threshold=5800.5000000000009 285.39033031637615 236.3331044627885 163.40978988102424 78.214833927092357
decision_type=10 2 2 2 2
left_child=1 3 -2 4 -1
right_child=2 -3 -4 -5 -6
leaf_value=0.051813228531086192 -0.032585250540688948 -0.43333939245183778 0.41020244153471791 0.17459312088266896 -0.099701119536168323
leaf_weight=2758 3692 2006 2196 2032 2379
leaf_count=2758 3692 2006 2196 2032 2379
internal_value=0.0113992 -0.0663535 0.132558 0.0363349 -0.0183547
internal_weight=15063 9175 5888 7169 5137
internal_count=15063 9175 5888 7169 5137
is_linear=0
shrinkage=0.05


Tree=69
num_leaves=5
num_cat=0
split_feature=3 15 14 3
split_gain=45663.8 55473.9 43882.2 30206.7
threshold=0.15551165700000005 290.5828412124805 0.036326522196333956 0.45094257700000001
decision_type=2 2 2 2
left_child=-1 2 3 -2
right_child=1 -3 -4 -5
leaf_value=0.17828024957501476 -0.017262405552625489 -0.2226202847048917 -0.17301218758721709 0.19272916252137662
leaf_weight=3359 3313 2853 2037 3545
leaf_count=3359 3313 2853 2037 3545
internal_value=0.015709 -0.0307735 0.0307598 0.0912853
internal_weight=15107 11748 8895 6858
internal_count=15107 11748 8895 6858
is_linear=0
shrinkage=0.05


Tree=70
num_leaves=6
num_cat=0
split_feature=5 5 0 1 14
split_gain=41764.7 44526.9 43636.9 127054 51861.9
threshold=12.500000000000002 4.5000000000000009 0.064569657500000002 53.500000000000007 0.0080045998427901843
decision_type=2 2 2 2 2
left_child=1 -1 4 -4 -3
right_child=-2 2 3 -5 -6
leaf_value=-0.16571305449485579 -0.21436797200174312 0.35105771341008857 0.17300935394893185 -0.32871582399556476 -0.00059212243716631622
leaf_weight=3016 2742 2094 2941 2210 2100
leaf_count=3016 2742 2094 2941 2210 2100
internal_value=-0.0378307 0.00132994 0.0552413 -0.0422523 0.174981
internal_weight=15103 12361 9345 5151 4194
internal_count=15103 12361 9345 5151 4194
is_linear=0
shrinkage=0.05


Tree=71
num_leaves=6
num_cat=0
split_feature=3 15 14 3 3
split_gain=51956.6 78017.8 37863.6 13619 21476.2
threshold=224.00000000000003 275.29238425461165 0.031400966183574887 0.40945176600000005 0.15177095500000001
decision_type=2 2 2 2 2
left_child=1 2 3 4 -1
right_child=-2 -3 -4 -5 -6
leaf_value=0.16910226076191959 0.21510923460327269 -0.24419231384251888 -0.13898149031421556 0.20388153638359593 -0.041717208818164216
leaf_weight=2134 2396 3386 2311 2023 2784
leaf_count=2134 2396 3386 2311 2023 2784
internal_value=0.00163338 -0.0388389 0.0363154 0.0946803 0.0497608
internal_weight=15034 12638 9252 6941 4918
internal_count=15034 12638 9252 6941 4918
is_linear=0
shrinkage=0.05


Tree=72
num_leaves=6
num_cat=0
split_feature=1 15 3 0 7
split_gain=65675.7 168980 17974.4 19529.6 21964.8
threshold=68.500000000000014 344.85164313145083 0.20253608100000003 0.33794205750000006 1.5000000000000002
decision_type=2 2 2 2 2
left_child=1 2 -1 4 -4
right_child=-2 -3 3 -5 -6
leaf_value=-0.13643034617361044 -0.2143827733695956 0.44324935494595946 -0.019069430000578785 -0.11674671202468186 0.18478430206734509
leaf_weight=2684 2573 2370 3258 2067 2223
leaf_count=2684 2573 2370 3258 2067 2223
internal_value=0.0158186 0.0628197 -0.0252978 0.0142199 0.0636102
internal_weight=15175 12602 10232 7548 5481
internal_count=15175 12602 10232 7548 5481
is_linear=0
shrinkage=0.05


Tree=73
num_leaves=6
num_cat=0
split_feature=0 4 4 15 1
split_gain=42063.2 53213.6 74517 49306.9 24268.7
threshold=0.0042116420000000007 7825.5000000000009 5702.0000000000009 234.31954661142962 60.500000000000007
decision_type=2 10 10 2 2
left_child=-1 2 3 4 -2
right_child=1 -3 -4 -5 -6
leaf_value=0.19498814643805223 -0.06627892005392659 -0.22434096850954297 0.27920211198614081 -0.25745401783709088 0.14850299844657919
leaf_weight=2007 3320 3304 2009 2287 2178
leaf_count=2007 3320 3304 2009 2287 2178
internal_value=-0.0181641 -0.0508253 0.00771015 -0.0623512 0.0188057
internal_weight=15105 13098 9794 7785 5498
internal_count=15105 13098 9794 7785 5498
is_linear=0
shrinkage=0.05


Tree=74
num_leaves=6
num_cat=0
split_feature=7 0 1 4 0
split_gain=50602.7 56719.3 76132 71478.7 38429.8
threshold=1.5000000000000002 0.33320770050000009 51.500000000000007 6853.5000000000009 0.10740148000000001
decision_type=2 2 2 8 2
left_child=1 2 -1 -4 -2
right_child=4 -3 3 -5 -6
leaf_value=-0.16793992491464871 0.035929174613117815 0.29086812089873504 -0.057834870149548114 0.31809979360264773 -0.26422186246725038
leaf_weight=3238 2075 2555 2375 2704 2194
leaf_count=3238 2075 2555 2375 2704 2194
internal_value=0.027542 0.08482 0.0215215 0.142308 -0.11833
internal_weight=15141 10872 8317 5079 4269
internal_count=15141 10872 8317 5079 4269
is_linear=0
shrinkage=0.05


Tree=75
num_leaves=7
num_cat=0
split_feature=15 15 1 1 15 14
split_gain=65471.6 36186 12998.4 20376.2 26272.6 8383.18
threshold=417.44147230914609 272.73076371791529 59.500000000000007 48.500000000000007 100.38455094389785 0.0075602986304670718
decision_type=2 2 2 2 2 2
left_child=1 2 3 4 -1 -4
right_child=-2 -3 5 -5 -6 -7
leaf_value=-0.084745500252318098 0.28491464676913197 -0.21575077077990257 0.010201581370667671 -0.13209423491797417 0.17030332273561655 0.1515475965901748
leaf_weight=2007 2015 2022 2022 2792 2032 2180
leaf_count=2007 2015 2022 2022 2792 2032 2180
internal_value=0.0196431 -0.0213008 0.0143358 -0.0282294 0.0435682 0.083532
internal_weight=15070 13055 11033 6831 4039 4202
internal_count=15070 13055 11033 6831 4039 4202
is_linear=0
shrinkage=0.05


Tree=76
num_leaves=6
num_cat=0
split_feature=5 15 4 15 1
split_gain=52569.5 105527 57544 13603.9 7807.9
threshold=5.5000000000000009 348.91690311337732 6249.5000000000009 149.52353842782932 51.500000000000007
decision_type=2 2 8 2 2
left_child=2 3 -1 4 -2
right_child=1 -3 -4 -5 -6
leaf_value=0.053182000762102714 -0.023154831061917729 0.39803148740229438 -0.3084391353126541 -0.078930604017409478 0.10125678922233475
leaf_weight=2148 2181 2027 2255 3494 2990
leaf_count=2148 2181 2027 2255 3494 2990
internal_value=0.0133811 0.0732588 -0.132023 -0.00271511 0.048783
internal_weight=15095 10692 4403 8665 5171
internal_count=15095 10692 4403 8665 5171
is_linear=0
shrinkage=0.05


Tree=77
num_leaves=6
num_cat=0
split_feature=3 0 3 3 0
split_gain=43826.3 115933 67877.6 57801.8 27515.9
threshold=0.39390283550000005 0.032521304500000008 0.21028210100000003 0.09811094300000002 0.28063097650000007
decision_type=2 2 2 2 2
left_child=2 -2 3 -1 -3
right_child=1 4 -4 -5 -6
leaf_value=0.080991180476902833 -0.44063860278538391 0.11474786705826781 0.20637700097811545 -0.27783332544516409 -0.12804227768574203
leaf_weight=2486 2010 2756 3759 2046 2024
leaf_count=2486 2010 2756 3759 2046 2024
internal_value=-0.0278448 -0.122032 0.0492906 -0.0810024 0.011943
internal_weight=15081 6790 8291 4532 4780
internal_count=15081 6790 8291 4532 4780
is_linear=0
shrinkage=0.05


Tree=78
num_leaves=6
num_cat=0
split_feature=5 15 4 1 4
split_gain=63584.7 74569.8 19644.5 13024.6 27169
threshold=12.500000000000002 348.91690311337732 14999.500000000002 45.500000000000007 4951.0000000000009
decision_type=2 2 8 2 10
left_child=1 2 3 -1 -5
right_child=-2 -3 -4 4 -6
leaf_value=0.049423402235347719 -0.20417445621027708 0.32356002745368251 0.12404958361093438 0.045979586232380708 -0.19320830268545131
leaf_weight=2744 2784 2209 2506 2134 2676
leaf_count=2744 2784 2209 2506 2134 2676
internal_value=0.0115527 0.0605041 0.00274166 -0.0375016 -0.0870904
internal_weight=15053 12269 10060 7554 4810
internal_count=15053 12269 10060 7554 4810
is_linear=0
shrinkage=0.05


Tree=79
num_leaves=6
num_cat=0
split_feature=4 5 15 15 15
split_gain=44712.8 72423.2 145914 25365.1 13848
threshold=5800.5000000000009 5.5000000000000009 238.00601590583901 143.37006943406206 109.98499608561993
decision_type=8 2 2 2 2
left_child=3 -2 4 -1 -3
right_child=1 2 -4 -5 -6
leaf_value=0.0043034335238917266 -0.15703745913285663 0.079883292555063184 0.48488757165838492 -0.20010139972634763 -0.099169053481231062
leaf_weight=3200 2332 2272 2339 2887 2058
leaf_count=3200 2332 2272 2339 2887 2058
internal_value=0.0120244 0.082807 0.166675 -0.0926436 -0.00521826
internal_weight=15088 9001 6669 6087 4330
internal_count=15088 9001 6669 6087 4330
is_linear=0
shrinkage=0.05


Tree=80
num_leaves=6
num_cat=0
split_feature=4 5 15 5 4
split_gain=48930.3 137098 204758 35163.7 11904.6
threshold=5250.5000000000009 5.5000000000000009 259.790608984122 7.5000000000000009 6250.5000000000009
decision_type=8 2 2 2 10
left_child=3 -2 4 -1 -3
right_child=1 2 -4 -5 -6
leaf_value=0.012653022287562292 -0.23574284336355525 0.10513162678021903 0.58780294255799392 -0.24374676677363605 -0.052648867604671773
leaf_weight=3004 2460 2078 2283 2410 2815
leaf_count=3004 2460 2078 2283 2410 2815
internal_value=0.0187949 0.0863723 0.196796 -0.101481 0.0143587
internal_weight=15050 9636 7176 5414 4893
internal_count=15050 9636 7176 5414 4893
is_linear=0
shrinkage=0.05


Tree=81
num_leaves=6
num_cat=0
split_feature=7 15 7 15 3
split_gain=86568.6 91770.1 72204.5 96362.4 36620.1
threshold=1.5000000000000002 169.21485183072988 1.0000000180025095e-35 217.48024307599241 0.15551165700000005
decision_type=2 2 2 2 2
left_child=2 -2 4 -4 -1
right_child=1 -3 3 -5 -6
leaf_value=0.06368204182115049 0.034814403164933672 -0.42925926176121892 0.042077783686361475 0.47504939516887534 -0.20203687922449404
leaf_weight=2743 2161 2101 3595 2000 2459
leaf_count=2743 2161 2101 3595 2000 2459
internal_value=-0.00314763 -0.193956 0.0721719 0.196849 -0.061924
internal_weight=15059 4262 10797 5595 5202
internal_count=15059 4262 10797 5595 5202
is_linear=0
shrinkage=0.05


Tree=82
num_leaves=6
num_cat=0
split_feature=0 14 1 14 4
split_gain=33482.6 32101.4 28756.3 62918.9 32446.3
threshold=0.48991772250000004 0.021861494210487501 58.500000000000007 0.010695651869624911 4393.5000000000009
decision_type=2 2 2 2 10
left_child=1 2 3 -1 -4
right_child=-2 -3 4 -5 -6
leaf_value=0.24988875440847125 -0.15925825591065704 0.17728487649770555 0.029519829321529106 -0.11490263497938852 -0.23759994174162774
leaf_weight=2633 2283 3518 2563 2145 2043
leaf_count=2633 2283 3518 2563 2145 2043
internal_value=0.017243 0.0484748 0.000184738 0.086122 -0.0889616
internal_weight=15185 12902 9384 4778 4606
internal_count=15185 12902 9384 4778 4606
is_linear=0
shrinkage=0.05


Tree=83
num_leaves=6
num_cat=0
split_feature=15 15 14 0 3
split_gain=128763 33352.8 27804.7 21826.2 16554.6
threshold=417.44147230914609 272.73076371791529 0.034660041604486054 0.020935729500000003 0.45915941750000006
decision_type=2 2 2 2 2
left_child=1 2 3 -1 -5
right_child=-2 -3 -4 4 -6
leaf_value=-0.068229868054196036 0.40122115843380179 -0.21490015141599678 -0.1418881347859941 0.037496886156969222 0.21068278014390143
leaf_weight=2747 2013 2024 2477 3679 2208
leaf_count=2747 2013 2024 2477 3679 2208
internal_value=0.0288457 -0.0282226 0.00578294 0.0481482 0.102453
internal_weight=15148 13135 11111 8634 5887
internal_count=15148 13135 11111 8634 5887
is_linear=0
shrinkage=0.05


Tree=84
num_leaves=7
num_cat=0
split_feature=1 15 9 3 14 3
split_gain=43606.2 116070 25392.6 15309.9 13640.3 3614.07
threshold=70.500000000000014 360.89752852725434 1.0000000180025095e-35 0.33009668050000002 0.009434177109035333 0.42829415300000001
decision_type=2 2 10 2 2 2
left_child=1 2 4 -4 -1 -6
right_child=-2 -3 3 -5 5 -7
leaf_value=-0.053136422665880423 -0.18832359313860347 0.37984249667808889 -0.20027296195286046 -0.013161470279698082 0.14779042269260242 0.054650112479975282
leaf_weight=2105 2139 2272 2177 2196 2165 2007
leaf_count=2105 2139 2272 2177 2196 2165 2007
internal_value=0.0207873 0.0554018 -0.0138122 -0.106311 0.0506288 0.102984
internal_weight=15061 12922 10650 4373 6277 4172
internal_count=15061 12922 10650 4373 6277 4172
is_linear=0
shrinkage=0.05


Tree=85
num_leaves=5
num_cat=0
split_feature=15 14 14 15
split_gain=72513.8 16710.4 39796.9 23745.1
threshold=292.99670487339705 0.012176588331232857 0.0075602986304670718 148.2320022013229
decision_type=2 2 2 2
left_child=1 2 -1 -3
right_child=-2 3 -4 -5
leaf_value=-0.048693605895601753 -0.23500374540149724 0.03652907320087366 0.21634054124065544 -0.17503288651934384
leaf_weight=2857 3622 3767 2809 2047
leaf_count=2857 3622 3767 2809 2047
internal_value=-0.0399476 0.0215937 0.0827008 -0.0379579
internal_weight=15102 11480 5666 5814
internal_count=15102 11480 5666 5814
is_linear=0
shrinkage=0.05


Tree=86
num_leaves=6
num_cat=0
split_feature=4 3 3 3 4
split_gain=41841.2 38433 88765.1 51882.3 51283.5
threshold=18068.000000000004 0.21028210100000003 0.34840434350000005 0.093535735000000023 5250.5000000000009
decision_type=8 2 2 2 10
left_child=1 3 -3 -1 -4
right_child=-2 2 4 -5 -6
leaf_value=0.094853933237654189 -0.1514987191751517 0.33651596473074197 -0.17196220193388173 -0.25782277162653622 0.16145266044720363
leaf_weight=2173 3438 2816 2518 2005 2128
leaf_count=2173 3438 2816 2518 2005 2128
internal_value=0.0017595 0.047026 0.115009 -0.0743937 -0.0192487
internal_weight=15078 11640 7462 4178 4646
internal_count=15078 11640 7462 4178 4646
is_linear=0
shrinkage=0.05


Tree=87
num_leaves=7
num_cat=0
split_feature=7 3 3 15 1 3
split_gain=37428.2 79029.9 37869.3 108791 41987.3 10397
threshold=1.5000000000000002 0.48731901500000002 0.21028210100000003 240.12868397706561 56.500000000000007 0.48731901500000002
decision_type=2 2 2 2 2 2
left_child=2 -2 4 5 -1 -4
right_child=1 -3 3 -5 -6 -7
leaf_value=-0.23302871126406016 0.071420133513536571 -0.3596603178854379 -0.098610799471107444 0.42345919332953585 0.084477037030522117 0.052046331824250461
leaf_weight=2082 2266 2003 2084 2027 2083 2542
leaf_count=2082 2266 2003 2084 2027 2083 2542
internal_value=-0.00547578 -0.130841 0.043996 0.118014 -0.0742377 -0.0158243
internal_weight=15087 4269 10818 6653 4165 4626
internal_count=15087 4269 10818 6653 4165 4626
is_linear=0
shrinkage=0.05


Tree=88
num_leaves=6
num_cat=0
split_feature=7 15 15 4 0
split_gain=39446.3 42351.8 37644.9 14279.8 8103.67
threshold=1.5000000000000002 155.82226869549024 236.3331044627885 3200.5000000000005 0.09458221700000001
decision_type=2 2 2 10 2
left_child=2 -2 3 -1 -5
right_child=1 -3 -4 4 -6
leaf_value=-0.075261325409551424 0.0518066127167549 -0.26441682485250961 0.20084008825146921 -0.0080633313040139945 0.13204236621952978
leaf_weight=3372 2000 2250 3440 2023 2107
leaf_count=3372 2000 2250 3440 2023 2107
internal_value=0.0136707 -0.115606 0.0638832 0.00108237 0.0634143
internal_weight=15192 4250 10942 7502 4130
internal_count=15192 4250 10942 7502 4130
is_linear=0
shrinkage=0.05


Tree=89
num_leaves=6
num_cat=0
split_feature=7 15 15 9 15
split_gain=49819.6 114739 31920.7 22483.7 10408.5
threshold=1.5000000000000002 336.93442598602138 170.88216973423687 1.0000000180025095e-35 161.99834289389551
decision_type=2 2 2 10 2
left_child=1 3 -2 4 -1
right_child=2 -3 -4 -5 -6
leaf_value=0.021973914662908923 0.022562063069038713 0.4327132098566181 -0.25160834761637457 -0.098080308417506201 0.1619013413803167
leaf_weight=3845 2176 2001 2073 2990 2031
leaf_count=3845 2176 2001 2073 2990 2031
internal_value=0.0339654 0.0907252 -0.1112 0.0135406 0.0703389
internal_weight=15116 10867 4249 8866 5876
internal_count=15116 10867 4249 8866 5876
is_linear=0
shrinkage=0.05


Tree=90
num_leaves=6
num_cat=0
split_feature=14 0 4 14 0
split_gain=41358.8 57725.1 41548.4 42156.4 13041.7
threshold=0.022050957891665859 0.48991772250000004 8999.5000000000018 0.0086638047098293435 0.038389040000000006
decision_type=2 2 8 2 2
left_child=2 -2 3 -1 -4
right_child=1 -3 4 -5 -6
leaf_value=0.1990334530056764 0.23347157714665367 -0.092974070793883298 -0.09154621467896068 -0.088876592441403557 -0.26902924310049298
leaf_weight=2144 3465 2223 2002 3124 2143
leaf_count=2144 3465 2223 2002 3124 2143
internal_value=-0.00055826 0.105889 -0.0648813 0.0282986 -0.183306
internal_weight=15101 5688 9413 5268 4145
internal_count=15101 5688 9413 5268 4145
is_linear=0
shrinkage=0.05


Tree=91
num_leaves=5
num_cat=0
split_feature=3 3 1 0
split_gain=38351.7 105441 68467.3 63776.9
threshold=90.500000000000014 0.56238157950000012 48.500000000000007 0.067454713500000013
decision_type=2 2 2 2
left_child=1 2 -1 -4
right_child=-2 -3 3 -5
leaf_value=0.21030639719554031 0.18868021922512143 -0.32736616833659155 0.10609629426895445 -0.21476687471502959
leaf_weight=3924 2593 2312 3054 3142
leaf_count=3924 2593 2312 3054 3142
internal_value=0.0137664 -0.0227162 0.0468837 -0.0566139
internal_weight=15025 12432 10120 6196
internal_count=15025 12432 10120 6196
is_linear=0
shrinkage=0.05


Tree=92
num_leaves=6
num_cat=0
split_feature=9 14 5 4 14
split_gain=56959.8 39701.5 48635.6 116177 35307.8
threshold=1.5000000000000002 0.040286726804123721 9.5000000000000018 4800.5000000000009 0.0086638047098293435
decision_type=10 2 2 10 2
left_child=1 2 3 4 -1
right_child=-2 -3 -4 -5 -6
leaf_value=0.23256595622513562 0.20003059089210892 -0.24449671820148106 0.15357947262696603 -0.35118749770431695 -0.058717694307922855
leaf_weight=2001 3026 2026 3350 2478 2167
leaf_count=2001 3026 2026 3350 2478 2167
internal_value=0.00613464 -0.04267 -0.00176352 -0.0800661 0.0811236
internal_weight=15048 12022 9996 6646 4168
internal_count=15048 12022 9996 6646 4168
is_linear=0
shrinkage=0.05


Tree=93
num_leaves=6
num_cat=0
split_feature=4 5 5 14 4
split_gain=39682.4 45796.5 33339.3 49533.3 20303
threshold=3997.5000000000005 4.5000000000000009 12.500000000000002 0.015529734670191059 6000.5000000000009
decision_type=8 2 2 2 10
left_child=-1 -2 3 4 -3
right_child=1 2 -4 -5 -6
leaf_value=-0.18032465326621006 -0.20209615703387371 0.11091621801938707 -0.10609471451413509 0.27607402658907387 -0.10261358151042728
leaf_weight=3422 2034 2312 2316 2812 2147
leaf_count=3422 2034 2312 2316 2812 2147
internal_value=-0.0306723 0.0133954 0.0591146 0.111738 0.00810203
internal_weight=15043 11621 9587 7271 4459
internal_count=15043 11621 9587 7271 4459
is_linear=0
shrinkage=0.05


Tree=94
num_leaves=6
num_cat=0
split_feature=15 14 15 14 15
split_gain=100114 30557.1 20993.7 16898.3 3704.48
threshold=280.74400872638574 0.031400966183574887 173.65269391691155 0.0083105465940936964 76.026494609283077
decision_type=2 2 2 2 2
left_child=1 2 3 -1 -5
right_child=-2 -3 -4 4 -6
leaf_value=-0.074209902803577726 -0.25463676276827146 -0.10575919944416175 0.21779965164246687 0.14532276340755823 0.051103589561022102
leaf_weight=2156 3891 2745 2232 2085 2088
leaf_count=2156 3891 2745 2232 2085 2088
internal_value=-0.0358799 0.0394061 0.0859519 0.0394542 0.0981793
internal_weight=15197 11306 8561 6329 4173
internal_count=15197 11306 8561 6329 4173
is_linear=0
shrinkage=0.05


Tree=95
num_leaves=6
num_cat=0
split_feature=3 15 4 15 4
split_gain=63335.7 71400.4 32923.1 54863 6101.6
threshold=0.21331531050000005 179.13168672411862 5497.5000000000009 232.63674095989052 1503.5000000000002
decision_type=2 2 10 2 10
left_child=1 -1 3 4 -2
right_child=2 -3 -4 -5 -6
leaf_value=-0.024759705617421829 0.10363533751758403 -0.4231050516236865 0.13810381281817963 -0.26310096810291311 -0.011548170599917753
leaf_weight=2571 2482 2000 3943 2001 2142
leaf_count=2571 2482 2000 3943 2001 2142
internal_value=-0.0435499 -0.199052 0.0237098 -0.0443741 0.0502783
internal_weight=15139 4571 10568 6625 4624
internal_count=15139 4571 10568 6625 4624
is_linear=0
shrinkage=0.05


Tree=96
num_leaves=6
num_cat=0
split_feature=3 15 3 0 0
split_gain=39148.9 61188.8 19309.4 36529.4 9425.17
threshold=0.15177095500000001 282.88539540044263 0.47713152500000006 0.10987613850000001 0.078557362500000019
decision_type=2 2 2 2 2
left_child=-1 2 3 -2 -4
right_child=1 -3 4 -5 -6
leaf_value=0.12707565940123314 0.07840132673565986 -0.26171475695098512 -0.0044794524159242621 -0.2084358529318398 0.14353605061797683
leaf_weight=3318 2094 3014 2011 2362 2312
leaf_count=3318 2094 3014 2011 2362 2312
internal_value=-0.0246494 -0.0673378 -0.00060439 -0.073643 0.0746813
internal_weight=15111 11793 8779 4456 4323
internal_count=15111 11793 8779 4456 4323
is_linear=0
shrinkage=0.05


Tree=97
num_leaves=6
num_cat=0
split_feature=5 15 3 15 5
split_gain=55863.4 36416.9 65537 17885.2 13325.3
threshold=12.500000000000002 187.1353612176035 0.36686517400000002 27.515867979324735 6.5000000000000009
decision_type=2 2 2 2 2
left_child=1 3 -3 -1 -5
right_child=-2 2 -4 4 -6
leaf_value=0.10447935693504405 -0.19882831574125143 0.31476828998867368 -0.046845962468483909 0.012683142303199857 -0.14776301808312217
leaf_weight=2000 2770 2792 2273 2466 2723
leaf_count=2000 2770 2792 2273 2466 2723
internal_value=0.00395863 0.0497983 0.152488 -0.0225516 -0.0715132
internal_weight=15024 12254 5065 7189 5189
internal_count=15024 12254 5065 7189 5189
is_linear=0
shrinkage=0.05


Tree=98
num_leaves=6
num_cat=0
split_feature=15 7 5 15 3
split_gain=102714 36024.1 30484.6 17241.8 14871.6
threshold=406.32708190406623 1.0000000180025095e-35 7.5000000000000009 112.22968492686415 0.39390283550000005
decision_type=2 2 2 2 2
left_child=1 3 -3 -1 -4
right_child=-2 2 4 -5 -6
leaf_value=0.0022017391384131163 -0.36586350224473896 0.2022365352805412 0.099362163557553285 -0.19242849005172644 -0.069222980119629407
leaf_weight=2172 2074 3009 2294 2390 3044
leaf_count=2172 2074 3009 2294 2390 3044
internal_value=-0.0392559 0.0132179 0.0749673 -0.0997637 0.00322631
internal_weight=14983 12909 8347 4562 5338
internal_count=14983 12909 8347 4562 5338
is_linear=0
shrinkage=0.05


Tree=99
num_leaves=6
num_cat=0
split_feature=1 3 3 1 0
split_gain=40876.8 40264.8 41698.3 80926.6 61049.5
threshold=38.500000000000007 90.500000000000014 0.39390283550000005 51.500000000000007 0.064569657500000002
decision_type=2 2 2 2 2
left_child=-1 2 3 -2 -5
right_child=1 -3 -4 4 -6
leaf_value=-0.17418673457149608 0.33029495155910166 0.23833820027378044 -0.12914540939279634 0.12986622266305617 -0.23938865542388421
leaf_weight=2425 2197 2316 3618 2436 2071
leaf_count=2425 2197 2316 3618 2436 2071
internal_value=0.0138471 0.0499273 0.0076526 0.0814794 -0.0398091
internal_weight=15063 12638 10322 6704 4507
internal_count=15063 12638 10322 6704 4507
is_linear=0
shrinkage=0.05


Tree=100
num_leaves=6
num_cat=0
split_feature=0 15 3 15 0
split_gain=38613.3 68780 46452 60789.1 24857.5
threshold=0.032521304500000008 316.82973748032322 0.45915941750000006 136.74884160303699 0.0092919085000000012
decision_type=2 2 2 2 2
left_child=4 2 3 -2 -1
right_child=1 -3 -4 -5 -6
leaf_value=-0.015864881476307581 0.039218204227874115 0.29757867859236009 0.12902796858557095 -0.32233577059757534 -0.24251873194648566
leaf_weight=2674 2710 2237 3270 2036 2209
leaf_count=2674 2710 2237 3270 2036 2209
internal_value=-0.00267811 0.0524345 -0.0159772 -0.115886 -0.1184
internal_weight=15136 10253 8016 4746 4883
internal_count=15136 10253 8016 4746 4883
is_linear=0
shrinkage=0.05


Tree=101
num_leaves=6
num_cat=0
split_feature=15 9 15 5 4
split_gain=40353 28850.5 12885.3 9886.51 11506.7
threshold=352.7886509892183 1.0000000180025095e-35 140.6593083230305 7.5000000000000009 6250.5000000000009
decision_type=2 10 2 2 8
left_child=1 3 -3 4 -1
right_child=-2 2 -4 -5 -6
leaf_value=0.025021478454382729 0.20870223564150378 -0.030051926557723402 -0.19843286237396077 -0.0040747464746758106 0.19391618580341416
leaf_weight=2029 2713 2622 2005 3716 2005
leaf_count=2029 2713 2622 2005 3716 2005
internal_value=0.0340612 -0.00421954 -0.103016 0.054765 0.108966
internal_weight=15090 12377 4627 7750 4034
internal_count=15090 12377 4627 7750 4034
is_linear=0
shrinkage=0.05


Tree=102
num_leaves=6
num_cat=0
split_feature=1 15 15 14 14
split_gain=51909.8 152613 41654.7 8592.65 15546.9
threshold=68.500000000000014 344.85164313145083 200.24264976395406 0.031400966183574887 0.0098979294367737818
decision_type=2 2 2 2 2
left_child=1 2 3 4 -1
right_child=-2 -3 -4 -5 -6
leaf_value=-0.043068623105793187 -0.19725673449077941 0.41629833406728611 -0.20790878057287895 -0.060712193239498037 0.12765566674518544
leaf_weight=2248 2546 2321 2551 2095 3278
leaf_count=2248 2546 2321 2551 2095 3278
internal_value=0.00851669 0.0504521 -0.033025 0.0255144 0.0582043
internal_weight=15039 12493 10172 7621 5526
internal_count=15039 12493 10172 7621 5526
is_linear=0
shrinkage=0.05


Tree=103
num_leaves=6
num_cat=0
split_feature=15 1 3 15 4
split_gain=37434.9 33146.7 41045.4 28323.5 5395.27
threshold=406.32708190406623 67.500000000000014 0.47713152500000006 166.70579075901585 6000.5000000000009
decision_type=2 2 2 2 10
left_child=1 2 3 4 -1
right_child=-2 -3 -4 -5 -6
leaf_value=-0.06834017092587101 -0.20630517117907343 0.18770794483546283 0.11114398006870221 -0.22284422843999391 0.047153138208090369
leaf_weight=2036 2122 2406 3880 2586 2009
leaf_count=2036 2122 2406 3880 2586 2009
internal_value=-0.0116764 0.0202972 -0.0180236 -0.0936035 -0.010979
internal_weight=15039 12917 10511 6631 4045
internal_count=15039 12917 10511 6631 4045
is_linear=0
shrinkage=0.05


Tree=104
num_leaves=6
num_cat=0
split_feature=4 15 5 15 15
split_gain=42459.3 45261.9 21302.7 48347.3 33491.5
threshold=8800.5000000000018 352.7886509892183 7.5000000000000009 152.05899079302017 146.81976723985898
decision_type=10 2 2 2 2
left_child=1 2 3 -1 -4
right_child=-2 -3 4 -5 -6
leaf_value=-0.024519874949561014 -0.14912676910619488 0.28086396781365991 0.05630698134574285 0.28639287390271745 -0.20834855907089
leaf_weight=3287 2787 2060 2967 2018 2002
leaf_count=3287 2787 2060 2967 2018 2002
internal_value=0.0271316 0.066959 0.0240698 0.09375 -0.0503222
internal_weight=15121 12334 10274 5305 4969
internal_count=15121 12334 10274 5305 4969
is_linear=0
shrinkage=0.05


Tree=105
num_leaves=6
num_cat=0
split_feature=3 15 15 3 14
split_gain=53551 101573 85745.8 23992.4 4730.28
threshold=0.39390283550000005 259.790608984122 232.63674095989052 0.13194836950000002 0.014751980416822496
decision_type=2 2 2 2 2
left_child=1 3 4 -1 -2
right_child=2 -3 -4 -5 -6
leaf_value=0.11330205652653971 -0.032149827167032602 0.36299262921873371 -0.35729844895327784 -0.097871652054365099 0.068697875266519798
leaf_weight=2133 2064 2475 2132 3641 2663
leaf_count=2133 2064 2475 2132 3641 2663
internal_value=0.00917092 0.095009 -0.0940626 -0.019861 0.0246637
internal_weight=15108 8249 6859 5774 4727
internal_count=15108 8249 6859 5774 4727
is_linear=0
shrinkage=0.05


Tree=106
num_leaves=6
num_cat=0
split_feature=3 3 15 14 9
split_gain=40424 38796.3 61568.3 28426.4 19840.3
threshold=5.0916143715000013 0.21028210100000003 221.14036870653027 0.0097548961989040589 1.0000000180025095e-35
decision_type=2 2 2 2 8
left_child=1 3 4 -1 -3
right_child=-2 2 -4 -5 -6
leaf_value=-0.19827994111482361 -0.15552249791107164 0.10647645157488439 0.30771080014897678 0.053658430213693542 -0.097410214995784131
leaf_weight=2199 3131 2483 2685 2281 2297
leaf_count=2199 3131 2483 2685 2281 2297
internal_value=0.0043957 0.0463131 0.11612 -0.0700051 0.00849995
internal_weight=15076 11945 7465 4480 4780
internal_count=15076 11945 7465 4480 4780
is_linear=0
shrinkage=0.05


Tree=107
num_leaves=7
num_cat=0
split_feature=3 15 15 0 15 4
split_gain=47344.4 101852 85254.6 17464.2 16959.1 14384.5
threshold=0.39390283550000005 246.75977024320181 296.22966935742687 0.033333007000000005 114.21026222651066 7302.0000000000009
decision_type=2 2 2 2 2 8
left_child=2 5 3 -1 -5 -2
right_child=1 -3 -4 4 -6 -7
leaf_value=0.12983583518754641 0.14633830701370773 -0.36950862192893147 0.38978134957366339 0.055536416227639676 -0.14890478614966324 -0.026159736169402838
leaf_weight=2180 2239 2015 2015 2050 2008 2626
leaf_count=2180 2239 2015 2015 2050 2008 2626
internal_value=0.0262801 -0.070582 0.107028 0.0156927 -0.0456262 0.0532284
internal_weight=15133 6880 8253 6238 4058 4865
internal_count=15133 6880 8253 6238 4058 4865
is_linear=0
shrinkage=0.05


Tree=108
num_leaves=6
num_cat=0
split_feature=5 4 3 4 4
split_gain=70316.2 99290.5 78171.5 60744.7 35755.9
threshold=5.5000000000000009 5459.0000000000009 0.30951149650000004 14006.500000000002 7000.5000000000009
decision_type=2 8 2 8 8
left_child=4 -2 -3 -4 -1
right_child=1 2 3 -5 -6
leaf_value=-0.04424306542949942 -0.15004501127613334 -0.035093108911702302 0.48724351095696616 0.10783202587383241 -0.33265426570777618
leaf_weight=2286 3712 2804 2201 2026 2028
leaf_count=2286 3712 2804 2201 2026 2028
internal_value=-0.00931394 0.0591569 0.169605 0.305392 -0.179824
internal_weight=15057 10743 7031 4227 4314
internal_count=15057 10743 7031 4227 4314
is_linear=0
shrinkage=0.05


Tree=109
num_leaves=7
num_cat=0
split_feature=1 15 14 14 5 15
split_gain=33490.5 99278.7 18465.1 33223.2 21726 8015.55
threshold=68.500000000000014 372.76238625055635 0.0083105465940936964 0.011232086651081066 10.500000000000002 113.11385608012237
decision_type=2 2 2 2 2 2
left_child=1 2 -1 -4 5 -5
right_child=-2 -3 3 4 -6 -7
leaf_value=-0.1506254495385618 -0.15265731230741705 0.36531231629360911 0.19279222393318585 -0.045135028922875416 -0.16862041174918174 0.093120164355964971
leaf_weight=2049 2547 2040 2032 2017 2153 2183
leaf_count=2049 2547 2040 2032 2017 2153 2183
internal_value=0.0125654 0.0463014 -0.0160699 0.0168107 -0.0394767 0.0267248
internal_weight=15021 12474 10434 8385 6353 4200
internal_count=15021 12474 10434 8385 6353 4200
is_linear=0
shrinkage=0.05


Tree=110
num_leaves=6
num_cat=0
split_feature=15 1 0 15 0
split_gain=61486.2 26179.7 27019.2 19692.6 16556.3
threshold=282.88539540044263 67.500000000000014 0.34372811950000004 163.40978988102424 0.076619221000000015
decision_type=2 2 2 2 2
left_child=1 2 3 4 -1
right_child=-2 -3 -4 -5 -6
leaf_value=-0.074105702100987922 -0.18444017122985867 0.2051337581050473 -0.13988897209878631 0.19060241308448136 0.11355872916091705
leaf_weight=2797 3850 2125 2255 2023 2027
leaf_count=2797 3850 2125 2255 2023 2027
internal_value=-0.0120141 0.0471148 0.0102229 0.059661 0.00474915
internal_weight=15077 11227 9102 6847 4824
internal_count=15077 11227 9102 6847 4824
is_linear=0
shrinkage=0.05


Tree=111
num_leaves=6
num_cat=0
split_feature=15 1 14 14 15
split_gain=61569.6 26230.4 26277 21258 9482.94
threshold=280.74400872638574 59.500000000000007 0.012176588331232857 0.0075602986304670718 116.72236812471165
decision_type=2 2 2 2 2
left_child=1 2 -1 -3 -4
right_child=-2 3 4 -5 -6
leaf_value=0.11352826853915077 -0.18355726258886543 0.031937703238360864 -0.019226617113794937 0.25437982576244378 -0.1666572767758191
leaf_weight=2604 3876 2120 2375 2177 2017
leaf_count=2604 3876 2120 2375 2177 2017
internal_value=-0.0116131 0.0474019 -0.0123189 0.144634 -0.0869333
internal_weight=15169 11293 6996 4297 4392
internal_count=15169 11293 6996 4297 4392
is_linear=0
shrinkage=0.05


Tree=112
num_leaves=6
num_cat=0
split_feature=15 3 15 0 1
split_gain=68052.2 31822 31110.7 11111.2 9052.77
threshold=406.32708190406623 0.18505833500000005 238.00601590583901 0.034227564000000009 51.500000000000007
decision_type=2 2 2 2 2
left_child=1 -1 3 -3 -5
right_child=-2 2 -4 4 -6
leaf_value=-0.11215731838681119 -0.28644898140938668 -0.074612633564531336 0.24076537858422753 -0.011125910091385798 0.1192075437473519
leaf_weight=3391 2114 2214 2013 2492 2863
leaf_count=3391 2114 2214 2013 2492 2863
internal_value=-0.0233873 0.0194796 0.0660649 0.0196027 0.0585556
internal_weight=15087 12973 9582 7569 5355
internal_count=15087 12973 9582 7569 5355
is_linear=0
shrinkage=0.05


Tree=113
num_leaves=5
num_cat=0
split_feature=4 4 1 1
split_gain=37133 34988.4 68612.9 25301.3
threshold=18068.000000000004 5800.5000000000009 48.500000000000007 57.500000000000007
decision_type=8 10 2 2
left_child=1 3 -3 -1
right_child=-2 2 -4 -5
leaf_value=-0.09976241356280853 -0.11989599714838012 0.38682921555223138 0.02302232378198504 0.10783750447894769
leaf_weight=3634 3451 2056 3506 2462
leaf_count=3634 3451 2056 3506 2462
internal_value=0.0241734 0.0668208 0.157504 -0.0159187
internal_weight=15109 11658 5562 6096
internal_count=15109 11658 5562 6096
is_linear=0
shrinkage=0.05


Tree=114
num_leaves=6
num_cat=0
split_feature=3 15 15 1 15
split_gain=25086.4 93544.9 42354.8 20224.1 5290.39
threshold=0.39390283550000005 228.67146618528182 238.00601590583901 59.500000000000007 94.267278897821015
decision_type=2 2 2 2 2
left_child=2 4 3 -1 -2
right_child=1 -3 -4 -5 -6
leaf_value=-0.10413920223833356 -0.0045364729049184429 -0.35209357118453788 0.21251389179150501 0.094983767277615858 0.10269453126057221
leaf_weight=3418 2387 2153 2693 2034 2220
leaf_count=3418 2387 2153 2693 2034 2220
internal_value=-0.00881282 -0.0800154 0.0502823 -0.0298516 0.0471355
internal_weight=14905 6760 8145 5452 4607
internal_count=14905 6760 8145 5452 4607
is_linear=0
shrinkage=0.05


Tree=115
num_leaves=5
num_cat=0
split_feature=15 5 15 15
split_gain=57738.3 25510.2 33401 22307.7
threshold=401.55521357182579 7.5000000000000009 153.40460572220309 149.52353842782932
decision_type=2 2 2 2
left_child=1 2 -1 -3
right_child=-2 3 -4 -5
leaf_value=-0.0026199958524001131 -0.2582309748532467 0.033204542134516568 0.23418787647714284 -0.14971714355140486
leaf_weight=3617 2159 3864 2531 2931
leaf_count=3617 2159 3864 2531 2931
internal_value=-0.0188575 0.021072 0.0948687 -0.0456981
internal_weight=15102 12943 6148 6795
internal_count=15102 12943 6148 6795
is_linear=0
shrinkage=0.05


Tree=116
num_leaves=6
num_cat=0
split_feature=14 0 0 0 0
split_gain=33781.4 71255.8 51415.8 81308.3 25910.3
threshold=0.0097548961989040589 0.043386952500000013 0.054675826000000004 0.19470509850000003 0.41780069400000003
decision_type=2 2 2 2 2
left_child=1 -1 -2 -4 -5
right_child=2 -3 3 4 -6
leaf_value=0.054098424446842819 -0.13093307270951893 -0.32035861037349633 0.39524597382874571 -0.091775450787045063 0.13265455780977278
leaf_weight=3447 2369 2012 2153 2377 2802
leaf_count=3447 2369 2012 2153 2377 2802
internal_value=0.0155836 -0.0839136 0.0715732 0.137004 0.0296482
internal_weight=15160 5459 9701 7332 5179
internal_count=15160 5459 9701 7332 5179
is_linear=0
shrinkage=0.05


Tree=117
num_leaves=6
num_cat=0
split_feature=3 0 4 3 14
split_gain=43815.9 88036.9 65927 40018.4 31621.7
threshold=0.38655313450000006 0.058972209000000005 3066.5000000000005 0.21028210100000003 0.0098979294367737818
decision_type=2 2 10 2 2
left_child=3 -2 -3 4 -1
right_child=1 2 -4 -5 -6
leaf_value=-0.15423983103046868 -0.3174961559047258 0.2376494812985615 -0.15601132169703569 0.19801966140491165 0.11020912179097447
leaf_weight=2313 2740 2183 2074 3622 2211
leaf_count=2313 2740 2183 2074 3622 2211
internal_value=-0.00466059 -0.0964296 0.0458589 0.0741644 -0.0249965
internal_weight=15143 6997 4257 8146 4524
internal_count=15143 6997 4257 8146 4524
is_linear=0
shrinkage=0.05


Tree=118
num_leaves=6
num_cat=0
split_feature=0 15 0 5 1
split_gain=66262.3 77186.7 23345 14358.2 6387.89
threshold=0.0046896650000000008 275.29238425461165 0.36904633450000007 6.5000000000000009 56.500000000000007
decision_type=2 2 2 2 2
left_child=-1 2 3 -2 -5
right_child=1 -3 -4 4 -6
leaf_value=0.25890994760204844 0.16434748370757266 -0.25215487320078245 -0.11279241758876456 -0.039131915347555161 0.077177349187989241
leaf_weight=2026 2540 3428 2351 2448 2280
leaf_count=2026 2540 3428 2351 2448 2280
internal_value=-0.00712521 -0.0484364 0.0241644 0.0684662 0.0169563
internal_weight=15073 13047 9619 7268 4728
internal_count=15073 13047 9619 7268 4728
is_linear=0
shrinkage=0.05


Tree=119
num_leaves=5
num_cat=0
split_feature=5 15 7 7
split_gain=28555.6 63008.5 50189.1 8288.48
threshold=7.5000000000000009 275.29238425461165 1.0000000180025095e-35 1.5000000000000002
decision_type=2 2 2 2
left_child=2 3 -1 -2
right_child=1 -3 -4 -5
leaf_value=-0.066683804980735964 -0.035495467402242041 -0.30450870516518358 0.19713276765001966 0.087571334611818458
leaf_weight=3645 3498 2153 3567 2247
leaf_count=3645 3498 2153 3567 2247
internal_value=-0.00813286 -0.0738159 0.0637979 0.0126388
internal_weight=15110 7898 7212 5745
internal_count=15110 7898 7212 5745
is_linear=0
shrinkage=0.05


Tree=120
num_leaves=6
num_cat=0
split_feature=4 15 15 7 4
split_gain=39101.7 105421 69637.8 18218.9 23555.5
threshold=10866.500000000002 323.48879759797427 196.85581900776242 1.0000000180025095e-35 4845.5000000000009
decision_type=8 2 2 2 10
left_child=1 3 -2 -1 -5
right_child=2 -3 -4 4 -6
leaf_value=-0.12428313248625272 0.043596337510711874 0.37261146047675875 -0.3467040865386965 0.1624330508612222 -0.054889667213677801
leaf_weight=3117 2656 2036 2006 2018 3263
leaf_count=3117 2656 2036 2006 2018 3263
internal_value=-0.00395901 0.0498305 -0.124345 -0.0284241 0.0281547
internal_weight=15096 10434 4662 8398 5281
internal_count=15096 10434 4662 8398 5281
is_linear=0
shrinkage=0.05


Tree=121
num_leaves=6
num_cat=0
split_feature=15 1 14 15 0
split_gain=68239.8 18533.1 15044.8 8025.96 5641.71
threshold=282.88539540044263 59.500000000000007 0.024683041463863385 100.38455094389785 0.045984376500000007
decision_type=2 2 2 2 2
left_child=1 2 4 -3 -1
right_child=-2 3 -4 -5 -6
leaf_value=0.0053221492232420047 -0.19173573971067259 0.060227392818296158 -0.085063475649436837 0.19692900912302166 0.12303299036065192
leaf_weight=2053 3854 2007 2918 2309 2019
leaf_count=2053 3854 2007 2918 2309 2019
internal_value=-0.0100428 0.0518928 0.00159009 0.133361 0.0636861
internal_weight=15160 11306 6990 4316 4072
internal_count=15160 11306 6990 4316 4072
is_linear=0
shrinkage=0.05


Tree=122
num_leaves=5
num_cat=0
split_feature=4 4 14 3
split_gain=58939.7 38094.6 49551.7 52631.3
threshold=17015.500000000004 4000.5000000000005 0.021861494210487501 0.26016005050000007
decision_type=8 10 2 2
left_child=1 -1 3 -3
right_child=-2 2 -4 -5
leaf_value=-0.068029593675993844 -0.16760636719691033 0.17430828901321299 0.28747266001021538 -0.15525185197872693
leaf_weight=3616 3505 2767 3013 2155
leaf_count=3616 3505 2767 3013 2155
internal_value=0.0119848 0.0664794 0.127775 0.0300169
internal_weight=15056 11551 7935 4922
internal_count=15056 11551 7935 4922
is_linear=0
shrinkage=0.05


Tree=123
num_leaves=6
num_cat=0
split_feature=5 3 15 1 3
split_gain=56414.9 54619.4 116989 24523 11204.1
threshold=12.500000000000002 0.39390283550000005 224.64942071642892 49.500000000000007 0.15177095500000001
decision_type=2 2 2 2 2
left_child=1 2 4 -3 -1
right_child=-2 3 -4 -5 -6
leaf_value=0.071592608559922513 -0.20831097875190388 -0.21271888917544299 0.41514179610907909 0.0070012958167442437 -0.086556399743273796
leaf_weight=2032 2757 2073 2419 3278 2495
leaf_count=2032 2757 2073 2419 3278 2495
internal_value=-0.00389155 0.0419395 0.134429 -0.0781192 -0.0155693
internal_weight=15054 12297 6946 5351 4527
internal_count=15054 12297 6946 5351 4527
is_linear=0
shrinkage=0.05


Tree=124
num_leaves=6
num_cat=0
split_feature=4 3 15 7 0
split_gain=57071.4 64681.6 108796 48201.6 2035.42
threshold=4161.5000000000009 0.39390283550000005 244.46003436887807 1.5000000000000002 0.084788569000000022
decision_type=8 2 2 2 2
left_child=-1 2 4 -3 -2
right_child=1 3 -4 -5 -6
leaf_value=-0.1752257340676133 -0.027544090818865625 0.046026246568815092 0.45360555970944427 -0.26320593810275883 0.043613099368665642
leaf_weight=3785 2019 3088 2076 2129 2001
leaf_count=3785 2019 3088 2076 2129 2001
internal_value=-0.00716137 0.0490681 0.159669 -0.080168 0.0078752
internal_weight=15098 11313 6096 5217 4020
internal_count=15098 11313 6096 5217 4020
is_linear=0
shrinkage=0.05


Tree=125
num_leaves=6
num_cat=0
split_feature=4 5 14 4 15
split_gain=23525.5 26055.8 64905.8 59652.9 52665.7
threshold=1252.5000000000002 12.500000000000002 0.033964007344617006 4681.0000000000009 190.49353908684978
decision_type=10 2 2 10 2
left_child=-1 2 3 -2 -5
right_child=1 -3 -4 4 -6
leaf_value=0.11908991985169942 0.13686301336898915 -0.17515865614490894 0.25877224488910566 -0.014132425849611958 -0.36027547379946334
leaf_weight=3740 2460 2315 2067 2439 2000
leaf_count=3740 2460 2315 2067 2439 2000
internal_value=0.0104154 -0.0256136 0.0129986 -0.0606373 -0.170088
internal_weight=15021 11281 8966 6899 4439
internal_count=15021 11281 8966 6899 4439
is_linear=0
shrinkage=0.05


Tree=126
num_leaves=6
num_cat=0
split_feature=15 1 1 15 0
split_gain=54394 21031.3 23325.7 21880.7 3579.61
threshold=275.29238425461165 59.500000000000007 48.500000000000007 99.512608865598196 0.060034670000000005
decision_type=2 2 2 2 2
left_child=1 2 3 -1 -3
right_child=-2 4 -4 -5 -6
leaf_value=-0.066130669115058494 -0.18725058065540154 0.15896210781065748 -0.13737818798953202 0.16656547167872979 0.067043079960820151
leaf_weight=2013 3980 2244 2787 2028 2006
leaf_count=2013 3980 2244 2787 2028 2006
internal_value=-0.0287061 0.0282542 -0.0260983 0.0506493 0.115576
internal_weight=15058 11078 6828 4041 4250
internal_count=15058 11078 6828 4041 4250
is_linear=0
shrinkage=0.05


Tree=127
num_leaves=6
num_cat=0
split_feature=14 15 9 15 4
split_gain=41990.3 197392 50949 42595.5 10806.6
threshold=0.022346734223007137 304.55962659729863 1.0000000180025095e-35 175.12297003594787 4602.0000000000009
decision_type=2 2 10 2 10
left_child=1 3 -2 4 -1
right_child=2 -3 -4 -5 -6
leaf_value=0.050156019358789106 -0.023263988788944621 -0.48505255832765881 0.28063312780761879 0.2502580327977334 -0.094784448409800312
leaf_weight=2826 3131 2136 2465 2119 2360
leaf_count=2826 3131 2136 2465 2119 2360
internal_value=0.00207456 -0.0622525 0.110601 0.0613753 -0.0158022
internal_weight=15037 9441 5596 7305 5186
internal_count=15037 9441 5596 7305 5186
is_linear=0
shrinkage=0.05


Tree=128
num_leaves=6
num_cat=0
split_feature=5 4 4 14 14
split_gain=36332 91241.8 85354.7 42643.4 44706.8
threshold=5.5000000000000009 12841.500000000002 6200.5000000000009 0.022050957891665859 0.0091480837449767032
decision_type=2 8 8 2 2
left_child=2 3 -1 4 -2
right_child=1 -3 -4 -5 -6
leaf_value=0.10863475356696302 0.041675074566927289 0.30867827108114826 -0.33477976707271334 0.10283868385951536 -0.27207217850220755
leaf_weight=2127 2076 2644 2216 3449 2506
leaf_count=2127 2076 2644 2216 3449 2506
internal_value=0.00431047 0.0539148 -0.117616 -0.0299595 -0.12992
internal_weight=15018 10675 4343 8031 4582
internal_count=15018 10675 4343 8031 4582
is_linear=0
shrinkage=0.05


Tree=129
num_leaves=6
num_cat=0
split_feature=3 4 15 4 15
split_gain=58446.5 83069.8 77842.6 42976.7 21479.5
threshold=0.26016005050000007 7499.5000000000009 296.22966935742687 6000.5000000000009 136.74884160303699
decision_type=2 8 2 10 2
left_child=1 -1 3 4 -2
right_child=2 -3 -4 -5 -6
leaf_value=-0.030254407719648164 -0.0013797652708956198 0.36487524069340127 -0.33400119927664829 -0.1930707701224218 0.20724194060997175
leaf_weight=3323 3195 2218 2241 2009 2010
leaf_count=3323 3195 2218 2241 2009 2010
internal_value=-0.00103161 0.127912 -0.0765973 0.00336412 0.0791831
internal_weight=14996 5541 9455 7214 5205
internal_count=14996 5541 9455 7214 5205
is_linear=0
shrinkage=0.05


Tree=130
num_leaves=6
num_cat=0
split_feature=15 5 15 15 4
split_gain=143759 18026.9 49433.9 17423.8 6012.57
threshold=386.46987576087622 7.5000000000000009 173.65269391691155 149.52353842782932 3382.5000000000005
decision_type=2 2 2 2 10
left_child=1 2 4 -3 -1
right_child=-2 3 -4 -5 -6
leaf_value=-0.064685720063616545 -0.39457734199481487 0.048778146823542826 0.2964294370836868 -0.11615930210146148 0.057384431176118911
leaf_weight=2022 2283 3778 2077 2779 2013
leaf_count=2022 2283 3778 2077 2779 2013
internal_value=-0.0293565 0.0364576 0.0982337 -0.021126 -0.00378678
internal_weight=14952 12669 6112 6557 4035
internal_count=14952 12669 6112 6557 4035
is_linear=0
shrinkage=0.05


Tree=131
num_leaves=6
num_cat=0
split_feature=0 0 3 1 0
split_gain=35154 40391.3 36794.2 54946.8 29272.6
threshold=0.029890932500000005 0.48991772250000004 0.30700602800000004 56.500000000000007 0.0092919085000000012
decision_type=2 2 2 2 2
left_child=4 2 -2 -4 -1
right_child=1 -3 3 -5 -6
leaf_value=-0.016327350290980785 -0.03597297302345092 -0.14833907354987072 0.034683138644422608 0.37546993280279606 -0.26921420774589866
leaf_weight=2638 3391 2258 2798 2049 2021
leaf_count=2638 3391 2258 2798 2049 2021
internal_value=-0.0117259 0.0390098 0.0903614 0.178746 -0.126026
internal_weight=15155 10496 8238 4847 4659
internal_count=15155 10496 8238 4847 4659
is_linear=0
shrinkage=0.05


Tree=132
num_leaves=6
num_cat=0
split_feature=0 3 15 0 3
split_gain=27328.1 65930.6 129974 20145.6 16195.4
threshold=0.0046896650000000008 0.13194836950000002 280.74400872638574 0.34372811950000004 0.34554129250000004
decision_type=2 2 2 2 2
left_child=-1 -2 3 4 -3
right_child=1 2 -4 -5 -6
leaf_value=0.15053017977569316 0.19352854141578416 -0.059262766873074003 -0.39356641564372014 -0.12090923275727704 0.11786331765530896
leaf_weight=2044 2353 2000 2771 2287 3638
leaf_count=2044 2353 2000 2771 2287 3638
internal_value=-0.0194643 -0.0460923 -0.0988062 0.00425764 0.0550304
internal_weight=15093 13049 10696 7925 5638
internal_count=15093 13049 10696 7925 5638
is_linear=0
shrinkage=0.05


Tree=133
num_leaves=7
num_cat=0
split_feature=15 15 1 1 15 15
split_gain=79935.5 27331.3 19245.9 10882.2 28866.1 7222.67
threshold=417.44147230914609 272.73076371791529 67.500000000000014 48.500000000000007 105.7648782681141 99.512608865598196
decision_type=2 2 2 2 2 2
left_child=1 2 3 5 -5 -1
right_child=-2 -3 -4 4 -6 -7
leaf_value=-0.032979744521429537 0.31166147865708754 -0.19421047031886729 0.14049119462897447 0.046352782358939561 -0.19510433167055333 0.10131144526523431
leaf_weight=2003 2022 2041 2117 2429 2524 2002
leaf_count=2003 2022 2041 2117 2429 2524 2002
internal_value=0.0190336 -0.0260788 0.00490605 -0.0271361 -0.0766914 0.0341491
internal_weight=15138 13116 11075 8958 4953 4005
internal_count=15138 13116 11075 8958 4953 4005
is_linear=0
shrinkage=0.05


Tree=134
num_leaves=5
num_cat=0
split_feature=0 14 4 0
split_gain=44518.4 42606.9 28105.7 49919.1
threshold=0.48231752950000001 0.022050957891665859 6666.5000000000009 0.071272063500000024
decision_type=2 2 8 2
left_child=1 2 -1 -4
right_child=-2 -3 3 -5
leaf_value=-0.11638338276245089 -0.19766049519042711 0.19333529242399669 0.17535030044500177 -0.13799508491329435
leaf_weight=3912 2315 3364 3431 2019
leaf_count=3912 2315 3364 3431 2019
internal_value=0.00402359 0.0407122 -0.0141291 0.0592688
internal_weight=15041 12726 9362 5450
internal_count=15041 12726 9362 5450
is_linear=0
shrinkage=0.05


Tree=135
num_leaves=6
num_cat=0
split_feature=1 15 15 1 9
split_gain=37931.2 88001.5 55844.1 13736.1 10144.6
threshold=54.500000000000007 266.38422476965258 268.67795997971211 67.500000000000014 1.0000000180025095e-35
decision_type=2 2 2 2 10
left_child=1 4 3 -2 -1
right_child=2 -3 -4 -5 -6
leaf_value=0.038286217033759597 -0.05905635161281534 0.35050440351629392 -0.30563633385934713 0.10491442968092023 -0.097390966573928039
leaf_weight=2833 3402 2133 2014 2045 2682
leaf_count=2833 3402 2133 2014 2045 2682
internal_value=-0.000464829 0.0777835 -0.0806743 0.00250419 -0.027695
internal_weight=15109 7648 7461 5447 5515
internal_count=15109 7648 7461 5447 5515
is_linear=0
shrinkage=0.05


Tree=136
num_leaves=6
num_cat=0
split_feature=3 3 3 3 15
split_gain=41511.9 101192 42191.9 25784.2 42281.3
threshold=0.21028210100000003 0.36686517400000002 0.09811094300000002 90.500000000000014 159.38719375949663
decision_type=2 2 2 2 2
left_child=2 -2 -1 4 -3
right_child=1 3 -4 -5 -6
leaf_value=0.030783477316946278 0.30370811154450544 0.040937455493088415 -0.27625300990576218 0.095976215227788375 -0.25800929394270067
leaf_weight=2452 3257 2501 2058 2579 2244
leaf_count=2452 3257 2501 2058 2579 2244
internal_value=0.0176969 0.0718374 -0.109323 -0.031276 -0.10044
internal_weight=15091 10581 4510 7324 4745
internal_count=15091 10581 4510 7324 4745
is_linear=0
shrinkage=0.05


Tree=137
num_leaves=5
num_cat=0
split_feature=15 4 1 4
split_gain=59580.3 23724 30205 23692.3
threshold=401.55521357182579 4951.0000000000009 55.500000000000007 3997.5000000000005
decision_type=2 10 2 8
left_child=1 3 -3 -1
right_child=-2 2 -4 -5
leaf_value=-0.055524697482604496 -0.29693146783311708 -0.18410084183623243 0.045086853843050029 0.13067053599594983
leaf_weight=3057 2180 3424 2478 3873
leaf_count=3057 2180 3424 2478 3873
internal_value=-0.0552624 -0.0142057 -0.0878746 0.0485351
internal_weight=15012 12832 5902 6930
internal_count=15012 12832 5902 6930
is_linear=0
shrinkage=0.05


Tree=138
num_leaves=6
num_cat=0
split_feature=3 5 3 4 15
split_gain=29802.9 68047.8 63047.8 36504.9 25683.2
threshold=0.21028210100000003 6.5000000000000009 0.34840434350000005 5459.0000000000009 166.70579075901585
decision_type=2 2 2 8 2
left_child=1 -1 -2 -4 -5
right_child=2 -3 3 4 -6
leaf_value=0.063658617352354965 0.24137066301137247 -0.3249185760961586 -0.18572724748765557 -0.065089464732651689 0.16043069330620052
leaf_weight=2512 2890 2043 2583 2578 2474
leaf_count=2512 2890 2043 2583 2578 2474
internal_value=-0.00377756 -0.110625 0.0424639 -0.0328263 0.0453493
internal_weight=15080 4555 10525 7635 5052
internal_count=15080 4555 10525 7635 5052
is_linear=0
shrinkage=0.05


Tree=139
num_leaves=6
num_cat=0
split_feature=15 9 15 14 5
split_gain=50149.1 26100.5 22480 21564.9 20825.9
threshold=313.75729423357819 1.0000000180025095e-35 173.65269391691155 0.0098979294367737818 8.5000000000000018
decision_type=2 10 2 2 2
left_child=1 2 3 -1 -3
right_child=-2 4 -4 -5 -6
leaf_value=-0.095112001769963858 -0.19768123791984671 0.035978939703997528 0.21505863459405561 0.11089003833209349 -0.18250088881703574
leaf_weight=2195 3280 2175 2189 3016 2188
leaf_count=2195 3280 2175 2189 3016 2188
internal_value=-0.0247966 0.0234106 0.0805996 0.024117 -0.0735865
internal_weight=15043 11763 7400 5211 4363
internal_count=15043 11763 7400 5211 4363
is_linear=0
shrinkage=0.05


Tree=140
num_leaves=6
num_cat=0
split_feature=15 1 3 15 5
split_gain=39763.6 30309.6 40121.7 62626.3 16148.7
threshold=417.44147230914609 67.500000000000014 0.32670399850000004 154.65266001324022 9.5000000000000018
decision_type=2 2 2 2 2
left_child=1 2 3 -1 -4
right_child=-2 -3 4 -5 -6
leaf_value=-0.016901916837543506 0.20779454216430815 0.12757387273077511 0.093025302077935343 -0.38077294659839445 -0.074875502551737597
leaf_weight=2751 2029 2477 3358 2074 2497
leaf_count=2751 2029 2477 3358 2074 2497
internal_value=0.00176545 -0.0300072 -0.0665548 -0.17331 0.0214201
internal_weight=15186 13157 10680 4825 5855
internal_count=15186 13157 10680 4825 5855
is_linear=0
shrinkage=0.05


Tree=141
num_leaves=6
num_cat=0
split_feature=5 4 15 1 15
split_gain=53455.3 82920.5 71099.1 19152.8 15139.1
threshold=5.5000000000000009 2677.0000000000005 344.85164313145083 59.500000000000007 144.55139905064814
decision_type=2 10 2 2 2
left_child=1 -1 3 4 -2
right_child=2 -3 -4 -5 -6
leaf_value=-0.40214255949178396 -0.01463742865195131 0.032947568918743723 0.29953492419025318 0.068110278651532893 -0.1849946020667996
leaf_weight=2063 3151 2334 2064 3284 2225
leaf_count=2063 3151 2334 2064 3284 2225
internal_value=-0.0243728 -0.17119 0.0358242 -0.0270279 -0.0851443
internal_weight=15121 4397 10724 8660 5376
internal_count=15121 4397 10724 8660 5376
is_linear=0
shrinkage=0.05


Tree=142
num_leaves=5
num_cat=0
split_feature=3 4 4 0
split_gain=53215.3 41009.3 57794.2 46522.1
threshold=0.15177095500000001 7825.5000000000009 5250.5000000000009 0.058972209000000005
decision_type=2 10 10 2
left_child=-1 2 3 -2
right_child=1 -3 -4 -5
leaf_value=0.1770922357405513 -0.22187795317640457 -0.21859956517464557 0.22833084599164702 0.042362933834802677
leaf_weight=3338 2874 2738 2153 3962
leaf_count=3338 2874 2738 2153 3962
internal_value=0.00095382 -0.0491826 0.00242085 -0.0687296
internal_weight=15065 11727 8989 6836
internal_count=15065 11727 8989 6836
is_linear=0
shrinkage=0.05


Tree=143
num_leaves=5
num_cat=0
split_feature=15 1 15 1
split_gain=64967.2 13641.1 15653.1 5043.58
threshold=344.85164313145083 67.500000000000014 146.81976723985898 51.500000000000007
decision_type=2 2 2 2
left_child=1 2 3 -1
right_child=-2 -3 -4 -5
leaf_value=-0.024769770051345445 0.25869809452120801 0.10118651444541747 -0.110262797599055 0.067507148267479902
leaf_weight=3218 2801 2313 3990 2743
leaf_count=3218 2801 2313 3990 2743
internal_value=0.0414319 -0.00818992 -0.0336133 0.0176922
internal_weight=15065 12264 9951 5961
internal_count=15065 12264 9951 5961
is_linear=0
shrinkage=0.05


Tree=144
num_leaves=6
num_cat=0
split_feature=15 3 15 14 14
split_gain=85335.2 39551.1 56613.1 6896.73 15340.8
threshold=401.55521357182579 0.18505833500000005 221.14036870653027 0.0091480837449767032 0.030458626176510312
decision_type=2 2 2 2 2
left_child=1 -1 3 -3 -5
right_child=-2 2 -4 4 -6
leaf_value=-0.13068534881739885 -0.3247800691132795 -0.078481536825390857 0.2822321834758329 0.10212922043029533 -0.075581441814768502
leaf_weight=3425 2160 2093 2319 2973 2053
leaf_count=3425 2160 2093 2319 2973 2053
internal_value=-0.0339763 0.0148565 0.0676728 -0.00221947 0.0295387
internal_weight=15023 12863 9438 7119 5026
internal_count=15023 12863 9438 7119 5026
is_linear=0
shrinkage=0.05


Tree=145
num_leaves=6
num_cat=0
split_feature=0 0 3 15 14
split_gain=32820.7 40610.8 33170.8 52705.2 29773.7
threshold=0.034227564000000009 0.10364032250000001 0.25769870550000007 193.81446574070972 0.0086638047098293435
decision_type=2 2 2 2 2
left_child=4 -2 -3 -4 -1
right_child=1 2 3 -5 -6
leaf_value=0.023587094164252916 0.22136915551395503 0.16668841684814587 0.066240184192134718 -0.26407398488719869 -0.22116502596383905
leaf_weight=2689 3001 2145 2964 2038 2310
leaf_count=2689 3001 2145 2964 2038 2310
internal_value=0.0153537 0.0670111 0.00219669 -0.068342 -0.089511
internal_weight=15147 10148 7147 5002 4999
internal_count=15147 10148 7147 5002 4999
is_linear=0
shrinkage=0.05


Tree=146
num_leaves=6
num_cat=0
split_feature=3 15 4 3 4
split_gain=27732.6 63482.7 38632.8 17244.1 9181.09
threshold=0.49736532100000003 270.52016759708471 1167.5000000000002 0.26222285350000002 5897.0000000000009
decision_type=2 2 10 2 8
left_child=1 3 -2 4 -1
right_child=2 -3 -4 -5 -6
leaf_value=-0.039531118224271883 0.013252233711395445 0.25528858598902687 -0.26324393246948041 -0.12336356703383454 0.11064141176421005
leaf_weight=2006 3356 2725 2026 2870 2066
leaf_count=2006 3356 2725 2026 2870 2066
internal_value=0.00013529 0.0507804 -0.090832 -0.0294969 0.0366615
internal_weight=15049 9667 5382 6942 4072
internal_count=15049 9667 5382 6942 4072
is_linear=0
shrinkage=0.05


Tree=147
num_leaves=5
num_cat=0
split_feature=4 15 15 5
split_gain=98324.6 162496 18383.2 8058.8
threshold=18068.000000000004 352.7886509892183 143.37006943406206 9.5000000000000018
decision_type=8 2 2 2
left_child=1 2 3 -1
right_child=-2 -3 -4 -5
leaf_value=0.0037548448808927236 -0.22503797662905264 0.48236730836422925 -0.091192633356814795 0.12812687130893211
leaf_weight=3533 3484 2045 3958 2063
leaf_count=3533 3484 2045 3958 2063
internal_value=0.00789365 0.0778595 -0.00872397 0.0496054
internal_weight=15083 11599 9554 5596
internal_count=15083 11599 9554 5596
is_linear=0
shrinkage=0.05


Tree=148
num_leaves=5
num_cat=0
split_feature=15 15 15 0
split_gain=78374.3 17236.4 20976.2 6752.69
threshold=275.29238425461165 173.65269391691155 1.0000000180025095e-35 0.139014202
decision_type=2 2 2 2
left_child=1 2 -1 -4
right_child=-2 -3 3 -5
leaf_value=0.12495604843591426 -0.22790972148195601 0.1390162343347788 -0.098232025417994806 0.0085296088639355404
leaf_weight=2273 3949 2787 3505 2565
leaf_count=2273 3949 2787 3505 2565
internal_value=-0.0365394 0.0313602 -0.00460263 -0.0531178
internal_weight=15079 11130 8343 6070
internal_count=15079 11130 8343 6070
is_linear=0
shrinkage=0.05


Tree=149
num_leaves=6
num_cat=0
split_feature=0 15 14 14 14
split_gain=26747.5 79791.6 20211.4 35034.4 34856.8
threshold=0.48991772250000004 364.78600104921179 0.0098511074846314734 0.019940076820947557 0.0057310825013137156
decision_type=2 2 2 2 2
left_child=1 2 4 -4 -1
right_child=-2 -3 3 -5 -6
leaf_value=0.067449964220233541 -0.13832967860488229 0.3243306678476976 0.17909196167200647 -0.060101227032169614 -0.21241666901515713
leaf_weight=2006 2233 2186 2873 3277 2498
leaf_count=2006 2233 2186 2873 3277 2498
internal_value=0.0213868 0.0491631 -0.00729611 0.0516389 -0.0877691
internal_weight=15073 12840 10654 6150 4504
internal_count=15073 12840 10654 6150 4504
is_linear=0
shrinkage=0.05


Tree=150
num_leaves=5
num_cat=0
split_feature=0 15 15 4
split_gain=26125.6 79328.2 19484.9 12021.4
threshold=0.33320770050000009 307.46881441459146 175.12297003594787 2933.0000000000005
decision_type=2 2 2 10
left_child=1 2 3 -1
right_child=-2 -3 -4 -5
leaf_value=-0.087300999425894282 0.1296250496733046 -0.27172501038299784 0.16097029761053719 0.053103126590916067
leaf_weight=2510 3571 2542 2571 3883
leaf_count=2510 3571 2542 2571 3883
internal_value=0.0114807 -0.0251865 0.0447265 -0.00202191
internal_weight=15077 11506 8964 6393
internal_count=15077 11506 8964 6393
is_linear=0
shrinkage=0.05


Tree=151
num_leaves=6
num_cat=0
split_feature=14 0 1 15 0
split_gain=33384.5 112134 39994.5 56296.3 10837.4
threshold=0.0097548961989040589 0.043386952500000013 39.500000000000007 259.790608984122 0.19470509850000003
decision_type=2 2 2 2 2
left_child=1 -1 -2 4 -4
right_child=2 -3 3 -5 -6
leaf_value=0.067871234947673595 -0.12596534334895301 -0.40007750990956464 0.09983793682181806 0.33096711186710559 -0.04774235760691662
leaf_weight=3412 2465 2049 2256 2020 2773
leaf_count=3412 2465 2049 2256 2020 2773
internal_value=-0.00916784 -0.107706 0.0473927 0.108015 0.0184619
internal_weight=14975 5461 9514 7049 5029
internal_count=14975 5461 9514 7049 5029
is_linear=0
shrinkage=0.05


Tree=152
num_leaves=6
num_cat=0
split_feature=4 15 7 4 4
split_gain=32982.6 72963.8 13249.5 13608.6 11546.1
threshold=8999.5000000000018 344.85164313145083 1.5000000000000002 4750.5000000000009 7667.5000000000009
decision_type=10 2 2 8 8
left_child=1 2 3 -1 -5
right_child=-2 -3 -4 4 -6
leaf_value=0.052601546913836984 -0.12962892826608274 0.3265360317764005 0.11134503526316336 -0.16880780245572669 -0.0089059385620263408
leaf_weight=3343 2724 2161 2341 2036 2534
leaf_count=3343 2724 2161 2341 2036 2534
internal_value=0.0279266 0.0624962 0.00685053 -0.0240634 -0.0801445
internal_weight=15139 12415 10254 7913 4570
internal_count=15139 12415 10254 7913 4570
is_linear=0
shrinkage=0.05


Tree=153
num_leaves=5
num_cat=0
split_feature=15 3 7 5
split_gain=52732 23413 33698.4 23004.5
threshold=381.8140495415966 1.0543212840000002 1.0000000180025095e-35 9.5000000000000018
decision_type=2 2 2 2
left_child=1 2 -1 -4
right_child=-2 -3 3 -5
leaf_value=-0.15389057001097359 -0.24575055578426777 0.13113123016434522 0.13073746997052255 -0.061472355607386432
leaf_weight=3419 2385 3054 3346 2911
leaf_count=3419 2385 3054 3346 2911
internal_value=-0.0299895 0.010434 -0.0276613 0.041314
internal_weight=15115 12730 9676 6257
internal_count=15115 12730 9676 6257
is_linear=0
shrinkage=0.05


Tree=154
num_leaves=7
num_cat=0
split_feature=15 4 7 15 14 1
split_gain=106236 22001.4 31350.5 26894.2 12301.2 8828.55
threshold=360.89752852725434 4750.5000000000009 1.0000000180025095e-35 209.07858549295159 0.0084869873714340047 49.500000000000007
decision_type=2 8 2 2 2 2
left_child=1 2 -1 4 -3 -6
right_child=-2 3 -4 -5 5 -7
leaf_value=-0.070443280069227163 0.32712332850516168 -0.11964106626960287 0.20850819455672071 -0.22212597497417505 -0.044775865644277317 0.10091665660250722
leaf_weight=2005 2563 2039 2024 2211 2019 2144
leaf_count=2005 2563 2039 2024 2211 2019 2144
internal_value=0.0339949 -0.0263884 0.0696902 -0.0724005 -0.0190237 0.0302577
internal_weight=15005 12442 4029 8413 6202 4163
internal_count=15005 12442 4029 8413 6202 4163
is_linear=0
shrinkage=0.05


Tree=155
num_leaves=5
num_cat=0
split_feature=3 15 0 3
split_gain=65003.4 85263.2 18011 21645.3
threshold=0.15551165700000005 364.78600104921179 0.034227564000000009 0.48256165150000002
decision_type=2 2 2 2
left_child=-1 2 -2 -4
right_child=1 -3 3 -5
leaf_value=0.17947182411207857 -0.11436952893524327 -0.36409785286583046 -0.046843035564152452 0.13071378238460249
leaf_weight=3379 2816 2030 3693 3207
leaf_count=3379 2816 2030 3693 3207
internal_value=-0.0137878 -0.0693832 -0.00780741 0.0356823
internal_weight=15125 11746 9716 6900
internal_count=15125 11746 9716 6900
is_linear=0
shrinkage=0.05


Tree=156
num_leaves=5
num_cat=0
split_feature=15 15 3 3
split_gain=20651.1 28726.9 11470.4 8544.88
threshold=282.88539540044263 187.1353612176035 0.26222285350000002 0.47319091250000006
decision_type=2 2 2 2
left_child=1 2 -1 -4
right_child=-2 -3 3 -5
leaf_value=0.073895516321891896 -0.093144931937429093 0.19311529866397334 -0.12389474089693545 0.004043232121659082
leaf_weight=3281 3791 2453 2089 3478
leaf_count=3281 3791 2453 2089 3478
internal_value=0.00783838 0.0417139 -0.000260235 -0.0439651
internal_weight=15092 11301 8848 5567
internal_count=15092 11301 8848 5567
is_linear=0
shrinkage=0.05


Tree=157
num_leaves=6
num_cat=0
split_feature=0 9 7 0 14
split_gain=34078.6 41746.7 46635.9 55932.2 34995.6
threshold=0.015719561500000003 1.5000000000000002 1.5000000000000002 0.061123264500000003 0.024944268232627843
decision_type=2 10 2 2 2
left_child=-1 2 3 -2 -5
right_child=1 -3 -4 4 -6
leaf_value=0.16311772142743811 -0.21769927512269224 0.16339934404170253 -0.25257545815161525 0.22803742838706453 -0.045496916329957129
leaf_weight=3359 2031 2504 2472 2431 2253
leaf_count=3359 2031 2504 2472 2431 2253
internal_value=0.0227512 -0.0175783 -0.0669053 0.0014456 0.0964676
internal_weight=15050 11691 9187 6715 4684
internal_count=15050 11691 9187 6715 4684
is_linear=0
shrinkage=0.05


Tree=158
num_leaves=5
num_cat=0
split_feature=3 15 14 14
split_gain=23566.6 65780.7 34224.2 13872.1
threshold=0.39390283550000005 298.77886537015098 0.021446501348364729 0.010695651869624911
decision_type=2 2 2 2
left_child=1 3 -2 -1
right_child=2 -3 -4 -5
leaf_value=0.082476678203057374 -0.14235715781010361 0.33727609167430855 0.0819143431138281 -0.065966153919295237
leaf_weight=3179 3615 2014 3213 3117
leaf_count=3179 3615 2014 3213 3117
internal_value=0.0320003 0.08855 -0.0368234 0.00898616
internal_weight=15138 8310 6828 6296
internal_count=15138 8310 6828 6296
is_linear=0
shrinkage=0.05


Tree=159
num_leaves=6
num_cat=0
split_feature=9 15 4 14 14
split_gain=51780.4 108212 21892.6 12565.6 23686.7
threshold=1.5000000000000002 313.75729423357819 4800.5000000000009 0.0075602986304670718 0.019940076820947557
decision_type=10 2 8 2 2
left_child=1 2 -1 -4 -5
right_child=-2 -3 3 4 -6
leaf_value=0.15447047746837314 0.20218035095738376 -0.31775139270980512 -0.10662522124083872 0.16760389618019836 -0.072266832569627751
leaf_weight=3273 3070 2539 2051 2011 2108
leaf_count=3273 3070 2539 2051 2011 2108
internal_value=0.0189695 -0.0279723 0.0499424 -0.00550654 0.0448441
internal_weight=15052 11982 9443 6170 4119
internal_count=15052 11982 9443 6170 4119
is_linear=0
shrinkage=0.05


Tree=160
num_leaves=6
num_cat=0
split_feature=1 1 4 4 1
split_gain=24765.5 30305.8 72146 64098.9 2196.86
threshold=65.500000000000014 41.500000000000007 13176.500000000002 7627.0000000000009 53.500000000000007
decision_type=2 2 8 10 2
left_child=1 -1 3 4 -3
right_child=-2 2 -4 -5 -6
leaf_value=-0.089046806493987815 -0.11331841709997613 0.15272306638197333 0.33044856732174943 -0.22963975151744936 0.079190681256577675
leaf_weight=3233 3353 2000 2289 2013 2064
leaf_count=3233 3353 2000 2289 2013 2064
internal_value=0.00636588 0.0409638 0.0912058 0.00109114 0.115378
internal_weight=14952 11599 8366 6077 4064
internal_count=14952 11599 8366 6077 4064
is_linear=0
shrinkage=0.05


Tree=161
num_leaves=6
num_cat=0
split_feature=4 0 15 15 5
split_gain=42556.1 62899.7 100845 28998.5 6622.4
threshold=6974.0000000000009 0.23709479950000004 253.29909621575908 175.12297003594787 6.5000000000000009
decision_type=10 2 2 2 2
left_child=1 2 4 -2 -1
right_child=3 -3 -4 -5 -6
leaf_value=0.073737042253044213 0.031862152945539353 0.16329223116343267 -0.40601651872340594 0.28468504578721282 -0.038527450108491103
leaf_weight=2319 2231 3172 2000 2307 3030
leaf_count=2319 2231 3172 2000 2307 3030
internal_value=0.0324086 -0.0227937 -0.103113 0.160391 0.0101436
internal_weight=15059 10521 7349 4538 5349
internal_count=15059 10521 7349 4538 5349
is_linear=0
shrinkage=0.05


Tree=162
num_leaves=6
num_cat=0
split_feature=7 15 15 15 3
split_gain=29721.1 60767.6 39865.8 11663.9 5235.94
threshold=1.5000000000000002 236.3331044627885 169.21485183072988 136.74884160303699 0.26222285350000002
decision_type=2 2 2 2 2
left_child=1 3 -2 4 -1
right_child=2 -3 -4 -5 -6
leaf_value=0.070436930369766046 0.048631068713864134 0.22832694551512081 -0.25696289050151416 -0.12086744018410414 -0.031024570276783021
leaf_weight=2309 2147 3380 2122 2302 2830
leaf_count=2309 2147 3380 2122 2302 2830
internal_value=0.00844819 0.0525226 -0.103271 -0.0273347 0.014563
internal_weight=15090 10821 4269 7441 5139
internal_count=15090 10821 4269 7441 5139
is_linear=0
shrinkage=0.05


Tree=163
num_leaves=7
num_cat=0
split_feature=0 15 4 15 0 15
split_gain=45774.5 102214 17105.6 16000.8 11294.8 10789.6
threshold=0.024802584000000003 316.82973748032322 4750.5000000000009 149.52353842782932 0.19470509850000003 124.78289139575274
decision_type=2 2 10 2 2 2
left_child=3 2 4 -1 -2 -4
right_child=1 -3 5 -5 -6 -7
leaf_value=-0.020277461687652099 0.13983420021284634 0.36805472977481885 0.0013096895415285021 -0.21447573479012735 -0.021551710695708548 -0.15995487337882308
leaf_weight=2074 2280 2323 2087 2171 2067 2062
leaf_count=2074 2280 2323 2087 2171 2067 2062
internal_value=0.0195492 0.0741448 -0.00621693 -0.119595 0.0630951 -0.0788367
internal_weight=15064 10819 8496 4245 4347 4149
internal_count=15064 10819 8496 4245 4347 4149
is_linear=0
shrinkage=0.05


Tree=164
num_leaves=5
num_cat=0
split_feature=0 3 3 14
split_gain=44650.2 91734.4 112341 27455.1
threshold=0.13194229900000001 0.21028210100000003 0.49207534600000008 0.026258552990754341
decision_type=2 2 2 2
left_child=1 -1 -3 -2
right_child=3 2 -4 -5
leaf_value=-0.14665949778293447 -0.22570798753027371 0.44396976918857273 -0.0083543066143651999 -0.016565171382283965
leaf_weight=3125 2684 2463 3101 3778
leaf_count=3125 2684 2463 3101 3778
internal_value=-0.00390097 0.0701208 0.191875 -0.103433
internal_weight=15151 8689 5564 6462
internal_count=15151 8689 5564 6462
is_linear=0
shrinkage=0.05


Tree=165
num_leaves=6
num_cat=0
split_feature=1 15 0 3 3
split_gain=30144 56981.2 20925.9 20650.1 13928.6
threshold=44.500000000000007 348.91690311337732 0.017772055000000005 0.47713152500000006 0.33898571750000006
decision_type=2 2 2 2 2
left_child=4 2 -2 -4 -1
right_child=1 -3 3 -5 -6
leaf_value=-0.031377543048654623 -0.15113643389229181 0.27685690371461374 -0.046096302624505807 0.13229878422232544 -0.21397300712389911
leaf_weight=2140 2193 2024 3972 2742 2040
leaf_count=2140 2193 2024 3972 2742 2040
internal_value=-0.00629131 0.0373785 -0.0170398 0.0267603 -0.120491
internal_weight=15111 10931 8907 6714 4180
internal_count=15111 10931 8907 6714 4180
is_linear=0
shrinkage=0.05


Tree=166
num_leaves=5
num_cat=0
split_feature=4 1 3 1
split_gain=39538.7 56882.4 50007.2 39765.5
threshold=7460.5000000000009 52.500000000000007 0.25769870550000007 53.500000000000007
decision_type=8 2 2 2
left_child=1 -1 -2 -4
right_child=2 -3 3 -5
leaf_value=0.060987772279860034 0.29077844557742699 -0.20791741048123638 -0.16178543474351947 0.1243949104735783
leaf_weight=3989 2176 3879 2103 2871
leaf_count=3989 2176 3879 2103 2871
internal_value=0.00575346 -0.0715851 0.0908583 0.00339827
internal_weight=15018 7868 7150 4974
internal_count=15018 7868 7150 4974
is_linear=0
shrinkage=0.05


Tree=167
num_leaves=6
num_cat=0
split_feature=7 0 9 5 4
split_gain=57212.9 50262.9 45325.2 34083.7 39354.2
threshold=1.5000000000000002 0.33794205750000006 1.0000000180025095e-35 4.5000000000000009 6666.5000000000009
decision_type=2 2 8 2 8
left_child=1 3 -2 -1 -5
right_child=2 -3 -4 4 -6
leaf_value=-0.1916930312667843 -0.33521929820071206 0.23860297632107261 -0.0065493743725638228 -0.081351923269817508 0.16971635109820216
leaf_weight=2091 2157 2501 2042 3189 3057
leaf_count=2091 2157 2501 2042 3189 3057
internal_value=-0.0186962 0.0420103 -0.175385 -0.0169652 0.0415292
internal_weight=15037 10838 4199 8337 6246
internal_count=15037 10838 4199 8337 6246
is_linear=0
shrinkage=0.05


Tree=168
num_leaves=6
num_cat=0
split_feature=14 14 0 5 9
split_gain=54612.4 64708.9 59632.6 62821 28237.6
threshold=0.014751980416822496 0.024683041463863385 0.075152122500000015 6.5000000000000009 1.0000000180025095e-35
decision_type=2 2 2 2 10
left_child=2 -2 3 -1 -3
right_child=1 4 -4 -5 -6
leaf_value=-0.18268843680424757 0.34181473248813848 -0.095950289623884938 -0.30429324617331877 0.14888922611821215 0.14242955184822914
leaf_weight=2581 2074 2797 2215 3199 2235
leaf_count=2581 2074 2797 2215 3199 2235
internal_value=0.00593663 0.106794 -0.0837063 0.000826605 0.00992788
internal_weight=15101 7106 7995 5780 5032
internal_count=15101 7106 7995 5780 5032
is_linear=0
shrinkage=0.05


Tree=169
num_leaves=6
num_cat=0
split_feature=0 3 14 4 14
split_gain=33300.7 37039.6 42316.2 49495.7 43416.7
threshold=0.48991772250000004 90.500000000000014 0.0098979294367737818 5250.5000000000009 0.0061485369884320016
decision_type=2 2 2 10 2
left_child=1 2 4 -4 -1
right_child=-2 -3 3 -5 -6
leaf_value=0.04587375610614193 -0.16492965544551147 0.22971427387246643 -0.04977686364558314 0.23103506430168072 -0.2672951662251225
leaf_weight=2179 2245 2217 3183 3095 2249
leaf_count=2179 2245 2217 3183 3095 2249
internal_value=0.0128188 0.0436975 0.00517708 0.088661 -0.113186
internal_weight=15168 12923 10706 6278 4428
internal_count=15168 12923 10706 6278 4428
is_linear=0
shrinkage=0.05


Tree=170
num_leaves=6
num_cat=0
split_feature=14 15 0 14 15
split_gain=36511.8 174531 29220.4 20808.3 19642.4
threshold=0.022346734223007137 307.46881441459146 0.45753025600000002 0.0075602986304670718 121.23792573959268
decision_type=2 2 2 2 2
left_child=1 3 -2 -1 -5
right_child=2 -3 -4 4 -6
leaf_value=-0.074786623127964399 0.1775266004010824 -0.48594148254511982 -0.054332672780193006 0.0037761280530416532 0.2136340607399646
leaf_weight=2895 3141 2106 2395 2512 2005
leaf_count=2895 3141 2106 2395 2512 2005
internal_value=-0.0248833 -0.0842696 0.077219 0.029859 0.0969276
internal_weight=15054 9518 5536 7412 4517
internal_count=15054 9518 5536 7412 4517
is_linear=0
shrinkage=0.05


Tree=171
num_leaves=7
num_cat=0
split_feature=0 15 1 3 15 3
split_gain=35945 42182.4 33908.5 19531.8 30915.9 9792.4
threshold=0.48991772250000004 364.78600104921179 67.500000000000014 0.76186255900000011 169.21485183072988 0.26016005050000007
decision_type=2 2 2 2 2 2
left_child=1 2 3 4 5 -1
right_child=-2 -3 -4 -5 -6 -7
leaf_value=0.065141203750077023 -0.18148354280561807 0.23438525592549231 0.17166882036802547 0.078584884089442614 -0.24451176426487253 -0.089676018817060402
leaf_weight=2005 2268 2188 2130 2155 2250 2082
leaf_count=2005 2268 2188 2130 2155 2250 2082
internal_value=0.00198876 0.0344724 -0.00670719 -0.0514482 -0.0956681 -0.0137258
internal_weight=15078 12810 10622 8492 6337 4087
internal_count=15078 12810 10622 8492 6337 4087
is_linear=0
shrinkage=0.05


Tree=172
num_leaves=6
num_cat=0
split_feature=0 15 0 14 15
split_gain=36133.7 72112.1 31219.9 21032.8 25809.4
threshold=0.034227564000000009 316.82973748032322 0.0058119010000000013 0.012176588331232857 140.6593083230305
decision_type=2 2 2 2 2
left_child=2 3 -1 -2 -5
right_child=1 -3 -4 4 -6
leaf_value=0.047780237092003658 0.11337043190170515 0.32465497078856326 -0.20347246959380616 0.034846971856000275 -0.19411991832989256
leaf_weight=2253 2809 2240 2740 3073 2053
leaf_count=2253 2809 2240 2740 3073 2053
internal_value=0.020067 0.0741269 -0.0900993 0.00340442 -0.0568559
internal_weight=15168 10175 4993 7935 5126
internal_count=15168 10175 4993 7935 5126
is_linear=0
shrinkage=0.05


Tree=173
num_leaves=5
num_cat=0
split_feature=9 3 3 5
split_gain=36826.8 63229.7 41420.2 57677.2
threshold=1.5000000000000002 35.500000000000007 0.21028210100000003 9.5000000000000018
decision_type=10 2 2 2
left_child=1 2 -1 -4
right_child=-2 -3 3 -5
leaf_value=-0.096652344497423742 0.16889120705469546 -0.24829726797625923 -0.025710873167532445 0.29213217213060721
leaf_weight=3751 3019 2535 3184 2587
leaf_count=3751 3019 2535 3184 2587
internal_value=0.0127214 -0.0263825 0.0326969 0.11677
internal_weight=15076 12057 9522 5771
internal_count=15076 12057 9522 5771
is_linear=0
shrinkage=0.05


Tree=174
num_leaves=5
num_cat=0
split_feature=0 15 0 3
split_gain=39496.5 36741.1 18751.3 14786
threshold=0.015719561500000003 275.29238425461165 0.36465769600000003 0.46405166550000004
decision_type=2 2 2 2
left_child=-1 2 3 -2
right_child=1 -3 -4 -5
leaf_value=0.14683856929450378 -0.010484588650042096 -0.19471699010515214 -0.11324346418008746 0.14798031838187439
leaf_weight=3347 3758 3125 2394 2420
leaf_count=3347 3758 3125 2394 2420
internal_value=-0.00461416 -0.0479511 0.00555371 0.0515881
internal_weight=15044 11697 8572 6178
internal_count=15044 11697 8572 6178
is_linear=0
shrinkage=0.05


Tree=175
num_leaves=6
num_cat=0
split_feature=3 3 4 3 5
split_gain=45759.3 99334.8 63010.8 35010.3 27929.6
threshold=0.35438936750000005 0.21028210100000003 5338.0000000000009 5.0916143715000013 6.5000000000000009
decision_type=2 2 8 2 2
left_child=1 4 -2 -4 -1
right_child=2 -3 3 -5 -6
leaf_value=0.03914386646297878 -0.30272670657064271 0.29693767105593549 0.15754025768248756 -0.10939533198381762 -0.21097684260169755
leaf_weight=2505 2499 3052 2143 2878 2013
leaf_count=2505 2499 3052 2143 2878 2013
internal_value=-0.0102142 0.0765671 -0.0975725 0.00453476 -0.0722977
internal_weight=15090 7570 7520 5021 4518
internal_count=15090 7570 7520 5021 4518
is_linear=0
shrinkage=0.05


Tree=176
num_leaves=7
num_cat=0
split_feature=14 15 3 15 4 0
split_gain=26172.3 94487.7 27045.3 32162.1 25154.9 14064.9
threshold=0.0047817155088819936 360.89752852725434 0.46405166550000004 185.62212128545761 7254.5000000000009 0.084788569000000022
decision_type=2 2 2 2 8 2
left_child=-1 2 3 5 -4 -2
right_child=1 -3 4 -5 -6 -7
leaf_value=-0.17379068460255259 -0.13257224042531182 0.31537059932852296 0.18178734899865898 -0.27307129341128578 -0.062014391240508476 0.044576739124743421
leaf_weight=2096 2008 2199 2023 2031 2218 2535
leaf_count=2096 2008 2199 2023 2031 2218 2535
internal_value=-0.00981921 0.0165896 -0.0441612 -0.107668 0.0542815 -0.0337229
internal_weight=15110 13014 10815 6574 4241 4543
internal_count=15110 13014 10815 6574 4241 4543
is_linear=0
shrinkage=0.05


Tree=177
num_leaves=6
num_cat=0
split_feature=5 4 0 14 4
split_gain=30978.8 92606.6 72263 151230 19162.9
threshold=4.5000000000000009 5497.5000000000009 0.043386952500000013 0.014751980416822496 3799.5000000000005
decision_type=2 8 2 2 10
left_child=-1 4 -3 -4 -2
right_child=1 2 3 -5 -6
leaf_value=-0.13038521677458631 -0.038886768463231684 0.35404657602536238 -0.29204955895265228 0.2673134092701166 -0.25032161778935996
leaf_weight=3005 2306 2818 2052 2939 2002
leaf_count=3005 2306 2818 2052 2939 2002
internal_value=0.0133202 0.0489589 0.151627 0.0373369 -0.137144
internal_weight=15122 12117 7809 4991 4308
internal_count=15122 12117 7809 4991 4308
is_linear=0
shrinkage=0.05


Tree=178
num_leaves=6
num_cat=0
split_feature=3 4 4 1 4
split_gain=25083 54559.3 89761.3 49901.4 49725.3
threshold=0.15177095500000001 7825.5000000000009 5250.5000000000009 46.500000000000007 1400.5000000000002
decision_type=2 10 10 2 10
left_child=-1 2 3 -2 -5
right_child=1 -3 -4 4 -6
leaf_value=0.10972096490860549 -0.27570265388245807 -0.24079325030091475 0.29240953709390993 0.16042085167767689 -0.16978684626354112
leaf_weight=3315 2142 2752 2185 2609 2025
leaf_count=3315 2142 2752 2185 2609 2025
internal_value=-0.0117021 -0.0460671 0.013735 -0.0761268 0.0161242
internal_weight=15028 11713 8961 6776 4634
internal_count=15028 11713 8961 6776 4634
is_linear=0
shrinkage=0.05


Tree=179
num_leaves=5
num_cat=0
split_feature=3 14 14 0
split_gain=38254.2 35552 53156.5 16723.1
threshold=0.16467678700000002 0.0087396615926057467 0.022346734223007137 0.39280758200000004
decision_type=2 2 2 2
left_child=-1 -2 -3 -4
right_child=1 2 3 -5
leaf_value=0.16187037477901112 0.11547017614624962 -0.22452081919516897 0.12764349748485324 -0.061252796762527331
leaf_weight=3561 3217 3611 2283 2407
leaf_count=3561 3217 3611 2283 2407
internal_value=0.018643 -0.0256383 -0.0803241 0.0306982
internal_weight=15079 11518 8301 4690
internal_count=15079 11518 8301 4690
is_linear=0
shrinkage=0.05


Tree=180
num_leaves=6
num_cat=0
split_feature=4 4 14 15 3
split_gain=35821.8 49175.2 45321.6 72761.9 10675.7
threshold=7709.5000000000009 5702.0000000000009 0.0083105465940936964 203.31429327690594 0.48731901500000002
decision_type=10 10 2 2 2
left_child=1 2 -1 4 -4
right_child=-2 -3 3 -5 -6
leaf_value=0.16185672094202641 -0.14716335623878907 0.24290927575315219 -0.04787537126494873 -0.31644547958657088 0.10808218508753716
leaf_weight=2491 3764 2203 2165 2291 2225
leaf_count=2491 3764 2203 2165 2291 2225
internal_value=-0.0134588 0.0307842 -0.0201656 -0.0880323 0.0311692
internal_weight=15139 11375 9172 6681 4390
internal_count=15139 11375 9172 6681 4390
is_linear=0
shrinkage=0.05


Tree=181
num_leaves=5
num_cat=0
split_feature=5 5 9 4
split_gain=37315.9 52267.5 40475.2 18511
threshold=11.500000000000002 6.5000000000000009 1.0000000180025095e-35 9500.5000000000018
decision_type=2 2 10 8
left_child=1 3 -3 -1
right_child=-2 2 -4 -5
leaf_value=0.030207126655861373 -0.117152514779295 0.2863338045232755 0.018377165225741923 -0.1561347346812465
leaf_weight=3729 3467 3414 2400 2074
leaf_count=3729 3467 3414 2400 2074
internal_value=0.0268032 0.0697657 0.175722 -0.0363917
internal_weight=15084 11617 5814 5803
internal_count=15084 11617 5814 5803
is_linear=0
shrinkage=0.05


Tree=182
num_leaves=5
num_cat=0
split_feature=3 14 15 3
split_gain=38331.5 46406.4 103693 16795.1
threshold=0.15177095500000001 0.0087396615926057467 292.99670487339705 0.48256165150000002
decision_type=2 2 2 2
left_child=-1 -2 3 -3
right_child=1 2 -4 -5
leaf_value=0.15563476348401917 0.12316816212483357 -0.075806124196186014 -0.40746585705939342 0.085472978539366251
leaf_weight=3309 3273 3438 2058 3043
leaf_count=3309 3273 3438 2058 3043
internal_value=0.0052267 -0.0369084 -0.0982658 -8.13426e-05
internal_weight=15121 11812 8539 6481
internal_count=15121 11812 8539 6481
is_linear=0
shrinkage=0.05


Tree=183
num_leaves=6
num_cat=0
split_feature=15 14 14 14 4
split_gain=53993.4 10207.1 24963.2 18182.5 10006.3
threshold=292.99670487339705 0.02112089312688822 0.0075602986304670718 0.010695651869624911 5975.5000000000009
decision_type=2 2 2 2 8
left_child=1 2 -1 -4 -3
right_child=-2 4 3 -5 -6
leaf_value=-0.06345250476578948 -0.20682070527142737 0.026774203807912678 0.23088079587239896 0.021803279567043539 -0.12363920367689961
leaf_weight=2812 3658 2304 2142 2021 2126
leaf_count=2812 3658 2304 2142 2021 2126
internal_value=-0.0396692 0.0139424 0.0516391 0.129381 -0.0454107
internal_weight=15063 11405 6975 4163 4430
internal_count=15063 11405 6975 4163 4430
is_linear=0
shrinkage=0.05


Tree=184
num_leaves=6
num_cat=0
split_feature=3 4 5 0 4
split_gain=22244.4 57565.9 30977.4 26196.8 45072.4
threshold=90.500000000000014 11303.500000000002 11.500000000000002 0.33320770050000009 5595.5000000000009
decision_type=2 8 2 2 10
left_child=1 2 3 4 -1
right_child=-2 -3 -4 -5 -6
leaf_value=-0.089295715223916272 0.1472955048482891 -0.25104113572474307 -0.12410157522023912 0.23411056374987177 0.19062160703741668
leaf_weight=3425 2603 2116 2358 2093 2479
leaf_count=3425 2603 2116 2358 2093 2479
internal_value=0.014348 -0.0134013 0.0351593 0.0821191 0.0282373
internal_weight=15074 12471 10355 7997 5904
internal_count=15074 12471 10355 7997 5904
is_linear=0
shrinkage=0.05


Tree=185
num_leaves=6
num_cat=0
split_feature=15 9 15 3 4
split_gain=134204 29079 25918 7860.2 7436.34
threshold=406.32708190406623 1.0000000180025095e-35 210.65212016402845 0.32670399850000004 5000.5000000000009
decision_type=2 10 2 2 8
left_child=1 2 4 -3 -1
right_child=-2 3 -4 -5 -6
leaf_value=0.085978235462122535 -0.4188078666814346 -0.15141715359039437 0.22019603415658243 -0.022691499926890582 -0.027869888453061927
leaf_weight=2362 2098 2331 2119 2414 3652
leaf_count=2362 2098 2331 2119 2414 3652
internal_value=-0.0479764 0.0124371 0.069826 -0.0859285 0.016844
internal_weight=14976 12878 8133 4745 6014
internal_count=14976 12878 8133 4745 6014
is_linear=0
shrinkage=0.05


Tree=186
num_leaves=6
num_cat=0
split_feature=1 15 4 3 15
split_gain=43197 69477.2 18793.7 24822.1 17267.8
threshold=65.500000000000014 344.85164313145083 6704.0000000000009 0.29686484450000006 113.11385608012237
decision_type=2 2 10 2 2
left_child=1 2 3 -1 -5
right_child=-2 -3 -4 4 -6
leaf_value=-0.13218577936339501 -0.18854750748454882 0.27247768466653893 -0.14434087984402855 -0.02387863900408883 0.17537689018850555
leaf_weight=2182 3360 2139 3083 2203 2147
leaf_count=2182 3360 2139 3083 2203 2147
internal_value=-0.0304481 0.0147462 -0.04259 0.00543481 0.0744666
internal_weight=15114 11754 9615 6532 4350
internal_count=15114 11754 9615 6532 4350
is_linear=0
shrinkage=0.05


Tree=187
num_leaves=6
num_cat=0
split_feature=14 0 4 0 14
split_gain=32065.5 31703.7 28200.1 54173.3 27172.9
threshold=0.022346734223007137 0.48991772250000004 4648.5000000000009 0.075152122500000015 0.0072279957136285973
decision_type=2 2 8 2 2
left_child=2 -2 -1 4 -4
right_child=1 -3 3 -5 -6
leaf_value=0.080459229720827335 0.18342960420923798 -0.061843912092558344 -0.12779327008469787 -0.30001670205033948 0.11696293666495955
leaf_weight=2495 3356 2169 2391 2539 2157
leaf_count=2495 3356 2169 2391 2539 2157
internal_value=-0.00879135 0.0871403 -0.0641057 -0.115 -0.0117117
internal_weight=15107 5525 9582 7087 4548
internal_count=15107 5525 9582 7087 4548
is_linear=0
shrinkage=0.05


Tree=188
num_leaves=6
num_cat=0
split_feature=7 15 15 3 3
split_gain=63296.3 60375.8 26018 14219.9 7044.07
threshold=1.5000000000000002 170.88216973423687 234.31954661142962 0.13546102150000003 0.41625052500000004
decision_type=2 2 2 2 2
left_child=2 -2 3 -1 -5
right_child=1 -3 -4 4 -6
leaf_value=0.098479886563851829 -0.0060559939338020348 -0.384306951541663 0.15238345597698938 -0.11781264755825781 -0.0031991969124183918
leaf_weight=2006 2158 2064 3379 2548 2829
leaf_count=2006 2158 2064 3379 2548 2829
internal_value=-0.0268994 -0.190971 0.0374668 -0.0151275 -0.0575111
internal_weight=14984 4222 10762 7383 5377
internal_count=14984 4222 10762 7383 5377
is_linear=0
shrinkage=0.05


Tree=189
num_leaves=6
num_cat=0
split_feature=5 3 15 4 3
split_gain=59407 79725.1 43249.1 20885.2 4972.94
threshold=8.5000000000000018 0.49736532100000003 172.12080103472871 7460.5000000000009 0.37350426750000004
decision_type=2 2 2 8 2
left_child=2 3 4 -2 -1
right_child=1 -3 -4 -5 -6
leaf_value=-0.057932501997143671 -0.088660084378222509 -0.33434699171964771 0.21430541492704763 0.13831983614422408 0.045315283787852906
leaf_weight=2683 2041 2514 3740 2013 2063
leaf_count=2683 2041 2514 3740 2013 2063
internal_value=-0.000233224 -0.113134 0.08715 0.024046 -0.0130526
internal_weight=15054 6568 8486 4054 4746
internal_count=15054 6568 8486 4054 4746
is_linear=0
shrinkage=0.05


Tree=190
num_leaves=6
num_cat=0
split_feature=15 3 15 3 15
split_gain=82995.9 28056 86150 9325.09 7363.46
threshold=406.32708190406623 0.18505833500000005 238.00601590583901 0.40201640600000005 107.77605053768961
decision_type=2 2 2 2 2
left_child=1 -1 3 -3 -5
right_child=-2 2 -4 4 -6
leaf_value=-0.094992040483050877 -0.30693107131995406 -0.078476745954425872 0.36226082575754792 -0.018151205223076776 0.10872011557498591
leaf_weight=3457 2174 2818 2007 2643 2016
leaf_count=3457 2174 2818 2007 2643 2016
internal_value=-0.0210744 0.0269476 0.0713956 -0.00667933 0.0367474
internal_weight=15115 12941 9484 7477 4659
internal_count=15115 12941 9484 7477 4659
is_linear=0
shrinkage=0.05


Tree=191
num_leaves=6
num_cat=0
split_feature=4 1 7 4 9
split_gain=53705.9 32850.4 61628.2 32618.8 27988.9
threshold=18068.000000000004 48.500000000000007 1.5000000000000002 5166.5000000000009 1.0000000180025095e-35
decision_type=8 2 2 10 10
left_child=1 4 3 -3 -1
right_child=-2 2 -4 -5 -6
leaf_value=0.27594010867948898 -0.18076278835584547 0.19895340016480398 -0.24920806362277506 -0.058440902287518949 0.030693364266718072
leaf_weight=2200 3462 2506 2133 2419 2469
leaf_count=2200 3462 2506 2133 2419 2469
internal_value=-0.00772287 0.0433613 -0.0247028 0.0725297 0.146252
internal_weight=15189 11727 7058 4925 4669
internal_count=15189 11727 7058 4925 4669
is_linear=0
shrinkage=0.05


Tree=192
num_leaves=5
num_cat=0
split_feature=0 0 4 5
split_gain=23786.4 48165.4 74176.6 40421.1
threshold=0.41780069400000003 0.13194229900000001 2400.5000000000005 9.5000000000000018
decision_type=2 2 10 2
left_child=1 2 -1 -4
right_child=-2 -3 3 -5
leaf_value=-0.18230902263189561 0.11904905901000065 -0.1963608558868527 0.022520176263716652 0.29674711161779849
leaf_weight=2952 2790 3602 3548 2163
leaf_count=2952 2790 3602 3548 2163
internal_value=-0.0127237 -0.0426989 0.0211924 0.126382
internal_weight=15055 12265 8663 5711
internal_count=15055 12265 8663 5711
is_linear=0
shrinkage=0.05


Tree=193
num_leaves=6
num_cat=0
split_feature=15 4 15 15 15
split_gain=52767.6 15401.3 30123.9 19467.6 3423.28
threshold=364.78600104921179 4750.5000000000009 166.70579075901585 152.05899079302017 69.173655250161389
decision_type=2 10 2 2 2
left_child=1 3 -3 4 -1
right_child=-2 2 -4 -5 -6
leaf_value=-0.00014491801341183676 0.2182715796835363 -0.0022602358471265653 -0.23616127473474716 0.13351011142147615 -0.091448850600914677
leaf_weight=2106 2563 3686 2197 2446 2003
leaf_count=2106 2563 3686 2197 2446 2003
internal_value=0.0116886 -0.0308803 -0.0896103 0.0218289 -0.0446525
internal_weight=15001 12438 5883 6555 4109
internal_count=15001 12438 5883 6555 4109
is_linear=0
shrinkage=0.05


Tree=194
num_leaves=6
num_cat=0
split_feature=0 0 3 0 15
split_gain=25300.4 50464.1 29020.3 52792.1 14960.1
threshold=0.0092919085000000012 0.032521304500000008 0.4431776790000001 0.15676759300000001 153.40460572220309
decision_type=2 2 2 2 2
left_child=-1 -2 3 -3 -4
right_child=1 2 4 -5 -6
leaf_value=0.12970291609447429 -0.25904863970805353 0.10128575435337156 0.017126732098620857 -0.19701839442121627 0.20473891180407722
leaf_weight=2639 2183 2659 2258 3354 2007
leaf_count=2639 2183 2659 2258 3354 2007
internal_value=-0.0109348 -0.0407191 0.00565307 -0.0651057 0.105412
internal_weight=15100 12461 10278 6013 4265
internal_count=15100 12461 10278 6013 4265
is_linear=0
shrinkage=0.05


Tree=195
num_leaves=6
num_cat=0
split_feature=0 15 3 14 3
split_gain=59355.9 39248.4 20283.8 37451.9 4998.53
threshold=0.48991772250000004 364.78600104921179 0.45915941750000006 0.010695651869624911 35.500000000000007
decision_type=2 2 2 2 2
left_child=1 2 3 -1 -4
right_child=-2 -3 4 -5 -6
leaf_value=0.050110763166841182 -0.24347843694860638 0.22887755628135303 0.13744033684917167 -0.19212752906209909 0.027591882458602276
leaf_weight=3555 2217 2201 2096 2895 2047
leaf_count=3555 2217 2201 2096 2895 2047
internal_value=-0.00463274 0.0367555 -0.0031634 -0.0586148 0.0831657
internal_weight=15011 12794 10593 6450 4143
internal_count=15011 12794 10593 6450 4143
is_linear=0
shrinkage=0.05


Tree=196
num_leaves=6
num_cat=0
split_feature=4 15 15 15 1
split_gain=25250.1 43255.4 29847.7 10442.7 4107.39
threshold=10866.500000000002 212.35251810277796 196.85581900776242 109.98499608561993 51.500000000000007
decision_type=8 2 2 2 2
left_child=1 3 -2 4 -1
right_child=2 -3 -4 -5 -6
leaf_value=-0.024770745255982985 0.023438417700522993 0.18954583581873785 -0.23103065978120974 -0.10240617614116815 0.074488923570558849
leaf_weight=2021 2697 3772 2012 2525 2152
leaf_count=2021 2697 3772 2012 2525 2152
internal_value=0.0108709 0.0541194 -0.0852878 -0.0221465 0.0264171
internal_weight=15179 10470 4709 6698 4173
internal_count=15179 10470 4709 6698 4173
is_linear=0
shrinkage=0.05


Tree=197
num_leaves=6
num_cat=0
split_feature=15 15 4 15 3
split_gain=61370.3 15613.8 14240.3 17823.9 5300.37
threshold=417.44147230914609 275.29238425461165 2706.5000000000005 128.54211943626822 0.26222285350000002
decision_type=2 2 10 2 2
left_child=1 2 -1 4 -4
right_child=-2 -3 3 -5 -6
leaf_value=-0.06066349973569677 0.2886753366535838 -0.13442721640863028 0.0490383312728256 0.14877178321787507 -0.064099557195006346
leaf_weight=3842 2042 2005 2000 3114 2146
leaf_count=3842 2042 2005 2000 3114 2146
internal_value=0.0337101 -0.00601216 0.0171794 0.0583739 -0.00952267
internal_weight=15149 13107 11102 7260 4146
internal_count=15149 13107 11102 7260 4146
is_linear=0
shrinkage=0.05


Tree=198
num_leaves=6
num_cat=0
split_feature=4 3 15 15 4
split_gain=26656.2 59214.9 56666.4 21582.7 13219.6
threshold=7401.5000000000009 0.25769870550000007 292.99670487339705 152.05899079302017 6362.5000000000009
decision_type=10 2 2 2 8
left_child=2 -2 3 4 -1
right_child=1 -3 -4 -5 -6
leaf_value=0.02369990332237747 0.30319631535409486 -0.079179081396158715 -0.25165824742728171 0.13590884978088838 -0.13431150374250836
leaf_weight=3700 2031 2019 2411 2824 2061
leaf_count=3700 2031 2019 2411 2824 2061
internal_value=0.00291515 0.112575 -0.0374743 0.0226768 -0.0328287
internal_weight=15046 4050 10996 8585 5761
internal_count=15046 4050 10996 8585 5761
is_linear=0
shrinkage=0.05


Tree=199
num_leaves=5
num_cat=0
split_feature=9 15 15 0
split_gain=45443.2 57680.4 11248.9 15481
threshold=1.5000000000000002 280.74400872638574 30.481588960553967 0.071272063500000024
decision_type=10 2 2 2
left_child=1 2 -1 -4
right_child=-2 -3 3 -5
leaf_value=0.14515229679845584 0.19291731360598824 -0.21015938947211762 -0.067323338088184373 0.082625670156122211
leaf_weight=2016 3056 3066 3300 3598
leaf_count=2016 3056 3066 3300 3598
internal_value=0.0208136 -0.0230886 0.041255 0.0108901
internal_weight=15036 11980 8914 6898
internal_count=15036 11980 8914 6898
is_linear=0
shrinkage=0.05


Tree=200
num_leaves=6
num_cat=0
split_feature=0 7 14 0 14
split_gain=21234.4 40079.5 61064 26944.9 23733.8
threshold=0.08778101150000002 1.0000000180025095e-35 0.0086638047098293435 0.48991772250000004 0.015529734670191059
decision_type=2 2 2 2 2
left_child=1 -1 -3 4 -2
right_child=3 2 -4 -5 -6
leaf_value=-0.18461009374794615 0.014432661054773893 0.23347888501381378 -0.12450379117919799 -0.059499724861715869 0.23106399269392541
leaf_weight=2785 2078 2378 2387 2273 3229
leaf_count=2785 2078 2378 2387 2273 3229
internal_value=0.0254287 -0.0339228 0.0541495 0.0845454 0.14624
internal_weight=15130 7550 4765 7580 5307
internal_count=15130 7550 4765 7580 5307
is_linear=0
shrinkage=0.05


Tree=201
num_leaves=6
num_cat=0
split_feature=3 15 14 1 1
split_gain=49662.8 78658.5 53177 7100.09 8374.03
threshold=0.21028210100000003 270.52016759708471 0.0097548961989040589 59.500000000000007 48.500000000000007
decision_type=2 2 2 2 2
left_child=2 3 -1 4 -2
right_child=1 -3 -4 -5 -6
leaf_value=-0.30523413178138514 -3.597611262795956e-05 0.28328282215627409 0.035217474058751273 0.043016032873044827 -0.13108356184785599
leaf_weight=2283 2817 2928 2305 2783 2149
leaf_count=2283 2817 2928 2305 2783 2149
internal_value=0.00338635 0.062505 -0.134192 -0.0209171 -0.0567459
internal_weight=15265 10677 4588 7749 4966
internal_count=15265 10677 4588 7749 4966
is_linear=0
shrinkage=0.05


Tree=202
num_leaves=6
num_cat=0
split_feature=0 15 15 4 0
split_gain=55309.6 126010 90963.8 11180 8177.64
threshold=0.12462733150000001 238.00601590583901 228.67146618528182 5250.5000000000009 0.34372811950000004
decision_type=2 2 2 10 2
left_child=1 3 4 -1 -2
right_child=2 -3 -4 -5 -6
leaf_value=0.033470967541304686 0.12173987982266542 0.39254006585924356 -0.34282453949826786 -0.10957953838654236 -0.015251901482659974
leaf_weight=3568 2077 2698 2226 2213 2291
leaf_count=3568 2077 2698 2226 2213 2291
internal_value=0.025926 0.11039 -0.0826836 -0.0212896 0.0498882
internal_weight=15073 8479 6594 5781 4368
internal_count=15073 8479 6594 5781 4368
is_linear=0
shrinkage=0.05


Tree=203
num_leaves=6
num_cat=0
split_feature=3 3 15 15 15
split_gain=43689.8 72232.4 70488.6 43734.4 11221.6
threshold=0.21028210100000003 0.34840434350000005 170.88216973423687 253.29909621575908 123.75584890388666
decision_type=2 2 2 2 2
left_child=2 -2 -1 4 -3
right_child=1 3 -4 -5 -6
leaf_value=0.031309846000318491 0.24837040876181238 -0.024992471426923363 -0.3652197702563954 -0.23270515343557774 0.12232148692041862
leaf_weight=2471 2927 3340 2051 2186 2109
leaf_count=2471 2927 3340 2051 2186 2109
internal_value=-0.0184905 0.0371888 -0.14854 -0.0437711 0.0320244
internal_weight=15084 10562 4522 7635 5449
internal_count=15084 10562 4522 7635 5449
is_linear=0
shrinkage=0.05


Tree=204
num_leaves=7
num_cat=0
split_feature=15 0 9 0 3 14
split_gain=58211.8 41990 12698.8 7446.55 3893.41 3404.73
threshold=275.29238425461165 0.093008986500000015 1.0000000180025095e-35 0.13194229900000001 0.33304279750000004 0.0080045998427901843
decision_type=2 2 10 2 2 2
left_child=2 -2 3 5 -4 -1
right_child=1 -3 4 -5 -6 -7
leaf_value=-0.0098587116602545447 -0.34823618339973206 -0.024399431505116354 0.014565157762799577 0.14099308966141308 -0.082956535325912906 0.079530876820115975
leaf_weight=2098 2001 2003 2061 2756 2033 2164
leaf_count=2098 2001 2003 2061 2756 2033 2164
internal_value=-0.0227789 -0.186237 0.0361201 0.0769447 -0.0338622 0.0355282
internal_weight=15116 4004 11112 7018 4094 4262
internal_count=15116 4004 11112 7018 4094 4262
is_linear=0
shrinkage=0.05


Tree=205
num_leaves=6
num_cat=0
split_feature=5 5 15 15 0
split_gain=31547.5 40806.7 136609 64982.9 6964.29
threshold=12.500000000000002 6.5000000000000009 238.00601590583901 217.48024307599241 0.08778101150000002
decision_type=2 2 2 2 2
left_child=1 3 4 -1 -3
right_child=-2 2 -4 -5 -6
leaf_value=0.024883684678012195 -0.18683954761857807 -0.13768952604461557 0.41367042692742673 -0.32652620552070588 -0.011559928152786123
leaf_weight=3815 2770 2170 2136 2008 2208
leaf_count=3815 2770 2170 2136 2008 2208
internal_value=-0.0343542 -0.00011704 0.0858596 -0.0962963 -0.0740773
internal_weight=15107 12337 6514 5823 4378
internal_count=15107 12337 6514 5823 4378
is_linear=0
shrinkage=0.05


Tree=206
num_leaves=6
num_cat=0
split_feature=14 15 15 5 14
split_gain=31736.9 143978 62316.8 15364.7 10810.5
threshold=0.014751980416822496 280.74400872638574 259.790608984122 6.5000000000000009 0.036326522196333956
decision_type=2 2 2 2 2
left_child=1 3 4 -1 -2
right_child=2 -3 -4 -5 -6
leaf_value=0.14557881175708987 0.046833526376669862 -0.42595931606806225 0.31113621867377605 -0.016307365770794169 -0.099675190120596488
leaf_weight=2657 2872 2095 2011 3269 2242
leaf_count=2657 2872 2095 2011 3269 2242
internal_value=-0.0014632 -0.0696784 0.0753304 0.0562764 -0.0173965
internal_weight=15146 8021 7125 5926 5114
internal_count=15146 8021 7125 5926 5114
is_linear=0
shrinkage=0.05


Tree=207
num_leaves=5
num_cat=0
split_feature=4 3 5 1
split_gain=42038.8 28973 36944.2 64864
threshold=18068.000000000004 0.51107385400000005 10.500000000000002 49.500000000000007
decision_type=8 2 2 2
left_child=1 2 3 -1
right_child=-2 -3 -4 -5
leaf_value=0.19798139492733188 -0.14924139133291658 -0.1096252227684219 0.2527849059932411 -0.11249189239351061
leaf_weight=3080 3438 2286 2514 3707
leaf_count=3080 3438 2286 2514 3707
internal_value=0.00429826 0.0498553 0.0890524 0.0284036
internal_weight=15025 11587 9301 6787
internal_count=15025 11587 9301 6787
is_linear=0
shrinkage=0.05


Tree=208
num_leaves=7
num_cat=0
split_feature=14 15 3 15 4 4
split_gain=29807.5 79173.4 49701 72866.6 18248 11379.4
threshold=0.0086638047098293435 182.45873487847169 0.16467678700000002 290.5828412124805 6000.5000000000009 2600.5000000000005
decision_type=2 2 2 2 10 10
left_child=1 -1 -2 4 5 -4
right_child=2 -3 3 -5 -6 -7
leaf_value=-0.061902257140456544 0.19081135858917067 0.352245311467627 -0.027155292273296147 -0.34615920251281018 -0.12277255871927438 0.13616628963507704
leaf_weight=2642 2008 2049 2079 2040 2122 2190
leaf_count=2642 2008 2049 2079 2040 2122 2190
internal_value=0.0143037 0.118995 -0.0327417 -0.085985 -0.00293773 0.0566288
internal_weight=15130 4691 10439 8431 6391 4269
internal_count=15130 4691 10439 8431 6391 4269
is_linear=0
shrinkage=0.05


Tree=209
num_leaves=5
num_cat=0
split_feature=15 4 7 4
split_gain=33434.7 19716.6 42558.6 17685.7
threshold=386.46987576087622 13176.500000000002 1.0000000180025095e-35 6200.5000000000009
decision_type=2 8 2 10
left_child=1 2 -1 -4
right_child=-2 -3 3 -5
leaf_value=-0.19882688624105918 -0.22752214201454671 0.085120760467549503 0.10247863061892742 -0.067653785550594911
leaf_weight=3401 2303 3281 3219 2907
leaf_count=3401 2303 3281 3219 2907
internal_value=-0.0521278 -0.0205902 -0.056996 0.0217449
internal_weight=15111 12808 9527 6126
internal_count=15111 12808 9527 6126
is_linear=0
shrinkage=0.05


Tree=210
num_leaves=6
num_cat=0
split_feature=15 5 15 15 0
split_gain=24340.6 18236.1 37847.1 19244.2 4519.95
threshold=381.8140495415966 8.5000000000000018 153.40460572220309 154.65266001324022 0.076619221000000015
decision_type=2 2 2 2 2
left_child=1 2 4 -3 -1
right_child=-2 3 -4 -5 -6
leaf_value=-0.091519761546300885 -0.17319735103008349 0.010144358079641426 0.19451573717384202 -0.18067890534774844 0.010788456632229354
leaf_weight=2132 2368 3257 2871 2223 2187
leaf_count=2132 2368 3257 2871 2223 2187
internal_value=-0.0260548 0.00144593 0.0538149 -0.0672644 -0.0397142
internal_weight=15038 12670 7190 5480 4319
internal_count=15038 12670 7190 5480 4319
is_linear=0
shrinkage=0.05


Tree=211
num_leaves=6
num_cat=0
split_feature=9 15 9 4 4
split_gain=50596 174747 11462.5 12421.6 12421.1
threshold=1.5000000000000002 364.78600104921179 1.0000000180025095e-35 14999.500000000002 4583.5000000000009
decision_type=10 2 10 8 10
left_child=1 2 3 4 -1
right_child=-2 -3 -4 -5 -6
leaf_value=0.08763236557004489 0.16494623800730501 -0.48556549389273079 -0.078665522680861702 0.14615607222516969 -0.06305693201599509
leaf_weight=2635 3055 2033 2181 2384 2843
leaf_count=2635 3055 2033 2181 2384 2843
internal_value=-0.0168354 -0.0628228 0.0227529 0.0508874 0.00942688
internal_weight=15131 12076 10043 7862 5478
internal_count=15131 12076 10043 7862 5478
is_linear=0
shrinkage=0.05


Tree=212
num_leaves=6
num_cat=0
split_feature=15 9 1 3 3
split_gain=31908.7 28343.4 12856.2 12445 9749.91
threshold=360.89752852725434 1.0000000180025095e-35 49.500000000000007 1.1328179045000002 0.16467678700000002
decision_type=2 10 2 2 2
left_child=1 3 -3 4 -1
right_child=-2 2 -4 -5 -6
leaf_value=0.080479671026218377 0.1708364479515774 -0.20246913051826598 -0.035234017004889942 0.1303556849104959 -0.056947752199135726
leaf_weight=2071 2635 2313 2284 2449 3425
leaf_count=2071 2635 2313 2284 2449 3425
internal_value=0.0126663 -0.0205643 -0.119379 0.0366102 -0.00516242
internal_weight=15177 12542 4597 7945 5496
internal_count=15177 12542 4597 7945 5496
is_linear=0
shrinkage=0.05


Tree=213
num_leaves=6
num_cat=0
split_feature=9 5 14 14 0
split_gain=29010.9 37415.3 47494 36142.7 10818.4
threshold=1.5000000000000002 9.5000000000000018 0.006946312513977016 0.012353410193981972 0.096554324000000011
decision_type=10 2 2 2 2
left_child=1 2 -1 -4 -3
right_child=-2 4 3 -5 -6
leaf_value=0.073803468393142307 0.13641103504000143 0.16725044793985047 -0.35413446415376609 -0.084706349119330462 0.0059244531369593029
leaf_weight=2614 3028 2031 2003 3288 2128
leaf_count=2614 3028 2031 2003 3288 2128
internal_value=-0.00195985 -0.0366902 -0.10056 -0.186703 0.0847062
internal_weight=15092 12064 7905 5291 4159
internal_count=15092 12064 7905 5291 4159
is_linear=0
shrinkage=0.05


Tree=214
num_leaves=6
num_cat=0
split_feature=1 14 15 0 15
split_gain=31527.9 58707.3 43264.1 17293.6 16188.4
threshold=39.500000000000007 0.033964007344617006 307.46881441459146 0.066048082500000008 115.35549764336722
decision_type=2 2 2 2 2
left_child=-1 2 3 4 -2
right_child=1 -3 -4 -5 -6
leaf_value=-0.14689502671049956 0.01536170603464259 0.25949025619161653 -0.20780751762640534 -0.041483242462306391 0.20964799558673294
leaf_weight=2707 2206 2471 2212 3375 2086
leaf_count=2707 2206 2471 2212 3375 2086
internal_value=0.00764382 0.0415172 -0.0130036 0.0431991 0.109789
internal_weight=15057 12350 9879 7667 4292
internal_count=15057 12350 9879 7667 4292
is_linear=0
shrinkage=0.05


Tree=215
num_leaves=6
num_cat=0
split_feature=4 15 15 15 4
split_gain=45320.5 126350 29558 20187.3 13538.7
threshold=4301.0000000000009 360.89752852725434 121.23792573959268 209.07858549295159 7875.5000000000009
decision_type=8 2 2 2 8
left_child=2 3 -1 4 -2
right_child=1 -3 -4 -5 -6
leaf_value=-0.0076586910016459425 -0.073170786513804875 0.3999951348842104 -0.27898701506799223 -0.15642969091776726 0.073073764025179566
leaf_weight=2010 2622 2120 2005 2316 3992
leaf_count=2010 2622 2120 2005 2316 3992
internal_value=0.000716379 0.0529914 -0.143154 -0.029388 0.0150978
internal_weight=15065 11050 4015 8930 6614
internal_count=15065 11050 4015 8930 6614
is_linear=0
shrinkage=0.05


Tree=216
num_leaves=6
num_cat=0
split_feature=7 15 1 14 5
split_gain=46208.5 83976.4 28286.6 11406.5 8457.18
threshold=1.5000000000000002 336.93442598602138 52.500000000000007 0.015110870123569533 6.5000000000000009
decision_type=2 2 2 2 2
left_child=1 3 -2 4 -1
right_child=2 -3 -4 -5 -6
leaf_value=0.10443019615386505 -0.0011687458088170133 0.35174978548987279 -0.25891222770529621 -0.074049490134596635 -0.023064120588504003
leaf_weight=2614 2052 2003 2212 3678 2589
leaf_count=2614 2052 2003 2212 3678 2589
internal_value=0.00464459 0.0593043 -0.134876 -0.00665314 0.0409893
internal_weight=15148 10884 4264 8881 5203
internal_count=15148 10884 4264 8881 5203
is_linear=0
shrinkage=0.05


Tree=217
num_leaves=6
num_cat=0
split_feature=14 3 15 15 15
split_gain=25814.6 53425.7 114469 41198.6 17394.2
threshold=0.016136529671151742 0.21028210100000003 215.44874393448904 207.17682822642638 91.148599345020841
decision_type=2 2 2 2 2
left_child=1 -1 -3 4 -2
right_child=3 2 -4 -5 -6
leaf_value=-0.084340060385213536 -0.057893730206303257 -0.0028207811542855475 0.47292513048152379 -0.21902315340632397 0.14702157199803054
leaf_weight=3166 2124 3397 2014 2379 2021
leaf_count=3166 2124 3397 2014 2379 2021
internal_value=0.0217851 0.0788001 0.174254 -0.0531716 0.0420179
internal_weight=15101 8577 5411 6524 4145
internal_count=15101 8577 5411 6524 4145
is_linear=0
shrinkage=0.05


Tree=218
num_leaves=6
num_cat=0
split_feature=1 15 1 14 14
split_gain=27689.2 86655.6 22568.2 8559.86 9959.15
threshold=38.500000000000007 352.7886509892183 66.500000000000014 0.011885556907931303 0.03070752170261323
decision_type=2 2 2 2 2
left_child=-1 2 3 -2 -5
right_child=1 -3 -4 4 -6
leaf_value=-0.1211171614789462 0.016428633148223674 0.33992986569867828 0.13156768525363993 -0.16590361772636195 -0.010859334274661923
leaf_weight=2372 3645 2338 2564 2078 2065
leaf_count=2372 3645 2338 2564 2078 2065
internal_value=0.0356869 0.0649965 0.00290279 -0.0394568 -0.0886247
internal_weight=15062 12690 10352 7788 4143
internal_count=15062 12690 10352 7788 4143
is_linear=0
shrinkage=0.05


Tree=219
num_leaves=5
num_cat=0
split_feature=3 3 4 0
split_gain=44611 35596.4 51547.9 36802.2
threshold=0.15551165700000005 0.30700602800000004 5497.5000000000009 0.058972209000000005
decision_type=2 2 10 2
left_child=-1 -2 3 -3
right_child=1 2 -4 -5
leaf_value=0.17693753302607784 -0.17049655324256019 -0.20183482416149834 0.21115969780676652 0.050896253969571086
leaf_weight=3430 3192 2502 2593 3395
leaf_count=3430 3192 2502 2593 3395
internal_value=0.0183966 -0.0281532 0.0253639 -0.0563334
internal_weight=15112 11682 8490 5897
internal_count=15112 11682 8490 5897
is_linear=0
shrinkage=0.05


Tree=220
num_leaves=6
num_cat=0
split_feature=1 15 14 14 9
split_gain=41140.2 112694 15691.4 24727.3 15962.9
threshold=68.500000000000014 360.89752852725434 0.0083105465940936964 0.011232086651081066 1.0000000180025095e-35
decision_type=2 2 2 2 10
left_child=1 2 -1 -4 -5
right_child=-2 -3 3 4 -6
leaf_value=-0.17111873538563482 -0.1971498342508908 0.34839139056200324 0.13503069535453147 0.0074963780338073646 -0.15278809209743505
leaf_weight=2017 2552 2196 2051 3436 2835
leaf_count=2017 2552 2196 2051 3436 2835
internal_value=-0.0141615 0.0230931 -0.0460001 -0.0156752 -0.0649652
internal_weight=15087 12535 10339 8322 6271
internal_count=15087 12535 10339 8322 6271
is_linear=0
shrinkage=0.05


Tree=221
num_leaves=5
num_cat=0
split_feature=3 3 4 3
split_gain=49324.7 52350.7 56395.6 64428.9
threshold=0.13194836950000002 0.31818853400000008 5338.0000000000009 0.9439104745000001
decision_type=2 2 10 2
left_child=-1 -2 3 -3
right_child=1 2 -4 -5
leaf_value=0.19134414253512103 -0.18678065454780715 -0.27475242159300223 0.23106800923884296 0.074933518437730426
leaf_weight=3004 3868 2062 2560 3647
leaf_count=3004 3868 2062 2560 3647
internal_value=0.00994699 -0.0349502 0.0360717 -0.0513675
internal_weight=15141 12137 8269 5709
internal_count=15141 12137 8269 5709
is_linear=0
shrinkage=0.05


Tree=222
num_leaves=6
num_cat=0
split_feature=15 3 15 5 4
split_gain=61208.4 22266.5 30085.1 13790.7 13677.4
threshold=417.44147230914609 0.47713152500000006 203.31429327690594 7.5000000000000009 7302.0000000000009
decision_type=2 2 2 2 8
left_child=1 2 4 -3 -1
right_child=-2 3 -4 -5 -6
leaf_value=-0.048770268060144284 0.2950439920247222 0.17600143972205123 -0.20061337088482017 0.0082652231149923355 0.11205501878347364
leaf_weight=3583 2017 2195 2399 2774 2095
leaf_count=3583 2017 2195 2399 2774 2095
internal_value=0.0387104 -0.000920527 -0.0521555 0.0823608 0.0105691
internal_weight=15063 13046 8077 4969 5678
internal_count=15063 13046 8077 4969 5678
is_linear=0
shrinkage=0.05


Tree=223
num_leaves=6
num_cat=0
split_feature=15 7 15 15 4
split_gain=30148.1 22723.1 43899.5 18297.1 10468.2
threshold=381.8140495415966 1.0000000180025095e-35 173.65269391691155 117.81813322133476 5918.5000000000009
decision_type=2 2 2 2 8
left_child=1 3 4 -1 -3
right_child=-2 2 -4 -5 -6
leaf_value=0.035204963102228606 -0.16796185498651001 0.080147660385158748 0.23145477239716397 -0.16536042932671102 -0.064598078229665151
leaf_weight=2316 2364 2011 2926 2234 3297
leaf_count=2316 2364 2011 2926 2234 3297
internal_value=-0.00392848 0.0264044 0.0759575 -0.0632704 -0.0097594
internal_weight=15148 12784 8234 4550 5308
internal_count=15148 12784 8234 4550 5308
is_linear=0
shrinkage=0.05


Tree=224
num_leaves=6
num_cat=0
split_feature=1 15 3 5 15
split_gain=36616.5 88009.3 9815.08 10934 28466.8
threshold=68.500000000000014 348.91690311337732 0.18807142000000002 11.500000000000002 161.99834289389551
decision_type=2 2 2 2 2
left_child=1 2 -1 4 -4
right_child=-2 -3 3 -5 -6
leaf_value=-0.10299609038081595 -0.15871091563593809 0.32719783884417736 -0.036578632311823851 -0.086425546995789027 0.19834770414780645
leaf_weight=2458 2611 2290 3575 2067 2017
leaf_count=2458 2611 2290 3575 2067 2017
internal_value=0.0114783 0.0472939 -0.0160628 0.0118367 0.0481579
internal_weight=15018 12407 10117 7659 5592
internal_count=15018 12407 10117 7659 5592
is_linear=0
shrinkage=0.05


Tree=225
num_leaves=6
num_cat=0
split_feature=7 15 4 1 1
split_gain=27596 67226.1 56074.1 26816.8 23095.4
threshold=1.5000000000000002 329.55863307744818 8500.5000000000018 60.500000000000007 42.500000000000007
decision_type=2 2 8 2 2
left_child=1 3 -2 4 -1
right_child=2 -3 -4 -5 -6
leaf_value=0.030652711399155014 0.071933875946677411 0.29317923694910769 -0.29224942086739797 0.086199557619579023 -0.17985893785877638
leaf_weight=2202 2058 2051 2173 3351 3191
leaf_count=2202 2058 2051 2173 3351 3191
internal_value=-0.00687377 0.0355473 -0.115107 -0.0248831 -0.0939055
internal_weight=15026 10795 4231 8744 5393
internal_count=15026 10795 4231 8744 5393
is_linear=0
shrinkage=0.05


Tree=226
num_leaves=5
num_cat=0
split_feature=4 15 3 1
split_gain=44678.8 40222.8 8969.28 15364.8
threshold=18068.000000000004 244.46003436887807 0.4681771165000001 48.500000000000007
decision_type=8 2 2 2
left_child=1 2 3 -1
right_child=-2 -3 -4 -5
leaf_value=0.075963616996049046 -0.13510715514113969 0.20889567288337077 0.099603493619442138 -0.08635822611900161
leaf_weight=2410 3449 3594 2008 3690
leaf_count=2410 3449 3594 2008 3690
internal_value=0.023048 0.0696621 0.00794453 -0.0222278
internal_weight=15151 11702 8108 6100
internal_count=15151 11702 8108 6100
is_linear=0
shrinkage=0.05


Tree=227
num_leaves=6
num_cat=0
split_feature=3 1 14 0 1
split_gain=29443.9 51350.1 48149.5 63239.1 30493
threshold=0.39390283550000005 46.500000000000007 0.014751980416822496 0.046868859500000006 62.500000000000007
decision_type=2 2 2 2 2
left_child=2 -2 3 -1 -3
right_child=1 4 -4 -5 -6
leaf_value=0.11272633808859907 -0.28718312779739391 0.11950576224563068 0.2135126848286345 -0.24880980303010244 -0.13557848011295137
leaf_weight=2967 2057 2765 3205 2042 2033
leaf_count=2967 2057 2765 3205 2042 2033
internal_value=-0.00167468 -0.0781814 0.062174 -0.0346597 0.0114219
internal_weight=15069 6855 8214 5009 4798
internal_count=15069 6855 8214 5009 4798
is_linear=0
shrinkage=0.05


Tree=228
num_leaves=5
num_cat=0
split_feature=3 15 3 1
split_gain=66446.7 50570.7 15945.6 19253.7
threshold=0.13194836950000002 368.53040403105382 0.76186255900000011 54.500000000000007
decision_type=2 2 2 2
left_child=-1 2 3 -2
right_child=1 -3 -4 -5
leaf_value=0.22554628475727245 -0.10971731573123347 -0.26421111965449512 0.097433678297163651 0.062402160359969309
leaf_weight=3011 3790 2036 3385 2844
leaf_count=3011 3790 2036 3385 2844
internal_value=0.0154415 -0.0370367 0.00912827 -0.0359296
internal_weight=15066 12055 10019 6634
internal_count=15066 12055 10019 6634
is_linear=0
shrinkage=0.05


Tree=229
num_leaves=6
num_cat=0
split_feature=15 15 3 15 14
split_gain=36159.3 15229.9 34710.4 40005.1 8349.81
threshold=386.46987576087622 1.0000000180025095e-35 0.19303085200000003 230.76578143736614 0.017479848937848225
decision_type=2 2 2 2 2
left_child=1 -1 -3 4 -4
right_child=-2 2 3 -5 -6
leaf_value=0.1419359419690098 -0.19155488017857206 -0.14886070158565096 -0.071512693567801849 0.24623309112435618 0.049916268609285878
leaf_weight=2254 2295 2892 2963 2007 2711
leaf_count=2254 2295 2892 2963 2007 2711
internal_value=-0.00876731 0.0239369 -0.00121862 0.0543706 -0.0134947
internal_weight=15122 12827 10573 7681 5674
internal_count=15122 12827 10573 7681 5674
is_linear=0
shrinkage=0.05


Tree=230
num_leaves=6
num_cat=0
split_feature=4 4 1 3 4
split_gain=32504.4 47278.8 30151 26990.5 21946.5
threshold=12681.500000000002 7709.5000000000009 58.500000000000007 0.23059004150000004 4161.5000000000009
decision_type=8 10 2 2 10
left_child=1 3 -2 -1 -5
right_child=2 -3 -4 4 -6
leaf_value=-0.092764916883564627 0.26114490744319069 -0.21478997829313251 -0.010920332707686879 -0.020063319118235601 0.18799434158636918
leaf_weight=3164 2062 2829 2012 2331 2778
leaf_count=3164 2062 2829 2012 2331 2778
internal_value=0.00598581 -0.0383416 0.126782 0.0219959 0.0930673
internal_weight=15176 11102 4074 8273 5109
internal_count=15176 11102 4074 8273 5109
is_linear=0
shrinkage=0.05


Tree=231
num_leaves=6
num_cat=0
split_feature=15 14 0 14 15
split_gain=39484.8 18363.9 36054.4 31839.3 14130.2
threshold=406.32708190406623 0.019169879419243707 0.43209221150000005 0.0082263199175676323 127.40538805768641
decision_type=2 2 2 2 2
left_child=1 3 -3 -1 -5
right_child=-2 2 -4 4 -6
leaf_value=-0.042608882181370517 -0.21220639124126631 -0.16135852989565203 0.10065204629881289 0.072455870534120767 0.25535375699905294
leaf_weight=3459 2123 3105 2275 2158 2068
leaf_count=3459 2123 3105 2275 2158 2068
internal_value=-0.0122137 0.0202841 -0.0505641 0.0698825 0.161957
internal_weight=15188 13065 5380 7685 4226
internal_count=15188 13065 5380 7685 4226
is_linear=0
shrinkage=0.05


Tree=232
num_leaves=6
num_cat=0
split_feature=14 15 4 4 3
split_gain=45857.5 51318.8 14205.2 33952 17299.3
threshold=0.041844949239197383 360.89752852725434 4750.5000000000009 7254.5000000000009 19.250000000000004
decision_type=2 2 8 8 2
left_child=1 2 -1 -4 -5
right_child=-2 -3 3 4 -6
leaf_value=0.1048836188773925 -0.17837147635214073 0.282774173174072 -0.18760969941876482 0.12111314608600959 -0.065315724646290221
leaf_weight=3259 2313 2209 2152 3188 2041
leaf_count=3259 2313 2209 2152 3188 2041
internal_value=0.0265766 0.0634701 0.0179398 -0.0204494 0.0483456
internal_weight=15162 12849 10640 7381 5229
internal_count=15162 12849 10640 7381 5229
is_linear=0
shrinkage=0.05


Tree=233
num_leaves=6
num_cat=0
split_feature=3 15 15 1 4
split_gain=37604.1 67372.4 62369.3 13376.9 3601.8
threshold=0.39390283550000005 230.76578143736614 296.22966935742687 56.500000000000007 6500.5000000000009
decision_type=2 2 2 2 8
left_child=2 4 3 -1 -2
right_child=1 -3 -4 -5 -6
leaf_value=-0.073053508734973502 0.069821321629144173 -0.31713751590460404 0.31193631222623369 0.074528755758892729 -0.018671556893243256
leaf_weight=3459 2010 2180 2025 2761 2687
leaf_count=3459 2010 2180 2025 2761 2687
internal_value=-0.00108693 -0.0874203 0.0709221 -0.00754312 0.0191974
internal_weight=15122 6877 8245 6220 4697
internal_count=15122 6877 8245 6220 4697
is_linear=0
shrinkage=0.05


Tree=234
num_leaves=6
num_cat=0
split_feature=1 0 3 1 14
split_gain=41337 51831.7 40342.6 16898.9 56773.2
threshold=54.500000000000007 0.10364032250000001 0.30700602800000004 38.500000000000007 0.021446501348364729
decision_type=2 2 2 2 2
left_child=3 2 -2 -1 -5
right_child=1 -3 -4 4 -6
leaf_value=-0.02885384157447194 -0.12726150815007362 -0.24759578874691265 0.17303970292605572 -0.027678450383799482 0.30493574824947173
leaf_weight=2444 2260 2988 2214 2692 2451
leaf_count=2444 2260 2988 2214 2692 2451
internal_value=-0.00278749 -0.0863465 0.0213453 0.0793948 0.130836
internal_weight=15049 7462 4474 7587 5143
internal_count=15049 7462 4474 7587 5143
is_linear=0
shrinkage=0.05


Tree=235
num_leaves=6
num_cat=0
split_feature=1 0 4 5 0
split_gain=79422.1 30629.8 22850.7 20256.4 30292.2
threshold=54.500000000000007 0.28063097650000007 4951.0000000000009 7.5000000000000009 0.068909522000000015
decision_type=2 2 10 2 2
left_child=1 2 -1 -2 -5
right_child=3 -3 -4 4 -6
leaf_value=0.13958076192052463 -0.033983405028628948 0.24923452100232121 -0.071185236084264122 -0.061486964966406502 -0.32984300260432065
leaf_weight=2566 3331 2434 2578 2052 2157
leaf_count=2566 3331 2434 2578 2052 2157
internal_value=-0.0112155 0.103099 0.0339519 -0.126106 -0.199012
internal_weight=15118 7578 5144 7540 4209
internal_count=15118 7578 5144 7540 4209
is_linear=0
shrinkage=0.05


Tree=236
num_leaves=5
num_cat=0
split_feature=4 15 15 1
split_gain=33037.2 85297.1 23960.5 9811.36
threshold=7502.0000000000009 307.46881441459146 156.92697154722825 60.500000000000007
decision_type=10 2 2 2
left_child=1 2 3 -1
right_child=-2 -3 -4 -5
leaf_value=-0.099298379614056284 0.10589856446375151 -0.33637302546759473 0.12399293166412775 0.033433131239774407
leaf_weight=3798 3895 2276 2921 2198
leaf_count=3798 3895 2276 2921 2198
internal_value=-0.0195239 -0.063169 0.00656433 -0.050642
internal_weight=15088 11193 8917 5996
internal_count=15088 11193 8917 5996
is_linear=0
shrinkage=0.05


Tree=237
num_leaves=6
num_cat=0
split_feature=0 15 0 3 0
split_gain=21427.2 57917.8 29907.4 35651.6 11445.5
threshold=0.10185473700000001 228.67146618528182 0.034227564000000009 0.39036371950000004 0.34372811950000004
decision_type=2 2 2 2 2
left_child=2 4 3 -1 -2
right_child=1 -3 -4 -5 -6
leaf_value=0.070846618148040552 0.088853297653192206 -0.28881562066110145 0.15726642946112898 -0.20168592126434759 -0.067479499405189103
leaf_weight=2859 2448 2378 2973 2068 2244
leaf_count=2859 2448 2378 2973 2068 2244
internal_value=-0.0245623 -0.0877956 0.0320275 -0.0435429 0.0140854
internal_weight=14970 7070 7900 4927 4692
internal_count=14970 7070 7900 4927 4692
is_linear=0
shrinkage=0.05


Tree=238
num_leaves=6
num_cat=0
split_feature=15 1 3 1 9
split_gain=50557.3 27524.4 17863.6 15608.2 35389.5
threshold=417.44147230914609 67.500000000000014 0.18505833500000005 58.500000000000007 1.0000000180025095e-35
decision_type=2 2 2 2 10
left_child=1 2 -1 4 -4
right_child=-2 -3 3 -5 -6
leaf_value=-0.16724935337396118 0.25047459596515231 0.13443071912471846 0.1465941526053148 -0.1317572648649234 -0.096027970465490178
leaf_weight=2545 2041 2442 3017 2131 2995
leaf_count=2545 2041 2442 3017 2131 2995
internal_value=0.0189668 -0.0170201 -0.0516236 -0.0154862 0.025727
internal_weight=15171 13130 10688 8143 6012
internal_count=15171 13130 10688 8143 6012
is_linear=0
shrinkage=0.05


Tree=239
num_leaves=6
num_cat=0
split_feature=15 0 4 4 3
split_gain=56942.7 28012.2 24636.6 18621.2 14945.3
threshold=381.8140495415966 0.030460168000000006 13782.000000000002 6664.5000000000009 0.32361857100000008
decision_type=2 2 8 10 2
left_child=1 -1 3 4 -3
right_child=-2 2 -4 -5 -6
leaf_value=-0.1216562731934467 -0.27882175433982309 -0.043652322657437223 0.19137672033284059 -0.11778842658859862 0.14254417780468454
leaf_weight=3962 2356 2035 2027 2440 2291
leaf_count=3962 2356 2035 2027 2440 2291
internal_value=-0.0529848 -0.01127 0.0384685 -0.00734075 0.0549552
internal_weight=15111 12755 8793 6766 4326
internal_count=15111 12755 8793 6766 4326
is_linear=0
shrinkage=0.05


Tree=240
num_leaves=5
num_cat=0
split_feature=3 15 15 14
split_gain=45551.7 75456.1 40864 9467.62
threshold=0.30700602800000004 200.24264976395406 191.8677036641046 0.01443215099251546
decision_type=2 2 2 2
left_child=1 -1 3 -2
right_child=2 -3 -4 -5
leaf_value=0.035351031346414312 -0.095184198786455107 -0.3096064543240879 0.20847238671925644 0.043038810984737552
leaf_weight=4000 2165 2626 3378 2896
leaf_count=4000 2165 2626 3378 2896
internal_value=-0.00324169 -0.101362 0.0737986 -0.0160904
internal_weight=15065 6626 8439 5061
internal_count=15065 6626 8439 5061
is_linear=0
shrinkage=0.05


Tree=241
num_leaves=6
num_cat=0
split_feature=15 15 3 5 3
split_gain=132902 22409.1 12668.5 12140 9786.87
threshold=411.48830125093616 228.67146618528182 0.26016005050000007 6.5000000000000009 0.5793450160000001
decision_type=2 2 2 2 2
left_child=1 2 -1 -4 -5
right_child=-2 -3 3 4 -6
leaf_value=0.083174981068581885 0.40755786353980866 -0.14534807998713936 0.068069684637500613 -0.010079907342644828 -0.16128282363508481
leaf_weight=3688 2038 3046 2006 2285 2013
leaf_count=3688 2038 3046 2006 2285 2013
internal_value=0.0320692 -0.0266243 0.00956787 -0.0334942 -0.0808969
internal_weight=15076 13038 9992 6304 4298
internal_count=15076 13038 9992 6304 4298
is_linear=0
shrinkage=0.05


Tree=242
num_leaves=6
num_cat=0
split_feature=3 3 15 3 4
split_gain=50113.7 84507.8 82664.3 31043.7 8207.6
threshold=0.38655313450000006 0.21028210100000003 246.75977024320181 0.10253778650000002 7302.0000000000009
decision_type=2 2 2 2 8
left_child=1 3 4 -1 -2
right_child=2 -3 -4 -5 -6
leaf_value=0.052014722864452759 0.077362095359925082 0.25913965293892621 -0.37214482675105787 -0.21162201861021793 -0.052436707972083246
leaf_weight=2506 2238 3604 2037 2014 2672
leaf_count=2506 2238 3604 2037 2014 2672
internal_value=-0.0057695 0.0785428 -0.104366 -0.0654553 0.00672617
internal_weight=15071 8124 6947 4520 4910
internal_count=15071 8124 6947 4520 4910
is_linear=0
shrinkage=0.05


Tree=243
num_leaves=6
num_cat=0
split_feature=14 15 1 14 14
split_gain=36890.6 118244 12602.9 16497.6 9955.15
threshold=0.0047817155088819936 360.89752852725434 60.500000000000007 0.01443215099251546 0.027063978065641408
decision_type=2 2 2 2 2
left_child=-1 2 3 -2 -5
right_child=1 -3 -4 4 -6
leaf_value=-0.18008310705220798 0.034607904099085693 0.3775917390225112 0.065632797660160835 -0.19747638156334937 -0.051913274903130774
leaf_weight=2115 3047 2217 2898 2052 2747
leaf_count=2115 3047 2217 2898 2052 2747
internal_value=0.0135362 0.0451314 -0.0234711 -0.0563825 -0.114154
internal_weight=15076 12961 10744 7846 4799
internal_count=15076 12961 10744 7846 4799
is_linear=0
shrinkage=0.05


Tree=244
num_leaves=6
num_cat=0
split_feature=1 3 3 3 9
split_gain=30489.9 55841.6 38829.7 36306.1 51516.6
threshold=68.500000000000014 90.500000000000014 0.13194836950000002 0.28946954900000005 1.0000000180025095e-35
decision_type=2 2 2 2 10
left_child=1 2 -1 -4 -5
right_child=-2 -3 3 4 -6
leaf_value=0.22996979620581245 -0.10126751546442025 0.32134715421077042 -0.15410954529309204 -0.082219908241624062 0.22551561044182314
leaf_weight=2138 2575 2123 2836 2814 2632
leaf_count=2138 2575 2123 2836 2814 2632
internal_value=0.0554483 0.0876211 0.0400011 -0.00903941 0.0665057
internal_weight=15118 12543 10420 8282 5446
internal_count=15118 12543 10420 8282 5446
is_linear=0
shrinkage=0.05


Tree=245
num_leaves=5
num_cat=0
split_feature=15 14 3 14
split_gain=63237.8 15076.2 9654.96 16074.4
threshold=282.88539540044263 0.038414166067966431 0.45500752700000008 0.010695651869624911
decision_type=2 2 2 2
left_child=1 2 3 -1
right_child=-2 -3 -4 -5
leaf_value=0.099925813405898248 -0.19521101466605012 -0.076932506116917251 0.13380926273596719 -0.071809765377012114
leaf_weight=3222 3871 2244 3438 2361
leaf_count=3222 3871 2244 3438 2361
internal_value=-0.0208671 0.0390429 0.0678921 0.0273004
internal_weight=15136 11265 9021 5583
internal_count=15136 11265 9021 5583
is_linear=0
shrinkage=0.05


Tree=246
num_leaves=6
num_cat=0
split_feature=3 1 1 3 5
split_gain=37002.2 33096.3 54073.2 46071.9 33722.8
threshold=90.500000000000014 56.500000000000007 48.500000000000007 0.32670399850000004 9.5000000000000018
decision_type=2 2 2 2 2
left_child=1 2 3 -1 -3
right_child=-2 4 -4 -5 -6
leaf_value=-0.1405707276656081 0.18230047344630482 -0.032138718371396029 -0.29655600535823951 0.17208315402341004 0.22125780668475967
leaf_weight=2634 2603 3358 2285 2132 2156
leaf_count=2634 2603 3358 2285 2132 2156
internal_value=0.0107216 -0.0248231 -0.0965838 -0.000709612 0.0669405
internal_weight=15168 12565 7051 4766 5514
internal_count=15168 12565 7051 4766 5514
is_linear=0
shrinkage=0.05


Tree=247
num_leaves=6
num_cat=0
split_feature=9 15 9 4 4
split_gain=24762.2 66093 15316 12535 6909.18
threshold=1.5000000000000002 357.23621938997485 1.0000000180025095e-35 10284.000000000002 3801.5000000000005
decision_type=10 2 10 8 10
left_child=1 2 3 4 -1
right_child=-2 -3 -4 -5 -6
leaf_value=0.096325003278602592 0.14581449274080194 -0.26977977771723144 -0.078180663594372438 0.15603955887399129 -0.023497181794047639
leaf_weight=2009 3050 2084 2160 2842 2999
leaf_count=2009 3050 2084 2160 2842 2999
internal_value=0.0184995 -0.0136082 0.0397246 0.0721673 0.0245705
internal_weight=15144 12094 10010 7850 5008
internal_count=15144 12094 10010 7850 5008
is_linear=0
shrinkage=0.05


Tree=248
num_leaves=6
num_cat=0
split_feature=1 15 14 1 9
split_gain=73802.1 89413.7 24990.2 14339.3 15023.7
threshold=69.500000000000014 372.76238625055635 0.0080045998427901843 57.500000000000007 1.0000000180025095e-35
decision_type=2 2 2 2 10
left_child=1 2 -1 4 -4
right_child=-2 -3 3 -5 -6
leaf_value=-0.18548744595383623 -0.27483223196307716 0.33050858210669148 0.045951601377597392 0.12427726038274572 -0.10581410358500801
leaf_weight=2040 2345 2077 3389 2058 3143
leaf_count=2040 2345 2077 3389 2058 3143
internal_value=-0.0171067 0.0304549 -0.0281727 0.00918729 -0.0270734
internal_weight=15052 12707 10630 8590 6532
internal_count=15052 12707 10630 8590 6532
is_linear=0
shrinkage=0.05


Tree=249
num_leaves=6
num_cat=0
split_feature=7 15 9 9 4
split_gain=38941.9 43897.4 39780.1 24743.1 5362.32
threshold=1.5000000000000002 336.93442598602138 1.0000000180025095e-35 1.0000000180025095e-35 10284.000000000002
decision_type=2 2 8 10 8
left_child=1 3 -2 4 -1
right_child=2 -3 -4 -5 -6
leaf_value=0.034926576579053854 -0.26874201564349498 0.26948068080281112 0.03697242255390825 -0.1076123040361104 0.13548160807047413
leaf_weight=3770 2183 2012 2076 2944 2045
leaf_count=3770 2183 2012 2076 2944 2045
internal_value=0.00826404 0.0588727 -0.119725 0.0104946 0.0702894
internal_weight=15030 10771 4259 8759 5815
internal_count=15030 10771 4259 8759 5815
is_linear=0
shrinkage=0.05


Tree=250
num_leaves=5
num_cat=0
split_feature=4 4 0 14
split_gain=40048.9 45850.7 26998.8 40973.2
threshold=18068.000000000004 8333.5000000000018 0.021430332000000003 0.019504055260196364
decision_type=8 10 2 2
left_child=1 2 -1 -4
right_child=-2 -3 3 -5
leaf_value=-0.18529854157538819 -0.17084879014728149 0.1970227013020496 0.16316161103531543 -0.090175835526298542
leaf_weight=2209 3483 2841 2764 3777
leaf_count=2209 3483 2841 2764 3777
internal_value=-0.0221749 0.0225004 -0.0341646 0.0168758
internal_weight=15074 11591 8750 6541
internal_count=15074 11591 8750 6541
is_linear=0
shrinkage=0.05


Tree=251
num_leaves=5
num_cat=0
split_feature=3 15 3 3
split_gain=34190.1 83838.3 50190.1 32753.6
threshold=0.30700602800000004 203.31429327690594 0.54627344550000012 284.50000000000006
decision_type=2 2 2 2
left_child=1 -1 -2 -4
right_child=2 -3 3 -5
leaf_value=0.04246781944772323 0.19588585741085432 -0.32356280983963726 -0.17179901439400269 0.085062494159983251
leaf_weight=3960 3476 2586 2653 2332
leaf_count=3960 3476 2586 2653 2332
internal_value=-0.016331 -0.102133 0.0500511 -0.0516383
internal_weight=15007 6546 8461 4985
internal_count=15007 6546 8461 4985
is_linear=0
shrinkage=0.05


Tree=252
num_leaves=7
num_cat=0
split_feature=7 4 1 15 1 3
split_gain=27067.7 52022.8 45537.8 79909.4 35606.2 17705.5
threshold=1.5000000000000002 6500.5000000000009 50.500000000000007 236.3331044627885 39.500000000000007 0.26967818800000004
decision_type=2 10 2 2 2 2
left_child=2 -2 4 5 -1 -4
right_child=1 -3 3 -5 -6 -7
leaf_value=0.047865731075132006 -0.30275164150227862 0.048269616802148335 0.098068144029748783 0.37165641926495624 -0.23713026145019242 -0.10233057941416966
leaf_weight=2134 2067 2157 2075 2012 2253 2351
leaf_count=2134 2067 2157 2075 2012 2253 2351
internal_value=-0.0161535 -0.123501 0.0257345 0.110389 -0.0984976 -0.00837953
internal_weight=15049 4224 10825 6438 4387 4426
internal_count=15049 4224 10825 6438 4387 4426
is_linear=0
shrinkage=0.05


Tree=253
num_leaves=7
num_cat=0
split_feature=0 15 3 14 3 0
split_gain=30941.5 70824.6 17057.8 37164.1 16865.9 188.221
threshold=0.48991772250000004 352.7886509892183 0.46405166550000004 0.011885556907931303 35.500000000000007 0.029890932500000005
decision_type=2 2 2 2 2 2
left_child=1 2 3 5 -4 -1
right_child=-2 -3 4 -5 -6 -7
leaf_value=0.008285537758687277 -0.16969657695891924 0.28089524397221316 0.15780414168145307 -0.2282392913673105 -0.046218221797307266 0.029939914876014512
leaf_weight=2009 2252 2326 2038 2443 2014 2005
leaf_count=2009 2252 2326 2038 2443 2014 2005
internal_value=0.00124701 0.0312404 -0.0240168 -0.0744794 0.0563972 0.0191019
internal_weight=15087 12835 10509 6457 4052 4014
internal_count=15087 12835 10509 6457 4052 4014
is_linear=0
shrinkage=0.05


Tree=254
num_leaves=7
num_cat=0
split_feature=4 0 15 4 15 4
split_gain=29162.6 39233.2 82563.9 33754.1 20955.2 10814.1
threshold=7166.5000000000009 0.41234090650000005 282.88539540044263 9900.5000000000018 158.0563934696564 5702.0000000000009
decision_type=10 2 2 10 2 8
left_child=1 2 4 -2 5 -1
right_child=3 -3 -4 -5 -6 -7
leaf_value=0.029133102113037403 0.28041338864915394 0.18090480383151519 -0.33911499459260647 0.00087605282120681966 0.15667396418375157 -0.12356186915839805
leaf_weight=2713 2080 2013 2080 2246 2006 2025
leaf_count=2713 2080 2013 2080 2246 2006 2025
internal_value=0.0255321 -0.0182785 -0.0637178 0.135281 0.0212208 -0.036128
internal_weight=15163 10837 8824 4326 6744 4738
internal_count=15163 10837 8824 4326 6744 4738
is_linear=0
shrinkage=0.05


Tree=255
num_leaves=6
num_cat=0
split_feature=14 4 4 0 4
split_gain=29887.2 41094.9 40905.7 31381.8 12956.3
threshold=0.0065607549037540753 5250.5000000000009 7825.5000000000009 0.31291506550000009 2850.5000000000005
decision_type=2 10 10 2 10
left_child=-1 3 -3 4 -2
right_child=1 2 -4 -5 -6
leaf_value=-0.15123493216312281 -0.054596298520188102 0.27857308805427167 -0.00059496887053733013 0.10593209304858729 -0.22144621041861254
leaf_weight=3067 2606 2434 2847 2034 2102
leaf_count=3067 2606 2434 2847 2034 2102
internal_value=-0.0119136 0.0236265 0.128073 -0.0581863 -0.12909
internal_weight=15090 12023 5281 6742 4708
internal_count=15090 12023 5281 6742 4708
is_linear=0
shrinkage=0.05


Tree=256
num_leaves=6
num_cat=0
split_feature=3 0 3 15 3
split_gain=30901.7 47498.4 20942.2 36912.9 16740.3
threshold=0.26016005050000007 0.084788569000000022 90.500000000000014 261.75304755654935 0.41625052500000004
decision_type=2 2 2 2 2
left_child=1 -1 3 4 -2
right_child=2 -3 -4 -5 -6
leaf_value=-0.012868691309044953 -0.1165837925951043 0.28223993500324579 0.084793123163559983 -0.26201552703794445 0.070574496510883114
leaf_weight=3218 2052 2366 2608 2009 2860
leaf_count=3218 2052 2366 2608 2009 2860
internal_value=0.0187741 0.112172 -0.0359571 -0.0814588 -0.00761134
internal_weight=15113 5584 9529 6921 4912
internal_count=15113 5584 9529 6921 4912
is_linear=0
shrinkage=0.05


Tree=257
num_leaves=6
num_cat=0
split_feature=7 0 1 0 15
split_gain=26060.7 50065 38061.7 36243.4 30026.3
threshold=1.5000000000000002 0.33320770050000009 49.500000000000007 0.039942518000000003 159.38719375949663
decision_type=2 2 2 2 2
left_child=1 2 -1 -4 -2
right_child=4 -3 3 -5 -6
leaf_value=-0.19346843211110765 0.0034350818912057719 0.20462264334361213 0.15222203569174128 -0.10698099572740301 -0.26275207783840349
leaf_weight=2941 2029 2545 2860 2552 2217
leaf_count=2941 2029 2545 2860 2552 2217
internal_value=-0.03047 0.010471 -0.0486832 0.0299962 -0.135551
internal_weight=15144 10898 8353 5412 4246
internal_count=15144 10898 8353 5412 4246
is_linear=0
shrinkage=0.05


Tree=258
num_leaves=6
num_cat=0
split_feature=0 15 4 15 3
split_gain=33741 57696 14972.6 16702.4 13334.5
threshold=0.012624496000000001 275.29238425461165 4000.5000000000005 153.40460572220309 0.33898571750000006
decision_type=2 2 8 2 2
left_child=-1 2 -2 4 -4
right_child=1 -3 3 -5 -6
leaf_value=0.16238237874458031 -0.068535609382025672 -0.20478037013037695 0.11946624782831804 0.19264510163356263 -0.054833068944301191
leaf_weight=3070 2268 3214 2009 2207 2418
leaf_count=3070 2268 3214 2009 2207 2418
internal_value=0.0143224 -0.0231936 0.0423669 0.0802817 0.024265
internal_weight=15186 12116 8902 6634 4427
internal_count=15186 12116 8902 6634 4427
is_linear=0
shrinkage=0.05


Tree=259
num_leaves=5
num_cat=0
split_feature=15 1 3 14
split_gain=26248.4 36364.5 20298.3 17078.5
threshold=381.8140495415966 67.500000000000014 0.23059004150000004 0.016136529671151742
decision_type=2 2 2 2
left_child=1 2 -1 -4
right_child=-2 -3 3 -5
leaf_value=-0.14831728840451125 -0.18302588460222516 0.17467442837424477 0.086596805204182128 -0.067888282815132969
leaf_weight=3145 2372 2373 3345 3846
leaf_count=3145 2372 2373 3345 3846
internal_value=-0.0303378 -0.00184023 -0.0423655 0.00397274
internal_weight=15081 12709 10336 7191
internal_count=15081 12709 10336 7191
is_linear=0
shrinkage=0.05


Tree=260
num_leaves=5
num_cat=0
split_feature=4 15 15 4
split_gain=42883.4 122062 50929.8 9489.1
threshold=7825.5000000000009 268.67795997971211 209.07858549295159 4700.5000000000009
decision_type=8 2 2 10
left_child=1 3 -2 -1
right_child=2 -3 -4 -5
leaf_value=0.027909177983205344 0.028956233415116179 0.42360995701456555 -0.24973452954224801 -0.096750607463790453
leaf_weight=3612 3983 2004 2786 2644
leaf_count=3612 3983 2004 2786 2644
internal_value=0.00755113 0.0840089 -0.0857479 -0.0247763
internal_weight=15029 8260 6769 6256
internal_count=15029 8260 6769 6256
is_linear=0
shrinkage=0.05


Tree=261
num_leaves=6
num_cat=0
split_feature=9 15 15 4 0
split_gain=26915.3 56046.8 25294.6 7896.9 16958.4
threshold=1.5000000000000002 307.46881441459146 30.481588960553967 5166.5000000000009 0.060034670000000005
decision_type=10 2 2 8 2
left_child=1 2 -1 -4 -5
right_child=-2 -3 3 4 -6
leaf_value=0.17088015546079749 0.12438114692132203 -0.24748029073934819 0.035883467764282577 -0.1731619758450999 0.019424493563896403
leaf_weight=2004 2969 2637 2871 2130 2467
leaf_count=2004 2969 2637 2871 2130 2467
internal_value=-0.0105297 -0.0436085 0.0131493 -0.0291769 -0.0698096
internal_weight=15078 12109 9472 7468 4597
internal_count=15078 12109 9472 7468 4597
is_linear=0
shrinkage=0.05


Tree=262
num_leaves=6
num_cat=0
split_feature=14 14 0 5 7
split_gain=33555.4 62035.1 38510.7 40528.8 32770.8
threshold=0.0061485369884320016 0.0098979294367737818 0.48991772250000004 6.5000000000000009 1.5000000000000002
decision_type=2 2 2 2 2
left_child=-1 -2 3 -3 -5
right_child=1 2 -4 4 -6
leaf_value=0.13458288130770471 -0.2620615211510266 0.25271062311801884 -0.17367775089956722 -0.12914416599562165 0.12487562533076249
leaf_weight=2849 2811 2015 2270 2755 2355
leaf_count=2849 2811 2015 2270 2755 2355
internal_value=-0.0199253 -0.055989 0.00566826 0.0628073 -0.0120763
internal_weight=15055 12206 9395 7125 5110
internal_count=15055 12206 9395 7125 5110
is_linear=0
shrinkage=0.05


Tree=263
num_leaves=6
num_cat=0
split_feature=14 0 15 14 14
split_gain=22745.7 83384.3 73782.2 18589.1 14122.8
threshold=0.014751980416822496 0.052529603000000008 259.790608984122 0.0075602986304670718 0.031400966183574887
decision_type=2 2 2 2 2
left_child=1 3 4 -1 -2
right_child=2 -3 -4 -5 -6
leaf_value=-0.016663812177901832 0.051940507463652696 -0.26325339059578878 0.3248141267120136 0.17795592906829186 -0.11542859699019681
leaf_weight=2710 2480 2981 2015 2242 2563
leaf_count=2710 2480 2981 2015 2242 2563
internal_value=0.00377088 -0.0543225 0.0690662 0.0714496 -0.0331214
internal_weight=14991 7933 7058 4952 5043
internal_count=14991 7933 7058 4952 5043
is_linear=0
shrinkage=0.05


Tree=264
num_leaves=5
num_cat=0
split_feature=14 14 0 5
split_gain=24563.7 25703 31814.2 22898.8
threshold=0.033964007344617006 0.019169879419243707 0.021430332000000003 6.5000000000000009
decision_type=2 2 2 2
left_child=1 2 -1 -4
right_child=-2 -3 3 -5
leaf_value=-0.10435063189339194 0.12599998671751947 -0.15732464062690021 -0.031999621295393875 0.17635857208370362
leaf_weight=3392 3435 2828 2239 3208
leaf_count=3392 3435 2828 2239 3208
internal_value=0.00847899 -0.0261216 0.0158563 0.0907125
internal_weight=15102 11667 8839 5447
internal_count=15102 11667 8839 5447
is_linear=0
shrinkage=0.05


Tree=265
num_leaves=6
num_cat=0
split_feature=15 1 15 0 4
split_gain=48045.3 14684.1 14663.8 14841.9 12780.6
threshold=352.7886509892183 60.500000000000007 200.24264976395406 0.089406630500000014 3200.5000000000005
decision_type=2 2 2 2 10
left_child=1 2 3 -1 -3
right_child=-2 4 -4 -5 -6
leaf_value=-0.094543498943790966 0.2280935340548215 -0.023394368265409925 -0.16121776443747771 0.064872267240648276 0.14825283862959115
leaf_weight=2613 2701 2016 2029 3309 2347
leaf_count=2613 2701 2016 2029 3309 2347
internal_value=0.0371213 -0.00476728 -0.0452133 -0.00546772 0.0689403
internal_weight=15015 12314 7951 5922 4363
internal_count=15015 12314 7951 5922 4363
is_linear=0
shrinkage=0.05


Tree=266
num_leaves=6
num_cat=0
split_feature=1 15 14 14 0
split_gain=50051 83463.9 17600.6 41849.4 5760.51
threshold=65.500000000000014 344.85164313145083 0.020892460186639806 0.0097548961989040589 0.39280758200000004
decision_type=2 2 2 2 2
left_child=1 2 3 -1 -4
right_child=-2 -3 4 -5 -6
leaf_value=-0.091617780544570426 -0.16161360166399372 0.33388895017041526 -0.13641526717456987 0.19147245616534572 -0.020564209732319556
leaf_weight=2541 3405 2198 2311 2685 2003
leaf_count=2541 3405 2198 2311 2685 2003
internal_value=0.00716176 0.0561207 -0.00787663 0.0538275 -0.0826254
internal_weight=15143 11738 9540 5226 4314
internal_count=15143 11738 9540 5226 4314
is_linear=0
shrinkage=0.05


Tree=267
num_leaves=5
num_cat=0
split_feature=14 14 3 3
split_gain=34952.4 47231.7 45321.8 37891
threshold=0.0080045998427901843 0.014751980416822496 0.35438936750000005 0.65905319950000008
decision_type=2 2 2 2
left_child=-1 -2 -3 -4
right_child=1 2 3 -5
leaf_value=0.13801650591120707 -0.17196759315261506 0.20043746737161949 -0.20107929639986213 0.096425684846549162
leaf_weight=4000 3991 2780 2237 2052
leaf_count=4000 3991 2780 2237 2052
internal_value=0.0113553 -0.0344535 0.0431839 -0.058743
internal_weight=15060 11060 7069 4289
internal_count=15060 11060 7069 4289
is_linear=0
shrinkage=0.05


Tree=268
num_leaves=6
num_cat=0
split_feature=15 14 0 15 3
split_gain=38595.3 13350 24536.2 19165.1 22224.9
threshold=417.44147230914609 0.016136529671151742 0.43209221150000005 213.83507902490462 0.26016005050000007
decision_type=2 2 2 2 2
left_child=1 3 -3 4 -1
right_child=-2 2 -4 -5 -6
leaf_value=0.14070886642842304 0.26744336811394082 -0.11288704886974216 0.099064660762974155 0.20714372858462116 -0.063669536384820188
leaf_weight=2386 2007 3331 2314 2026 3006
leaf_count=2386 2007 3331 2314 2026 3006
internal_value=0.0633034 0.0319393 -0.0260037 0.0760332 0.0267694
internal_weight=15070 13063 5645 7418 5392
internal_count=15070 13063 5645 7418 5392
is_linear=0
shrinkage=0.05


Tree=269
num_leaves=6
num_cat=0
split_feature=15 3 1 1 0
split_gain=24465 20811.3 18509.7 26604.7 13070.1
threshold=406.32708190406623 1.0543212840000002 51.500000000000007 42.500000000000007 0.12727918000000002
decision_type=2 2 2 2 2
left_child=1 2 3 -1 -4
right_child=-2 -3 4 -5 -6
leaf_value=0.0081379721461279884 -0.17326444517295508 0.12380328029008221 -0.02427549461931322 -0.2349033015644246 0.1367879852794083
leaf_weight=2575 2091 3110 3191 2001 2081
leaf_count=2575 2091 3110 3191 2001 2081
internal_value=-0.0145632 0.011046 -0.0245627 -0.0981395 0.0393006
internal_weight=15049 12958 9848 4576 5272
internal_count=15049 12958 9848 4576 5272
is_linear=0
shrinkage=0.05


Tree=270
num_leaves=6
num_cat=0
split_feature=5 0 0 3 9
split_gain=23898 45912.2 84295 35478.7 77109.2
threshold=4.5000000000000009 0.052529603000000008 0.018929409500000004 0.31818853400000008 1.0000000180025095e-35
decision_type=2 2 2 2 8
left_child=-1 2 -2 -3 -5
right_child=1 3 -4 4 -6
leaf_value=-0.11649615967470475 -0.018293975022632088 -0.18103699946476376 0.40784306763417355 -0.14116724220383878 0.27030024477856912
leaf_weight=3052 2759 2735 2003 2497 2093
leaf_count=3052 2759 2735 2003 2497 2093
internal_value=0.0085209 0.040088 0.160948 -0.0384836 0.0464583
internal_weight=15139 12087 4762 7325 4590
internal_count=15139 12087 4762 7325 4590
is_linear=0
shrinkage=0.05


Tree=271
num_leaves=6
num_cat=0
split_feature=4 15 3 3 4
split_gain=36686.2 76248.2 72416.4 15632.8 18779.9
threshold=4681.0000000000009 275.29238425461165 0.33604233800000005 0.26016005050000007 5918.5000000000009
decision_type=8 2 2 2 10
left_child=2 3 -1 -2 -5
right_child=1 -3 -4 4 -6
leaf_value=0.3031378383763621 0.12005861922053983 -0.27607900400589136 -0.097790943683510365 0.050356105169776538 -0.1480759838549259
leaf_weight=2300 2619 3016 2207 2904 2023
leaf_count=2300 2619 3016 2207 2904 2023
internal_value=-0.0126187 -0.0635812 0.10681 0.0213504 -0.0311191
internal_weight=15069 10562 4507 7546 4927
internal_count=15069 10562 4507 7546 4927
is_linear=0
shrinkage=0.05


Tree=272
num_leaves=5
num_cat=0
split_feature=14 3 3 3
split_gain=40851.7 58816.3 43702 27164.2
threshold=0.015529734670191059 0.4359293265000001 0.21028210100000003 0.49736532100000003
decision_type=2 2 2 2
left_child=2 -2 -1 -4
right_child=1 -3 3 -5
leaf_value=-0.23524392374380609 0.22525442546738936 -0.069012247656500311 0.11866288066220176 -0.11008294704502178
leaf_weight=3053 3451 3343 2570 2622
leaf_count=3053 3451 3343 2570 2622
internal_value=-0.0103217 0.08046 -0.0851272 0.00314448
internal_weight=15039 6794 8245 5192
internal_count=15039 6794 8245 5192
is_linear=0
shrinkage=0.05


Tree=273
num_leaves=6
num_cat=0
split_feature=15 14 4 4 3
split_gain=66659.5 36323.1 19694.3 13966.8 13074
threshold=313.75729423357819 0.036326522196333956 4750.5000000000009 7959.0000000000009 9.5000000000000018
decision_type=2 2 10 10 2
left_child=1 2 4 -4 -1
right_child=-2 -3 3 -5 -6
leaf_value=0.18848884444962852 -0.24756981296850294 -0.16272109501270871 -0.11143460076262013 0.06831479506749237 0.025053249189177063
leaf_weight=2911 3276 2483 2266 2066 2111
leaf_count=2911 3276 2483 2266 2066 2111
internal_value=-0.0479633 0.00727968 0.052406 -0.0257092 0.119789
internal_weight=15113 11837 9354 4332 5022
internal_count=15113 11837 9354 4332 5022
is_linear=0
shrinkage=0.05


Tree=274
num_leaves=5
num_cat=0
split_feature=0 4 15 5
split_gain=34416.2 20556.8 26381.2 7746.38
threshold=0.015719561500000003 3452.0000000000005 275.29238425461165 7.5000000000000009
decision_type=2 8 2 2
left_child=-1 -2 3 -3
right_child=1 2 -4 -5
leaf_value=0.14909980690804961 0.11156268128010403 0.048895878174120409 -0.19430755820194279 -0.057601129206246049
leaf_weight=3324 2030 3010 2756 3946
leaf_count=3324 2030 3010 2756 3946
internal_value=0.00706564 -0.0331423 -0.0633885 -0.0115177
internal_weight=15066 11742 9712 6956
internal_count=15066 11742 9712 6956
is_linear=0
shrinkage=0.05


Tree=275
num_leaves=5
num_cat=0
split_feature=4 3 0 14
split_gain=30324.4 42385.5 63492.8 15725.8
threshold=3916.5000000000005 0.31818853400000008 0.064569657500000002 0.011885556907931303
decision_type=10 2 2 2
left_child=3 2 -2 -1
right_child=1 -3 -4 -5
leaf_value=-0.17049924967104346 0.14494242437841443 0.18447998254352291 -0.208616296032239 -0.014792744785417318
leaf_weight=3276 2402 3476 2694 3211
leaf_count=3276 2402 3476 2694 3211
internal_value=-0.0118642 0.0498591 -0.0419664 -0.0934261
internal_weight=15059 8572 5096 6487
internal_count=15059 8572 5096 6487
is_linear=0
shrinkage=0.05


Tree=276
num_leaves=5
num_cat=0
split_feature=0 1 3 5
split_gain=41963.2 48819.1 40713 59538.4
threshold=0.012624496000000001 42.500000000000007 0.25769870550000007 8.5000000000000018
decision_type=2 2 2 2
left_child=-1 -2 -3 -4
right_child=1 2 3 -5
leaf_value=0.16334264838416224 -0.22377754018738735 0.16121117368176124 0.11114906161562099 -0.2021709695522434
leaf_weight=3019 2903 3037 2734 3404
leaf_count=3019 2903 3037 2734 3404
internal_value=-0.00339172 -0.0450684 0.0114757 -0.0626113
internal_weight=15097 12078 9175 6138
internal_count=15097 12078 9175 6138
is_linear=0
shrinkage=0.05


Tree=277
num_leaves=6
num_cat=0
split_feature=0 0 14 9 4
split_gain=35865 61031.9 71495 24223.9 14787.3
threshold=0.48231752950000001 0.061123264500000003 0.015529734670191059 1.0000000180025095e-35 6666.5000000000009
decision_type=2 2 2 8 8
left_child=1 3 -3 4 -1
right_child=-2 2 -4 -5 -6
leaf_value=-0.13215650343471927 -0.21423862822515138 -0.072963922998290423 0.26314800160449225 -0.23862011105394015 0.055518378491055169
leaf_weight=2058 2298 2906 3473 2289 2142
leaf_count=2058 2298 2906 3473 2289 2142
internal_value=-0.0322893 0.00020366 0.11003 -0.107761 -0.0364423
internal_weight=15166 12868 6379 6489 4200
internal_count=15166 12868 6379 6489 4200
is_linear=0
shrinkage=0.05


Tree=278
num_leaves=6
num_cat=0
split_feature=0 3 1 1 15
split_gain=25615.9 29796.8 23790.5 47640.7 18273.6
threshold=0.45753025600000002 90.500000000000014 49.500000000000007 63.500000000000007 152.05899079302017
decision_type=2 2 2 2 2
left_child=1 2 4 -4 -1
right_child=-2 -3 3 -5 -6
leaf_value=-0.0042668105322869005 -0.13390134912741236 0.20877208674855754 -0.17815449497090374 0.097038165121863681 0.20827958887326187
leaf_weight=2027 2458 2221 3469 2877 2018
leaf_count=2027 2458 2221 3469 2877 2018
internal_value=0.0137607 0.0425391 0.00700801 -0.0533941 0.10177
internal_weight=15070 12612 10391 6346 4045
internal_count=15070 12612 10391 6346 4045
is_linear=0
shrinkage=0.05


Tree=279
num_leaves=5
num_cat=0
split_feature=3 15 3 14
split_gain=56780.3 28092.9 30301.7 8156.69
threshold=224.00000000000003 332.68669470876813 0.47713152500000006 0.012176588331232857
decision_type=2 2 2 2
left_child=1 2 3 -1
right_child=-2 -3 -4 -5
leaf_value=-0.0021055188437516538 0.2271221314277308 -0.18637878775862712 0.14549136412797389 -0.10644927422817614
leaf_weight=3986 2425 2520 2650 3533
leaf_count=3986 2425 2520 2650 3533
internal_value=0.00543674 -0.0369296 0.000105638 -0.0511342
internal_weight=15114 12689 10169 7519
internal_count=15114 12689 10169 7519
is_linear=0
shrinkage=0.05


Tree=280
num_leaves=6
num_cat=0
split_feature=1 15 14 14 4
split_gain=42615.7 142945 23708.3 21060.4 7865.32
threshold=68.500000000000014 352.7886509892183 0.0083105465940936964 0.019169879419243707 6307.5000000000009
decision_type=2 2 2 2 8
left_child=1 2 -1 -4 -5
right_child=-2 -3 3 4 -6
leaf_value=-0.20587574766727093 -0.19670283979648731 0.38529368717170942 0.07678885014016891 -0.027403017407689224 -0.15795399177956995
leaf_weight=2034 2580 2272 3541 2624 2059
leaf_count=2034 2580 2272 3541 2624 2059
internal_value=-0.0116533 0.0264495 -0.0530293 -0.0152266 -0.0848031
internal_weight=15110 12530 10258 8224 4683
internal_count=15110 12530 10258 8224 4683
is_linear=0
shrinkage=0.05


Tree=281
num_leaves=6
num_cat=0
split_feature=15 15 4 15 1
split_gain=25421 24101.9 22545.9 17346.5 10086.2
threshold=417.44147230914609 275.29238425461165 3250.5000000000005 182.45873487847169 51.500000000000007
decision_type=2 2 8 2 2
left_child=1 2 -1 4 -4
right_child=-2 -3 3 -5 -6
leaf_value=-0.11536388685320394 0.19516660195675514 -0.15436337936098254 -0.041767029837015232 0.19202917732806291 0.080789508505839921
leaf_weight=2058 2034 2005 2894 2149 3998
leaf_count=2058 2034 2005 2894 2149 3998
internal_value=0.0307071 0.00517979 0.0340008 0.0680006 0.0293271
internal_weight=15138 13104 11099 9041 6892
internal_count=15138 13104 11099 9041 6892
is_linear=0
shrinkage=0.05


Tree=282
num_leaves=5
num_cat=0
split_feature=15 5 15 15
split_gain=112817 18516.2 25843.8 25283.4
threshold=417.44147230914609 7.5000000000000009 149.52353842782932 168.0731307161206
decision_type=2 2 2 2
left_child=1 3 -3 -1
right_child=-2 2 -4 -5
leaf_value=-0.025265549835263208 0.39099904966653942 0.018547097178565539 -0.1768237700299693 0.18383394460574443
leaf_weight=3892 2022 3876 3005 2300
leaf_count=3892 2022 3876 3005 2300
internal_value=0.0434328 -0.0103253 -0.0667733 0.0524038
internal_weight=15095 13073 6881 6192
internal_count=15095 13073 6881 6192
is_linear=0
shrinkage=0.05


Tree=283
num_leaves=6
num_cat=0
split_feature=3 14 3 3 5
split_gain=30463.4 39043.2 86754.8 52971.3 3587.32
threshold=0.15551165700000005 0.010695651869624911 0.41266068950000007 0.38342380350000005 9.5000000000000018
decision_type=2 2 2 2 2
left_child=-1 3 -3 -2 -4
right_child=1 2 4 -5 -6
leaf_value=0.11412327653572976 0.24250040089454725 -0.33620969142398427 -0.028822383365827833 -0.098498254216279113 0.064050885490544787
leaf_weight=3367 2096 2969 2079 2494 2080
leaf_count=3367 2096 2969 2079 2494 2080
internal_value=-0.0184304 -0.0565179 -0.129756 0.057217 0.0176254
internal_weight=15085 11718 7128 4590 4159
internal_count=15085 11718 7128 4590 4159
is_linear=0
shrinkage=0.05


Tree=284
num_leaves=6
num_cat=0
split_feature=3 0 15 14 1
split_gain=32923.1 35691 71676.4 17235.3 5873.67
threshold=0.13194836950000002 0.011600385000000001 275.29238425461165 0.012176588331232857 47.500000000000007
decision_type=2 2 2 2 2
left_child=-1 -2 3 -3 -5
right_child=1 2 -4 4 -6
leaf_value=0.16471425240342022 0.16885956587340123 0.11663185268545324 -0.28170338948591761 -0.10374600408123894 0.011585914145229487
leaf_weight=3008 2069 2880 2659 2006 2455
leaf_count=3008 2069 2880 2659 2006 2455
internal_value=0.0167149 -0.0201715 -0.0592821 0.0212817 -0.040276
internal_weight=15077 12069 10000 7341 4461
internal_count=15077 12069 10000 7341 4461
is_linear=0
shrinkage=0.05


Tree=285
num_leaves=6
num_cat=0
split_feature=14 0 0 4 4
split_gain=24040.7 40638.2 19784.6 38689.7 19071.2
threshold=0.0098979294367737818 0.043386952500000013 0.054675826000000004 9666.5000000000018 4800.5000000000009
decision_type=2 2 2 8 10
left_child=1 -1 -2 4 -4
right_child=2 -3 3 -5 -6
leaf_value=0.039879740953475275 -0.06190732891853834 -0.23719825592600552 0.13205964681829926 0.28939511301765708 -0.061217896028403065
leaf_weight=3558 2261 2107 2506 2081 2601
leaf_count=3558 2261 2107 2506 2081 2601
internal_value=0.018267 -0.0631747 0.0670941 0.107672 0.0336232
internal_weight=15114 5665 9449 7188 5107
internal_count=15114 5665 9449 7188 5107
is_linear=0
shrinkage=0.05


Tree=286
num_leaves=6
num_cat=0
split_feature=9 15 1 14 14
split_gain=56379 116476 12081.4 10463 17760.3
threshold=1.5000000000000002 313.75729423357819 67.500000000000014 0.0098511074846314734 0.024944268232627843
decision_type=10 2 2 2 2
left_child=1 2 3 -1 -5
right_child=-2 -3 -4 4 -6
leaf_value=-0.091311381100049036 0.18869040612824972 -0.34978804849897727 0.13228516572131266 0.13205786434528952 -0.056056714911112353
leaf_weight=2247 3056 2577 2192 2523 2496
leaf_count=2247 3056 2577 2192 2523 2496
internal_value=-0.00309516 -0.0517945 0.0293991 -0.00163945 0.0385066
internal_weight=15091 12035 9458 7266 5019
internal_count=15091 12035 9458 7266 5019
is_linear=0
shrinkage=0.05


Tree=287
num_leaves=6
num_cat=0
split_feature=4 0 4 14 4
split_gain=26780 73784.4 59897 44956 79155.5
threshold=7499.5000000000009 0.24024194200000001 18775.000000000004 0.033964007344617006 4648.5000000000009
decision_type=8 2 8 2 10
left_child=3 2 -2 4 -1
right_child=1 -3 -4 -5 -6
leaf_value=0.050329739560475067 0.36633828915729438 -0.16355889995016448 0.024786415920331591 0.15182126465213339 -0.32311518776334808
leaf_weight=3207 2523 2029 2613 2178 2545
leaf_count=3207 2523 2029 2613 2178 2545
internal_value=0.0216577 0.0917205 0.19257 -0.0416461 -0.114903
internal_weight=15095 7165 5136 7930 5752
internal_count=15095 7165 5136 7930 5752
is_linear=0
shrinkage=0.05


Tree=288
num_leaves=6
num_cat=0
split_feature=4 15 15 3 4
split_gain=56615 132075 25629.7 15029.3 7003.38
threshold=4161.5000000000009 352.7886509892183 209.07858549295159 0.26222285350000002 10416.500000000002
decision_type=8 2 2 2 8
left_child=-1 2 3 -2 -5
right_child=1 -3 -4 4 -6
leaf_value=-0.16134288640481434 0.12696840156431111 0.40372013395941586 -0.16776297539310614 -0.094654721191750391 0.031577139395562275
leaf_weight=3802 2369 2259 2300 2120 2281
leaf_count=3802 2369 2259 2300 2120 2281
internal_value=0.00560907 0.061638 -0.023562 0.025428 -0.0292298
internal_weight=15131 11329 9070 6770 4401
internal_count=15131 11329 9070 6770 4401
is_linear=0
shrinkage=0.05


Tree=289
num_leaves=5
num_cat=0
split_feature=0 4 15 15
split_gain=28720.8 41691.5 71797.4 18025.7
threshold=0.30305937550000006 7166.5000000000009 222.860547702378 179.13168672411862
decision_type=2 8 2 2
left_child=1 3 -3 -1
right_child=-2 2 -4 -5
leaf_value=0.014340574629623432 -0.120317769863983 -0.0047990057320933749 0.36310254070412179 -0.16853778325768987
leaf_weight=3377 3854 3522 2127 2242
leaf_count=3377 3854 3522 2127 2242
internal_value=-0.00249446 0.0378047 0.133726 -0.0586285
internal_weight=15122 11268 5649 5619
internal_count=15122 11268 5649 5619
is_linear=0
shrinkage=0.05


Tree=290
num_leaves=6
num_cat=0
split_feature=4 14 14 0 1
split_gain=50998.4 47646.4 37922.7 48364 31872
threshold=10866.500000000002 0.0084869873714340047 0.0084869873714340047 0.35956257750000004 51.500000000000007
decision_type=8 2 2 2 2
left_child=2 -2 -1 4 -4
right_child=1 -3 3 -5 -6
leaf_value=0.19906599747199349 -0.36245188046240018 -0.042697745347860007 -0.013150928013728283 0.15669197223049847 -0.25281245443503114
leaf_weight=2268 2034 2727 3405 2394 2341
leaf_count=2268 2034 2727 3405 2394 2341
internal_value=-0.043752 -0.179303 0.0182542 -0.0321244 -0.110792
internal_weight=15169 4761 10408 8140 5746
internal_count=15169 4761 10408 8140 5746
is_linear=0
shrinkage=0.05


Tree=291
num_leaves=6
num_cat=0
split_feature=15 15 15 0 4
split_gain=26113.7 20188.2 9604.42 8591.24 6026.05
threshold=411.48830125093616 224.64942071642892 1.0000000180025095e-35 0.025437779500000004 4000.5000000000005
decision_type=2 2 2 2 10
left_child=1 2 -1 -4 -5
right_child=-2 -3 3 4 -6
leaf_value=0.067620962282329417 -0.17946210296585119 0.12313568936592992 -0.13305568834187348 -0.071406359546845072 0.033756693128797768
leaf_weight=2297 2038 3155 2174 2565 2905
leaf_count=2297 2038 3155 2174 2565 2905
internal_value=-0.0129696 0.0129399 -0.0220332 -0.048974 -0.0155565
internal_weight=15134 13096 9941 7644 5470
internal_count=15134 13096 9941 7644 5470
is_linear=0
shrinkage=0.05


Tree=292
num_leaves=6
num_cat=0
split_feature=3 5 15 4 4
split_gain=36699.8 44803.4 116144 39971.9 13565.8
threshold=0.21028210100000003 5.5000000000000009 270.52016759708471 5395.0000000000009 2706.5000000000005
decision_type=2 2 2 8 10
left_child=3 -2 4 -1 -3
right_child=1 2 -4 -5 -6
leaf_value=0.04850039626102421 -0.14068233050255061 -0.11357751355012069 0.40749386157181011 -0.25107980372536498 0.044922204724769793
leaf_weight=2005 2345 2055 2316 2504 3935
leaf_count=2005 2345 2055 2316 2504 3935
internal_value=0.00169936 0.0523165 0.106805 -0.117867 -0.00945458
internal_weight=15160 10651 8306 4509 5990
internal_count=15160 10651 8306 4509 5990
is_linear=0
shrinkage=0.05


Tree=293
num_leaves=6
num_cat=0
split_feature=15 9 0 7 0
split_gain=38860.3 16197.8 20669.7 10475.6 10363.2
threshold=352.7886509892183 1.5000000000000002 0.012109218500000001 1.0000000180025095e-35 0.18771627200000002
decision_type=2 10 2 2 2
left_child=1 2 -1 -4 -5
right_child=-2 -3 3 4 -6
leaf_value=-0.11553378137165887 0.20651383031838974 -0.11740660284650378 -0.012842040255811309 0.043629957409476013 0.18967226051584576
leaf_weight=2054 2698 2472 2899 2806 2142
leaf_count=2054 2698 2472 2899 2806 2142
internal_value=0.0345772 -0.00291449 0.025671 0.0626322 0.106852
internal_weight=15071 12373 9901 7847 4948
internal_count=15071 12373 9901 7847 4948
is_linear=0
shrinkage=0.05


Tree=294
num_leaves=6
num_cat=0
split_feature=15 14 1 14 5
split_gain=79056.9 20857.9 21224.5 20287.3 4238.85
threshold=381.8140495415966 0.0082263199175676323 60.500000000000007 0.016136529671151742 8.5000000000000018
decision_type=2 2 2 2 2
left_child=1 -1 3 -3 -5
right_child=-2 2 -4 4 -6
leaf_value=-0.076777628489187955 -0.28427684700545752 0.1311446900472453 0.206222346386953 0.0091029078943626295 -0.088960629320404605
leaf_weight=3349 2365 2868 2157 2214 2194
leaf_count=3349 2365 2868 2157 2214 2194
internal_value=-0.0187182 0.030417 0.0684744 0.0276384 -0.0397064
internal_weight=15147 12782 9433 7276 4408
internal_count=15147 12782 9433 7276 4408
is_linear=0
shrinkage=0.05


Tree=295
num_leaves=6
num_cat=0
split_feature=4 15 15 0 15
split_gain=25618.6 47038.6 42642.1 19806.4 11715.1
threshold=12681.500000000002 307.46881441459146 166.70579075901585 0.052529603000000008 140.6593083230305
decision_type=8 2 2 2 2
left_child=1 3 -2 -1 -5
right_child=2 -3 -4 4 -6
leaf_value=0.099613406137895835 -0.062121103671876156 -0.24747107591087636 0.2605762895804925 0.0033972551098128581 -0.14938668189552154
leaf_weight=3339 2081 2364 2015 3229 2052
leaf_count=3339 2081 2364 2015 3229 2052
internal_value=-0.0100926 -0.0498893 0.0966277 0.00429669 -0.0559689
internal_weight=15080 10984 4096 8620 5281
internal_count=15080 10984 4096 8620 5281
is_linear=0
shrinkage=0.05


Tree=296
num_leaves=6
num_cat=0
split_feature=9 3 5 4 15
split_gain=41466.9 35152.9 63527.5 109183 62630.8
threshold=1.5000000000000002 0.56238157950000012 10.500000000000002 4951.0000000000009 137.91105782069042
decision_type=10 2 2 10 2
left_child=1 2 3 -1 -3
right_child=-2 4 -4 -5 -6
leaf_value=0.1641857506890331 0.16101520655910626 0.038596905797844805 0.24791173129239016 -0.27573312588816318 -0.34659569235692222
leaf_weight=2641 3042 2029 2160 3027 2199
leaf_count=2641 3042 2029 2160 3027 2199
internal_value=-0.0039464 -0.0455699 0.0171768 -0.0707533 -0.161743
internal_weight=15098 12056 7828 5668 4228
internal_count=15098 12056 7828 5668 4228
is_linear=0
shrinkage=0.05


Tree=297
num_leaves=6
num_cat=0
split_feature=1 14 14 1 15
split_gain=23432.8 45658.2 43758 56471.9 38393.2
threshold=38.500000000000007 0.015529734670191059 0.0087396615926057467 65.500000000000014 179.13168672411862
decision_type=2 2 2 2 2
left_child=-1 2 3 -2 -3
right_child=1 4 -4 -5 -6
leaf_value=-0.14717060749725638 0.20083686930224198 0.017248282490950406 -0.21128893086292 -0.14618776503075429 0.29401794922288521
leaf_weight=2427 2493 2870 2825 2213 2224
leaf_count=2427 2493 2870 2825 2213 2224
internal_value=-0.00488327 0.0224697 -0.0557321 0.0376483 0.138084
internal_weight=15052 12625 7531 4706 5094
internal_count=15052 12625 7531 4706 5094
is_linear=0
shrinkage=0.05


Tree=298
num_leaves=6
num_cat=0
split_feature=14 4 4 5 5
split_gain=39277 53713.2 44531.4 39745.1 19242.5
threshold=0.0058720895319898493 5250.5000000000009 7825.5000000000009 10.500000000000002 7.5000000000000009
decision_type=2 8 8 2 2
left_child=-1 4 -3 -4 -2
right_child=1 2 3 -5 -6
leaf_value=0.20106094549376358 -0.049283028355318156 0.2399958825721083 -0.12739625258559453 0.15632341029947872 -0.24955953329272151
leaf_weight=2557 2505 2525 3147 2031 2301
leaf_count=2557 2505 2525 3147 2031 2301
internal_value=0.0225003 -0.0139998 0.0678393 -0.0161111 -0.145171
internal_weight=15066 12509 7703 5178 4806
internal_count=15066 12509 7703 5178 4806
is_linear=0
shrinkage=0.05


Tree=299
num_leaves=6
num_cat=0
split_feature=5 14 9 4 0
split_gain=54314 47040.1 77981.8 54341 69433.5
threshold=12.500000000000002 0.033964007344617006 1.0000000180025095e-35 4648.5000000000009 0.04871000050000001
decision_type=2 2 10 8 2
left_child=1 2 3 -1 -5
right_child=-2 -3 -4 4 -6
leaf_value=0.29591004969892609 -0.21338415831892166 0.21891626361510672 -0.21619768011829002 0.1715187040296067 -0.22722091665477945
leaf_weight=2038 2764 2641 3309 2314 2067
leaf_count=2038 2764 2641 3309 2314 2067
internal_value=-0.0130008 0.0317773 -0.019028 0.0826131 -0.0166107
internal_weight=15133 12369 9728 6419 4381
internal_count=15133 12369 9728 6419 4381
is_linear=0
shrinkage=0.05


Tree=300
num_leaves=6
num_cat=0
split_feature=15 15 0 4 3
split_gain=55210.6 37817.9 14277.7 10819 4389.54
threshold=386.46987576087622 238.00601590583901 0.025437779500000004 4000.5000000000005 0.29166129200000007
decision_type=2 2 2 10 2
left_child=1 2 -1 -4 -5
right_child=-2 -3 3 4 -6
leaf_value=-0.085297756239687009 -0.21305828511221414 0.22582787853010775 -0.021332449672203456 0.1522481321954462 0.048138463472999327
leaf_weight=2898 2340 2493 3310 2038 2012
leaf_count=2898 2340 2493 3310 2038 2012
internal_value=0.0101892 0.0511585 0.00870862 0.0457236 0.100527
internal_weight=15091 12751 10258 7360 4050
internal_count=15091 12751 10258 7360 4050
is_linear=0
shrinkage=0.05


Tree=301
num_leaves=6
num_cat=0
split_feature=4 4 4 1 5
split_gain=21166.4 27742.6 27497.7 21350.6 13537.6
threshold=10866.500000000002 5800.5000000000009 7825.5000000000009 58.500000000000007 8.5000000000000018
decision_type=8 10 10 2 2
left_child=1 4 -3 -2 -1
right_child=3 2 -4 -5 -6
leaf_value=0.023317028915749331 0.0098443880107129105 0.25413874699648115 0.0025746652279644367 -0.20523268461539668 -0.13103195238621942
leaf_weight=3791 2390 2219 2128 2231 2272
leaf_count=3791 2390 2219 2128 2231 2272
internal_value=-0.00493933 0.034592 0.13099 -0.0939939 -0.0345225
internal_weight=15031 10410 4347 4621 6063
internal_count=15031 10410 4347 4621 6063
is_linear=0
shrinkage=0.05


Tree=302
num_leaves=6
num_cat=0
split_feature=15 9 4 4 0
split_gain=113232 17426.8 18711.8 28214.5 15984.4
threshold=352.7886509892183 1.5000000000000002 2464.0000000000005 4800.5000000000009 0.10185473700000001
decision_type=2 10 10 10 2
left_child=1 2 -1 -4 -5
right_child=-2 -3 3 4 -6
leaf_value=-0.068564361207859956 0.35211101421401581 -0.12597243320834289 0.21762050642354258 -0.098403060295411959 0.098190127069388136
leaf_weight=3566 2682 2440 2235 2127 2012
leaf_count=3566 2682 2440 2235 2127 2012
internal_value=0.0575704 -0.00623879 0.0231526 0.0744646 -0.00283759
internal_weight=15062 12380 9940 6374 4139
internal_count=15062 12380 9940 6374 4139
is_linear=0
shrinkage=0.05


Tree=303
num_leaves=6
num_cat=0
split_feature=0 4 4 0 0
split_gain=35164.3 43596.2 60558.7 28299 25643.5
threshold=0.034227564000000009 12681.500000000002 7627.0000000000009 0.33320770050000009 0.0058119010000000013
decision_type=2 8 10 2 2
left_child=4 2 3 -2 -1
right_child=1 -3 -4 -5 -6
leaf_value=0.024874352387256094 0.00019248602231696209 0.2406439390321567 -0.23085628888466092 0.23513168782290117 -0.20243637290785249
leaf_weight=2250 3437 2541 2048 2044 2766
leaf_count=2250 3437 2541 2048 2044 2766
internal_value=0.00768803 0.0615644 0.00112592 0.0878071 -0.100473
internal_weight=15086 10070 7529 5481 5016
internal_count=15086 10070 7529 5481 5016
is_linear=0
shrinkage=0.05


Tree=304
num_leaves=7
num_cat=0
split_feature=4 15 3 15 4 4
split_gain=22200.1 55960.9 43373.3 19336.3 9056.49 7049.75
threshold=7254.5000000000009 307.46881441459146 0.25769870550000007 190.49353908684978 6250.5000000000009 3561.0000000000005
decision_type=10 2 2 2 8 10
left_child=1 3 -2 4 5 -1
right_child=2 -3 -4 -5 -6 -7
leaf_value=-0.057179053184378194 0.24859324661745369 -0.27185485934777448 -0.074235977194794717 0.14384256326739484 -0.11013986217991965 0.071785896503509652
leaf_weight=2007 2065 2252 2097 2009 2427 2245
leaf_count=2007 2065 2252 2097 2009 2427 2245
internal_value=-0.0123476 -0.0497391 0.0859376 0.00783509 -0.0330751 0.0109127
internal_weight=15102 10940 4162 8688 6679 4252
internal_count=15102 10940 4162 8688 6679 4252
is_linear=0
shrinkage=0.05


Tree=305
num_leaves=5
num_cat=0
split_feature=5 4 1 4
split_gain=45216.8 96779.9 30146.4 27084
threshold=6.5000000000000009 10284.000000000002 48.500000000000007 4681.0000000000009
decision_type=2 8 2 8
left_child=3 2 -2 -1
right_child=1 -3 -4 -5
leaf_value=0.057078299878002871 0.12092628298275232 0.32219513962772717 -0.1063591566922896 -0.16826465661293954
leaf_weight=2095 2333 3060 3894 3668
leaf_count=2095 2333 3060 3894 3668
internal_value=0.0236718 0.0919431 -0.0212047 -0.0863466
internal_weight=15050 9287 6227 5763
internal_count=15050 9287 6227 5763
is_linear=0
shrinkage=0.05


Tree=306
num_leaves=6
num_cat=0
split_feature=15 1 15 15 3
split_gain=55852.9 23328.8 17147 11790.3 9126.86
threshold=390.57642197130531 67.500000000000014 238.00601590583901 149.52353842782932 0.26016005050000007
decision_type=2 2 2 2 2
left_child=1 2 3 4 -1
right_child=-2 -3 -4 -5 -6
leaf_value=0.068712247564529885 -0.25532505917990156 0.15164156206633728 0.10707796546384099 -0.14912206902277289 -0.059923727846533825
leaf_weight=2106 2279 2461 2135 2264 3994
leaf_count=2106 2279 2461 2135 2264 3994
internal_value=-0.0270572 0.0130835 -0.019395 -0.0516786 -0.0155127
internal_weight=15239 12960 10499 8364 6100
internal_count=15239 12960 10499 8364 6100
is_linear=0
shrinkage=0.05


Tree=307
num_leaves=6
num_cat=0
split_feature=3 4 4 3 4
split_gain=36825.9 78597.7 22639.3 37255.3 31140.5
threshold=0.25769870550000007 7502.0000000000009 7667.5000000000009 224.00000000000003 4166.5000000000009
decision_type=2 8 8 2 10
left_child=1 -1 4 -4 -2
right_child=2 -3 3 -5 -6
leaf_value=-0.02849718583887649 -0.09987529690369136 0.36164372274265377 -0.24889292214536157 0.029538305514503257 0.15681773388701781
leaf_weight=3395 2250 2083 2574 2253 2488
leaf_count=3395 2250 2083 2574 2253 2488
internal_value=0.0164793 0.119853 -0.0427243 -0.118935 0.0349183
internal_weight=15043 5478 9565 4827 4738
internal_count=15043 5478 9565 4827 4738
is_linear=0
shrinkage=0.05


Tree=308
num_leaves=6
num_cat=0
split_feature=15 3 14 4 15
split_gain=37228.7 14241.4 12717.9 22373.8 17332
threshold=417.44147230914609 0.18505833500000005 0.016136529671151742 6704.0000000000009 165.00984277114438
decision_type=2 2 2 8 2
left_child=1 -1 4 -4 -3
right_child=-2 2 3 -5 -6
leaf_value=-0.10962326517652772 0.2084129769740275 -0.011302504502400456 0.046248464555774867 -0.17453708946688895 0.17836050507700915
leaf_weight=3419 2026 3024 2621 2041 2002
leaf_count=3419 2026 3024 2621 2041 2002
internal_value=0.00894262 -0.0218903 0.00907163 -0.0504103 0.0642457
internal_weight=15133 13107 9688 4662 5026
internal_count=15133 13107 9688 4662 5026
is_linear=0
shrinkage=0.05


Tree=309
num_leaves=6
num_cat=0
split_feature=15 5 15 15 15
split_gain=66784.7 21554.9 33185.5 11441 1069.37
threshold=381.8140495415966 7.5000000000000009 173.65269391691155 148.2320022013229 75.058816574098117
decision_type=2 2 2 2 2
left_child=1 2 4 -3 -1
right_child=-2 3 -4 -5 -6
leaf_value=0.028248015852570908 -0.27121940945087675 0.011780447680316103 0.2503840009637881 -0.12110511391937817 -0.023328427308614355
leaf_weight=2010 2379 3802 2032 2822 2010
leaf_count=2010 2379 3802 2032 2822 2010
internal_value=-0.0281323 0.0174897 0.085702 -0.0448323 0.00245979
internal_weight=15055 12676 6052 6624 4020
internal_count=15055 12676 6052 6624 4020
is_linear=0
shrinkage=0.05


Tree=310
num_leaves=6
num_cat=0
split_feature=0 4 14 0 9
split_gain=32156.8 31932.9 38593.1 47476 42222.2
threshold=0.45753025600000002 12841.500000000002 0.012176588331232857 0.044349387500000011 1.0000000180025095e-35
decision_type=2 8 2 2 10
left_child=1 2 3 -1 -4
right_child=-2 -3 4 -5 -6
leaf_value=0.056166097219756378 -0.12544826161108852 0.20101463164607206 0.28745088106317079 -0.25990613759832831 -0.029213425015910555
leaf_weight=2918 2480 3455 2167 2004 2047
leaf_count=2918 2480 3455 2167 2004 2047
internal_value=0.0391176 0.0715315 0.0225642 -0.0725232 0.133627
internal_weight=15071 12591 9136 4922 4214
internal_count=15071 12591 9136 4922 4214
is_linear=0
shrinkage=0.05


Tree=311
num_leaves=6
num_cat=0
split_feature=3 3 4 15 0
split_gain=28491.8 75490.6 32182.5 21989.9 21901.5
threshold=0.21028210100000003 0.34840434350000005 5595.5000000000009 166.70579075901585 0.058972209000000005
decision_type=2 2 8 2 2
left_child=4 -2 -3 -4 -1
right_child=1 2 3 -5 -6
leaf_value=-0.20007629290844969 0.26905680741954507 -0.16871368097572739 -0.057014363552104756 0.15413924242216223 0.020933546729200656
leaf_weight=2415 2917 2701 2528 2407 2092
leaf_count=2415 2917 2701 2528 2407 2092
internal_value=0.00774453 0.0526887 -0.0299653 0.0459738 -0.0974909
internal_weight=15060 10553 7636 4935 4507
internal_count=15060 10553 7636 4935 4507
is_linear=0
shrinkage=0.05


Tree=312
num_leaves=6
num_cat=0
split_feature=1 15 15 0 0
split_gain=36351.1 35740.3 11321.7 10598.2 15946.7
threshold=69.500000000000014 344.85164313145083 224.64942071642892 0.139014202 0.035821592500000006
decision_type=2 2 2 2 2
left_child=1 2 3 4 -1
right_child=-2 -3 -4 -5 -6
leaf_value=0.050870028617002121 -0.180728543257174 0.20865600757520913 -0.11201544683025658 0.081850356800656818 -0.13734840032303161
leaf_weight=2565 2345 2370 2044 3733 2005
leaf_count=2565 2345 2370 2044 3733 2005
internal_value=0.000158823 0.0335142 -0.00660231 0.0193479 -0.0317072
internal_weight=15062 12717 10347 8303 4570
internal_count=15062 12717 10347 8303 4570
is_linear=0
shrinkage=0.05


Tree=313
num_leaves=6
num_cat=0
split_feature=1 0 0 3 3
split_gain=22697.8 33776.4 13973.4 48407.9 58466.5
threshold=62.500000000000007 0.045123573500000007 0.058972209000000005 0.25769870550000007 0.4681771165000001
decision_type=2 2 2 2 2
left_child=2 -2 -1 -4 -5
right_child=1 -3 3 4 -6
leaf_value=-0.11049144420471375 0.24129568660426834 -0.033800016185241102 0.21145287958365744 -0.26866097764028318 0.085743632335531006
leaf_weight=3921 2154 2315 2041 2191 2482
leaf_count=3921 2154 2315 2041 2191 2482
internal_value=0.00423873 0.0987925 -0.0354943 0.00830426 -0.0804238
internal_weight=15104 4469 10635 6714 4673
internal_count=15104 4469 10635 6714 4673
is_linear=0
shrinkage=0.05


Tree=314
num_leaves=6
num_cat=0
split_feature=5 15 1 1 0
split_gain=28627.6 50362.1 12114.5 19874.1 18000.8
threshold=13.500000000000002 368.53040403105382 42.500000000000007 67.500000000000014 0.11613310200000002
decision_type=2 2 2 2 2
left_child=1 2 -1 4 -4
right_child=-2 -3 3 -5 -6
leaf_value=0.081143516504206786 0.14147729328960174 -0.27632916132735691 -0.16782370086896872 0.092518835785441081 0.0065932868329230529
leaf_weight=2741 2206 2118 3196 2078 2754
leaf_count=2741 2206 2118 3196 2078 2754
internal_value=-0.0249589 -0.0534495 -0.00961446 -0.040602 -0.0870936
internal_weight=15093 12887 10769 8028 5950
internal_count=15093 12887 10769 8028 5950
is_linear=0
shrinkage=0.05


Tree=315
num_leaves=7
num_cat=0
split_feature=5 15 3 15 15 5
split_gain=34985.3 81867 24206.4 54091.3 13167.6 5237.66
threshold=13.500000000000002 381.8140495415966 0.27772201700000004 180.84890930598294 140.6593083230305 7.5000000000000009
decision_type=2 2 2 2 2 2
left_child=1 2 4 5 -1 -4
right_child=-2 -3 3 -5 -6 -7
leaf_value=-0.022182617913180394 0.15119555997678749 -0.35736950929009081 0.0074712576022832079 0.26294230232332338 -0.19330674236893422 -0.10234928662117666
leaf_weight=2495 2187 2021 2136 2056 2046 2208
leaf_count=2495 2187 2021 2136 2056 2046 2208
internal_value=-0.0337877 -0.0649988 -0.0109926 0.0516532 -0.0992846 -0.0483491
internal_weight=15149 12962 10941 6400 4541 4344
internal_count=15149 12962 10941 6400 4541 4344
is_linear=0
shrinkage=0.05


Tree=316
num_leaves=7
num_cat=0
split_feature=15 14 3 3 3 15
split_gain=50492.6 12672.2 24005.1 33575.2 13437.6 28283.4
threshold=422.75384602423384 0.041649424711665009 0.4681771165000001 71.500000000000014 0.11345173650000002 160.78120027420934
decision_type=2 2 2 2 2 2
left_child=1 2 4 -4 -1 -6
right_child=-2 -3 3 -5 5 -7
leaf_value=0.076924614458127052 0.27760569407275959 -0.10550079829157791 0.26936384027369548 -0.017326598423881876 0.030173656991800565 -0.2143283511301271
leaf_weight=2172 2009 2057 2042 2043 2811 2042
leaf_count=2172 2009 2057 2042 2043 2811 2042
internal_value=0.0441208 0.00849605 0.0296024 0.125984 -0.0264427 -0.0727056
internal_weight=15176 13167 11110 4085 7025 4853
internal_count=15176 13167 11110 4085 7025 4853
is_linear=0
shrinkage=0.05


Tree=317
num_leaves=6
num_cat=0
split_feature=0 15 3 15 0
split_gain=32254.3 42554 29548.6 72282.8 20290.7
threshold=0.19470509850000003 163.40978988102424 0.21028210100000003 238.00601590583901 0.034998853500000003
decision_type=2 2 2 2 2
left_child=2 -2 -1 4 -4
right_child=1 -3 3 -5 -6
leaf_value=-0.059150345903160463 0.039090298692260959 -0.24639667288935296 -0.10475871989691364 0.36592804491664044 0.11049139831275262
leaf_weight=3443 2795 2449 2102 2068 2285
leaf_count=3443 2795 2449 2102 2068 2285
internal_value=0.00602209 -0.0942349 0.0591387 0.122232 0.00735583
internal_weight=15142 5244 9898 6455 4387
internal_count=15142 5244 9898 6455 4387
is_linear=0
shrinkage=0.05


Tree=318
num_leaves=6
num_cat=0
split_feature=4 15 7 4 14
split_gain=26670.2 53366.5 32553.2 22471.8 3605.76
threshold=18068.000000000004 352.7886509892183 1.0000000180025095e-35 4750.5000000000009 0.014751980416822496
decision_type=8 2 2 10 2
left_child=1 2 -1 -4 -5
right_child=-2 -3 3 4 -6
leaf_value=-0.14221815669413448 -0.12414994257842896 0.26709520326806091 0.18886374955101209 -0.058484645390303083 0.033703869511589241
leaf_weight=3336 3516 2013 2011 2199 2049
leaf_count=3336 3516 2013 2011 2199 2049
internal_value=-0.00350647 0.0330358 -0.0160691 0.0511674 -0.014018
internal_weight=15124 11608 9595 6259 4248
internal_count=15124 11608 9595 6259 4248
is_linear=0
shrinkage=0.05


Tree=319
num_leaves=6
num_cat=0
split_feature=4 15 3 15 3
split_gain=28501.1 96156.3 28491.4 18757.1 3772.07
threshold=18068.000000000004 348.91690311337732 0.47713152500000006 166.70579075901585 0.25769870550000007
decision_type=8 2 2 2 2
left_child=1 2 3 4 -1
right_child=-2 -3 -4 -5 -6
leaf_value=0.029409434357912451 -0.1154764898211021 0.35391973217828876 0.13672572611672237 -0.17573243667167246 -0.060592078469752224
leaf_weight=2778 3464 2104 2242 2573 2004
leaf_count=2778 3464 2104 2242 2573 2004
internal_value=0.0105037 0.0477993 -0.0193131 -0.0668779 -0.00830764
internal_weight=15165 11701 9597 7355 4782
internal_count=15165 11701 9597 7355 4782
is_linear=0
shrinkage=0.05


Tree=320
num_leaves=5
num_cat=0
split_feature=0 0 15 0
split_gain=19834.2 77187.5 56948.5 21053.6
threshold=0.058972209000000005 0.015719561500000003 304.55962659729863 0.34372811950000004
decision_type=2 2 2 2
left_child=1 -1 3 -2
right_child=2 -3 -4 -5
leaf_value=0.094468542293447283 0.04729197819361828 -0.2528149828397816 0.2777028067030986 -0.13355031148820448
leaf_weight=3351 3991 3062 2013 2697
leaf_count=3351 3991 3062 2013 2697
internal_value=-0.00463031 -0.0713481 0.0445435 -0.0256344
internal_weight=15114 6413 8701 6688
internal_count=15114 6413 8701 6688
is_linear=0
shrinkage=0.05


Tree=321
num_leaves=6
num_cat=0
split_feature=9 3 3 15 15
split_gain=33274.8 36641.2 93040.9 67013.1 42902.8
threshold=1.5000000000000002 0.49736532100000003 0.30700602800000004 134.30654473169639 188.61191292404169
decision_type=10 2 2 2 2
left_child=1 2 4 -3 -1
right_child=-2 3 -4 -5 -6
leaf_value=0.066980231034024271 0.17816786481600638 0.083951743699538173 0.33396335031437546 -0.29862919886731526 -0.22377095450297932
leaf_weight=3075 3052 2171 2209 2421 2160
leaf_count=3075 3052 2171 2209 2421 2160
internal_value=0.0307125 -0.00667814 0.0618409 -0.117753 -0.0529859
internal_weight=15088 12036 7444 4592 5235
internal_count=15088 12036 7444 4592 5235
is_linear=0
shrinkage=0.05


Tree=322
num_leaves=6
num_cat=0
split_feature=0 15 15 14 0
split_gain=34551 53616.1 29879.3 6666.93 5846.04
threshold=0.015719561500000003 275.29238425461165 177.8333673365465 0.030828982106189499 0.11395827000000001
decision_type=2 2 2 2 2
left_child=-1 2 3 4 -2
right_child=1 -3 -4 -5 -6
leaf_value=0.16406237131367565 -0.021187588361007544 -0.19476527674385655 0.21504278988038528 -0.080420967892607303 0.0923772260013907
leaf_weight=3376 2583 3128 2022 2015 2019
leaf_count=3376 2583 3128 2022 2015 2019
internal_value=0.0230601 -0.017394 0.0468284 -0.004574 0.0286358
internal_weight=15143 11767 8639 6617 4602
internal_count=15143 11767 8639 6617 4602
is_linear=0
shrinkage=0.05


Tree=323
num_leaves=7
num_cat=0
split_feature=0 15 15 3 3 4
split_gain=44377.4 88033.2 54635.6 12125 7577.1 6835.27
threshold=0.058972209000000005 301.83869239817415 230.76578143736614 0.48731901500000002 0.25769870550000007 6400.5000000000009
decision_type=2 2 2 2 2 8
left_child=2 3 5 4 -2 -1
right_child=1 -3 -4 -5 -6 -7
leaf_value=0.090500994643935573 0.01996267623280322 0.38230977100481051 -0.28753080565691785 0.092076257324211763 -0.11633327391788183 -0.036296479942821001
leaf_weight=2001 2052 2026 2117 2500 2027 2267
leaf_count=2001 2052 2026 2117 2500 2027 2267
internal_value=0.0200141 0.0941204 -0.0798582 0.00537263 -0.0477676 0.023151
internal_weight=14990 8605 6385 6579 4079 4268
internal_count=14990 8605 6385 6579 4079 4268
is_linear=0
shrinkage=0.05


Tree=324
num_leaves=6
num_cat=0
split_feature=4 15 1 0 9
split_gain=52445.8 64874.3 15084.7 10147.9 10124.6
threshold=18068.000000000004 352.7886509892183 51.500000000000007 0.078557362500000019 1.0000000180025095e-35
decision_type=8 2 2 2 10
left_child=1 2 4 -4 -1
right_child=-2 -3 3 -5 -6
leaf_value=0.016046290421740449 -0.16423033316498403 0.31237884162590557 -0.0077512068591708647 0.13354308749752652 -0.13457820627635506
leaf_weight=2084 3486 2047 2604 2482 2401
leaf_count=2084 3486 2047 2604 2482 2401
internal_value=0.00586074 0.0568968 0.00225556 0.0612013 -0.064589
internal_weight=15104 11618 9571 5086 4485
internal_count=15104 11618 9571 5086 4485
is_linear=0
shrinkage=0.05


Tree=325
num_leaves=6
num_cat=0
split_feature=15 3 14 9 3
split_gain=30155.8 25923.1 14290.1 17440.9 17127.3
threshold=386.46987576087622 0.80926212800000019 0.012176588331232857 1.0000000180025095e-35 0.18505833500000005
decision_type=2 2 2 8 2
left_child=1 2 4 -4 -1
right_child=-2 -3 3 -5 -6
leaf_value=-0.088375185432583006 -0.20606266407378415 0.10972237087844926 -0.020664096466435279 -0.20849958471161734 0.10766535546628193
leaf_weight=2160 2307 3354 2580 2372 2301
leaf_count=2160 2307 3354 2580 2372 2301
internal_value=-0.0396978 -0.00963562 -0.0521648 -0.110637 0.0127432
internal_weight=15074 12767 9413 4952 4461
internal_count=15074 12767 9413 4952 4461
is_linear=0
shrinkage=0.05


Tree=326
num_leaves=6
num_cat=0
split_feature=3 15 3 4 0
split_gain=46768.6 119944 24663 16359.4 3859.88
threshold=284.50000000000006 272.73076371791529 0.48256165150000002 7709.5000000000009 0.083342923000000013
decision_type=2 2 2 8 2
left_child=1 2 3 4 -1
right_child=-2 -3 -4 -5 -6
leaf_value=-0.12242006148250116 0.18063189658755358 -0.31599022710635083 0.16360005693224472 0.08646501094989946 -0.029699450572186821
leaf_weight=2228 2326 3432 2510 2379 2262
leaf_count=2228 2326 3432 2510 2379 2262
internal_value=-0.0256276 -0.0630766 0.0294706 -0.0195417 -0.0757087
internal_weight=15137 12811 9379 6869 4490
internal_count=15137 12811 9379 6869 4490
is_linear=0
shrinkage=0.05


Tree=327
num_leaves=5
num_cat=0
split_feature=4 4 1 4
split_gain=27093.4 37429.9 36360.7 71580.4
threshold=7825.5000000000009 7499.5000000000009 45.500000000000007 4648.5000000000009
decision_type=10 8 2 10
left_child=1 2 -1 -4
right_child=-2 -3 3 -5
leaf_value=0.12739203129396168 -0.11084001437375768 0.18186412012563882 0.073254093558254435 -0.30579167070417018
leaf_weight=2861 3683 3478 2793 2248
leaf_count=2861 3683 3478 2793 2248
internal_value=0.00703361 0.045182 -0.0149775 -0.0957788
internal_weight=15063 11380 7902 5041
internal_count=15063 11380 7902 5041
is_linear=0
shrinkage=0.05


Tree=328
num_leaves=6
num_cat=0
split_feature=15 0 5 15 15
split_gain=72503.3 21377.7 20618.2 36445.3 7406.21
threshold=406.32708190406623 0.017772055000000005 11.500000000000002 173.65269391691155 61.122457283969851
decision_type=2 2 2 2 2
left_child=1 -1 3 4 -3
right_child=-2 2 -4 -5 -6
leaf_value=-0.13207859111786599 -0.33180706151156791 0.049892812479580301 -0.10961754397943116 0.20790004181178837 -0.075372662113591893
leaf_weight=3043 2119 2054 2353 2679 2773
leaf_count=3043 2119 2054 2353 2679 2773
internal_value=-0.0607489 -0.0162308 0.0195259 0.0600101 -0.0220693
internal_weight=15021 12902 9859 7506 4827
internal_count=15021 12902 9859 7506 4827
is_linear=0
shrinkage=0.05


Tree=329
num_leaves=6
num_cat=0
split_feature=3 3 1 15 4
split_gain=34994.6 57234 62447.8 41807.8 16563
threshold=0.20558394200000002 0.39390283550000005 47.500000000000007 172.12080103472871 1400.5000000000002
decision_type=2 2 2 2 10
left_child=3 -2 -3 -1 -4
right_child=1 2 4 -5 -6
leaf_value=-0.0015757652333268199 0.17959541018810765 -0.28527447187126198 0.12475508573776684 -0.31089641394646389 -0.064617844742216574
leaf_weight=2400 3839 2143 2600 2005 2077
leaf_count=2400 3839 2143 2600 2005 2077
internal_value=-0.0238219 0.0251689 -0.0617582 -0.142368 0.0406568
internal_weight=15064 10659 6820 4405 4677
internal_count=15064 10659 6820 4405 4677
is_linear=0
shrinkage=0.05


Tree=330
num_leaves=6
num_cat=0
split_feature=1 15 1 15 1
split_gain=42978.7 73508.3 19761.9 18644.5 12315.5
threshold=41.500000000000007 364.78600104921179 67.500000000000014 168.0731307161206 54.500000000000007
decision_type=2 2 2 2 2
left_child=-1 2 3 4 -2
right_child=1 -3 -4 -5 -6
leaf_value=-0.1772744997238862 -0.094748203300176678 0.29881644970151411 0.097909927486574941 -0.17619385022913139 0.065468753770563132
leaf_weight=3206 2271 2082 2351 2605 2542
leaf_count=3206 2271 2082 2351 2605 2542
internal_value=-0.0148606 0.0290765 -0.0284113 -0.0684466 -0.0101291
internal_weight=15057 11851 9769 7418 4813
internal_count=15057 11851 9769 7418 4813
is_linear=0
shrinkage=0.05


Tree=331
num_leaves=5
num_cat=0
split_feature=4 15 7 14
split_gain=46879.3 51129 8768.47 14777.8
threshold=17015.500000000004 352.7886509892183 1.0000000180025095e-35 0.012070312758673211
decision_type=8 2 2 2
left_child=1 2 -1 -4
right_child=-2 -3 3 -5
leaf_value=-0.039295893354311023 -0.13269217400728248 0.30508489382584986 0.15117197046386499 -0.00559080246698033
leaf_weight=3251 3519 2008 2652 3471
leaf_count=3251 3519 2008 2652 3471
internal_value=0.0268048 0.0761168 0.0270697 0.0623064
internal_weight=14901 11382 9374 6123
internal_count=14901 11382 9374 6123
is_linear=0
shrinkage=0.05


Tree=332
num_leaves=5
num_cat=0
split_feature=4 3 3 3
split_gain=22542.4 22921.7 66920.2 38400
threshold=7825.5000000000009 0.21586669750000001 0.54627344550000012 224.00000000000003
decision_type=10 2 2 2
left_child=1 -1 -3 -4
right_child=-2 2 3 -5
leaf_value=-0.080260412421325533 -0.10858629981706465 0.24463695051404138 -0.18625598071882485 0.096890587120624802
leaf_weight=3184 3676 3476 2376 2414
leaf_count=3184 3676 3476 2376 2414
internal_value=-0.000859757 0.0337256 0.0776322 -0.0435596
internal_weight=15126 11450 8266 4790
internal_count=15126 11450 8266 4790
is_linear=0
shrinkage=0.05


Tree=333
num_leaves=6
num_cat=0
split_feature=5 4 4 15 4
split_gain=37051 46666.5 43372.8 56753.6 32751
threshold=7.5000000000000009 5000.5000000000009 4700.5000000000009 153.40460572220309 8999.5000000000018
decision_type=2 8 10 2 8
left_child=2 -2 3 -1 -3
right_child=1 4 -4 -5 -6
leaf_value=0.015857978407618756 -0.26291259788265747 0.14395037079172154 -0.071257325505098293 0.37578784271699606 -0.099491635449580826
leaf_weight=2377 2288 2417 2753 2031 3225
leaf_count=2377 2288 2417 2753 2031 3225
internal_value=0.00200594 -0.0724434 0.0844502 0.181697 0.0047975
internal_weight=15091 7930 7161 4408 5642
internal_count=15091 7930 7161 4408 5642
is_linear=0
shrinkage=0.05


Tree=334
num_leaves=6
num_cat=0
split_feature=15 14 14 15 15
split_gain=30398.8 12130.2 30031.3 11043.8 6985.64
threshold=292.99670487339705 0.011232086651081066 0.0075602986304670718 154.65266001324022 71.464083088825376
decision_type=2 2 2 2 2
left_child=1 2 -1 4 -3
right_child=-2 3 -4 -5 -6
leaf_value=-0.03328129921837774 -0.14552425693481061 -0.042390321077569043 0.20796844644863893 -0.1223074946079781 0.086827760732923351
leaf_weight=2835 3655 2183 2367 2041 2008
leaf_count=2835 3655 2183 2367 2041 2008
internal_value=-0.0200013 0.0201234 0.0764915 -0.0269284 0.0195209
internal_weight=15089 11434 5202 6232 4191
internal_count=15089 11434 5202 6232 4191
is_linear=0
shrinkage=0.05


Tree=335
num_leaves=6
num_cat=0
split_feature=1 14 0 3 15
split_gain=29415 43170.6 102323 60229.5 52888.7
threshold=40.500000000000007 0.015529734670191059 0.075152122500000015 0.39782667850000003 190.49353908684978
decision_type=2 2 2 2 2
left_child=-1 2 4 -3 -2
right_child=1 3 -4 -5 -6
leaf_value=-0.14078085016745837 -0.053763398654195993 0.36175157281723735 -0.33074192027003962 0.0033441914075315426 0.27037790397825062
leaf_weight=2918 3059 2004 2147 2824 2138
leaf_count=2918 3059 2004 2147 2824 2138
internal_value=0.00179579 0.0359758 -0.0403727 0.152111 0.0795855
internal_weight=15090 12172 7344 4828 5197
internal_count=15090 12172 7344 4828 5197
is_linear=0
shrinkage=0.05


Tree=336
num_leaves=6
num_cat=0
split_feature=14 5 4 4 4
split_gain=50086.1 44756.6 84811.8 83390.5 55433.8
threshold=0.041844949239197383 9.5000000000000018 4800.5000000000009 4000.5000000000005 5666.5000000000009
decision_type=2 2 10 8 10
left_child=1 2 3 -1 -3
right_child=-2 4 -4 -5 -6
leaf_value=-0.087832791402329538 -0.17957073641651008 0.020842718934110587 -0.17697450599881978 0.33062300211711576 0.37509920550207487
leaf_weight=2150 2287 2145 3597 2668 2276
leaf_count=2150 2287 2145 3597 2668 2276
internal_value=0.0360008 0.0744093 0.00673611 0.14389 0.20322
internal_weight=15123 12836 8415 4818 4421
internal_count=15123 12836 8415 4818 4421
is_linear=0
shrinkage=0.05


Tree=337
num_leaves=5
num_cat=0
split_feature=1 1 4 4
split_gain=28194.7 42945.6 68047.4 61518.2
threshold=41.500000000000007 58.500000000000007 4648.5000000000009 9152.0000000000018
decision_type=2 2 10 8
left_child=-1 3 -3 -2
right_child=1 2 -4 -5
leaf_value=-0.11564658746998401 0.012133681988720234 0.10401397851508834 -0.23405141219674308 0.34578875958583638
leaf_weight=3308 3400 3416 2638 2327
leaf_count=3308 3400 3416 2638 2327
internal_value=0.0133362 0.0495534 -0.0432963 0.147705
internal_weight=15089 11781 6054 5727
internal_count=15089 11781 6054 5727
is_linear=0
shrinkage=0.05


Tree=338
num_leaves=6
num_cat=0
split_feature=15 4 1 15 5
split_gain=39990.1 23420.2 29340.7 34559.9 4305.47
threshold=381.8140495415966 14510.500000000002 42.500000000000007 149.52353842782932 8.5000000000000018
decision_type=2 8 2 2 2
left_child=1 2 -1 4 -4
right_child=-2 -3 3 -5 -6
leaf_value=0.095071516569544545 -0.23223959321209897 0.10974340852774711 -0.058229237272565876 -0.23195850721958267 0.044927396867368984
leaf_weight=2608 2391 3116 2024 2939 2022
leaf_count=2608 2391 3116 2024 2939 2022
internal_value=-0.0446435 -0.00935021 -0.0480342 -0.101466 -0.00667642
internal_weight=15100 12709 9593 6985 4046
internal_count=15100 12709 9593 6985 4046
is_linear=0
shrinkage=0.05


Tree=339
num_leaves=5
num_cat=0
split_feature=4 15 1 1
split_gain=29573.4 57528.5 10888.7 11613.4
threshold=7825.5000000000009 213.83507902490462 61.500000000000007 48.500000000000007
decision_type=10 2 2 2
left_child=1 2 3 -1
right_child=-2 -3 -4 -5
leaf_value=-0.021417047624810517 -0.12468940858003813 0.19306655810368645 0.03909904670624717 -0.17722630217938909
leaf_weight=2812 3742 3899 2590 2081
leaf_count=2812 3742 3899 2590 2081
internal_value=-0.00274976 0.0373397 -0.0438014 -0.0876829
internal_weight=15124 11382 7483 4893
internal_count=15124 11382 7483 4893
is_linear=0
shrinkage=0.05


Tree=340
num_leaves=6
num_cat=0
split_feature=0 1 0 14 3
split_gain=26631.5 70511.9 48501.3 33784.5 28638.7
threshold=0.19470509850000003 58.500000000000007 0.061123264500000003 0.033964007344617006 0.30951149650000004
decision_type=2 2 2 2 2
left_child=1 2 -1 -2 -3
right_child=3 4 -4 -5 -6
leaf_value=0.054873197300728975 -0.22488646652520392 -0.22248704917189432 0.36466252444311981 0.028659678248173243 0.031658868960138219
leaf_weight=3293 2431 2227 2050 2859 2207
leaf_count=3293 2431 2227 2050 2859 2207
internal_value=0.00251457 0.0514113 0.173733 -0.0878565 -0.0959873
internal_weight=15067 9777 5343 5290 4434
internal_count=15067 9777 5343 5290 4434
is_linear=0
shrinkage=0.05


Tree=341
num_leaves=6
num_cat=0
split_feature=3 15 3 3 15
split_gain=51764.7 84055.5 17072.7 28923.3 7332.56
threshold=224.00000000000003 275.29238425461165 0.52480957100000014 0.26016005050000007 108.68321397017114
decision_type=2 2 2 2 2
left_child=1 2 3 4 -1
right_child=-2 -3 -4 -5 -6
leaf_value=0.0062738830360803636 0.19590122395540294 -0.26959327022625845 0.14635845812735532 -0.12912256724301521 0.14089787114881189
leaf_weight=2035 2432 3377 2119 3136 2011
leaf_count=2035 2432 3377 2119 3136 2011
internal_value=-0.0153982 -0.0559314 0.0216448 -0.0151511 0.0731866
internal_weight=15110 12678 9301 7182 4046
internal_count=15110 12678 9301 7182 4046
is_linear=0
shrinkage=0.05


Tree=342
num_leaves=6
num_cat=0
split_feature=3 15 14 0 15
split_gain=44738.8 68541.3 45886.3 39505.9 32612.2
threshold=0.25769870550000007 213.83507902490462 0.021861494210487501 0.36904633450000007 115.35549764336722
decision_type=2 2 2 2 2
left_child=1 -1 4 -4 -2
right_child=2 -3 3 -5 -6
leaf_value=-0.0025478329382926344 0.0068153391144336502 0.36373818350017134 0.23596241051080563 -0.07096657739140394 -0.24481882081268999
leaf_weight=3485 2146 2016 2018 2182 3219
leaf_count=3485 2146 2016 2018 2182 3219
internal_value=0.0180734 0.131688 -0.0472685 0.0765055 -0.144165
internal_weight=15066 5501 9565 4200 5365
internal_count=15066 5501 9565 4200 5365
is_linear=0
shrinkage=0.05


Tree=343
num_leaves=5
num_cat=0
split_feature=1 4 0 4
split_gain=30987.4 69612.2 41035.4 37557.5
threshold=41.500000000000007 12681.500000000002 0.17215443650000004 4648.5000000000009
decision_type=2 8 2 10
left_child=-1 2 3 -2
right_child=1 -3 -4 -5
leaf_value=-0.12181081996341372 0.056180919207947724 0.23902982264601938 0.1194179470807169 -0.21899257434864905
leaf_weight=3234 2033 3522 3043 3179
leaf_count=3234 2033 3522 3043 3179
internal_value=0.0152791 0.0529244 -0.0264776 -0.111658
internal_weight=15011 11777 8255 5212
internal_count=15011 11777 8255 5212
is_linear=0
shrinkage=0.05


Tree=344
num_leaves=6
num_cat=0
split_feature=3 1 0 1 0
split_gain=22781.7 46717.6 74272.4 37423.2 28124.7
threshold=0.49736532100000003 51.500000000000007 0.064569657500000002 40.500000000000007 0.058972209000000005
decision_type=2 2 2 2 2
left_child=1 3 -3 -1 -2
right_child=4 2 -4 -5 -6
leaf_value=0.011771830947032111 -0.2157206176399849 0.13143710651229834 -0.24423114612441515 0.30368264043965637 0.014699972047033553
leaf_weight=2086 2295 2647 2616 2318 3131
leaf_count=2086 2295 2647 2616 2318 3131
internal_value=-0.000765617 0.0452568 -0.0552906 0.165416 -0.0827595
internal_weight=15093 9667 5263 4404 5426
internal_count=15093 9667 5263 4404 5426
is_linear=0
shrinkage=0.05


Tree=345
num_leaves=5
num_cat=0
split_feature=14 15 4 1
split_gain=51914.1 67335.9 13386 16798.2
threshold=0.0042085605041421803 360.89752852725434 2464.0000000000005 51.500000000000007
decision_type=2 2 10 2
left_child=-1 2 -2 -4
right_child=1 -3 3 -5
leaf_value=-0.24725967326012649 -0.11328456254338859 0.27557561696779581 -0.062798259661188058 0.085844513358955488
leaf_weight=2017 3141 2228 3913 3696
leaf_count=2017 3141 2228 3913 3696
internal_value=-0.0112714 0.0254051 -0.0264442 0.00940357
internal_weight=14995 12978 10750 7609
internal_count=14995 12978 10750 7609
is_linear=0
shrinkage=0.05


Tree=346
num_leaves=6
num_cat=0
split_feature=0 15 4 15 3
split_gain=31981.1 44970.6 17230.7 29609.7 7590.34
threshold=0.48991772250000004 377.42664495210266 1252.5000000000002 200.24264976395406 0.26222285350000002
decision_type=2 2 10 2 2
left_child=1 2 -1 4 -4
right_child=-2 -3 3 -5 -6
leaf_value=0.099545959743202586 -0.17198811954117688 0.24742324675968452 0.073657893669330773 -0.19825923778815913 -0.041338589505239678
leaf_weight=2754 2248 2045 2814 2271 2928
leaf_count=2754 2248 2045 2814 2271 2928
internal_value=0.00195804 0.0324787 -0.00834617 -0.0454278 0.0150181
internal_weight=15060 12812 10767 8013 5742
internal_count=15060 12812 10767 8013 5742
is_linear=0
shrinkage=0.05


Tree=347
num_leaves=5
num_cat=0
split_feature=4 1 1 3
split_gain=35118.3 42337.6 53584.3 42637.2
threshold=18068.000000000004 45.500000000000007 56.500000000000007 0.30700602800000004
decision_type=8 2 2 2
left_child=1 -1 -3 -4
right_child=-2 2 3 -5
leaf_value=0.18164511705078099 -0.1367641430983236 -0.18788244757941863 -0.045153541291971661 0.25516833749705592
leaf_weight=3787 3477 3003 2817 2036
leaf_count=3787 3477 3003 2817 2036
internal_value=0.00267694 0.0443188 -0.0218796 0.0808418
internal_weight=15120 11643 7856 4853
internal_count=15120 11643 7856 4853
is_linear=0
shrinkage=0.05


Tree=348
num_leaves=6
num_cat=0
split_feature=0 14 7 14 15
split_gain=43514.3 75067.4 76667.1 61847.8 14861.3
threshold=0.045123573500000007 0.0098979294367737818 1.5000000000000002 0.0087396615926057467 119.0973212258138
decision_type=2 2 2 2 2
left_child=3 -2 4 -1 -3
right_child=1 2 -4 -5 -6
leaf_value=0.25370896642929824 -0.33449165342430365 0.019201287664175122 -0.22530075753847079 -0.078495539237780854 0.19450621801487383
leaf_weight=3184 2059 2110 2390 2502 2831
leaf_count=3184 2059 2110 2390 2502 2831
internal_value=-0.00163251 -0.0677343 0.0071877 0.10753 0.119644
internal_weight=15076 9390 7331 5686 4941
internal_count=15076 9390 7331 5686 4941
is_linear=0
shrinkage=0.05


Tree=349
num_leaves=6
num_cat=0
split_feature=14 5 15 15 7
split_gain=30466.2 54192.9 157218 24281.4 7054.82
threshold=0.04497342737474317 10.500000000000002 290.5828412124805 165.00984277114438 1.0000000180025095e-35
decision_type=2 2 2 2 2
left_child=1 2 3 4 -1
right_child=-2 -3 -4 -5 -6
leaf_value=0.060749331505010808 0.20476100491390981 0.16222417969373881 -0.42391152276317351 0.19532210351979476 -0.0596401630338977
leaf_weight=2136 2093 3664 2297 2090 2828
leaf_count=2136 2093 3664 2297 2090 2828
internal_value=0.0277039 -0.000769419 -0.0646352 0.0523563 -0.00783679
internal_weight=15108 13015 9351 7054 4964
internal_count=15108 13015 9351 7054 4964
is_linear=0
shrinkage=0.05


Tree=350
num_leaves=6
num_cat=0
split_feature=14 4 7 15 15
split_gain=31413.1 56242 80767.7 45931.3 39653.5
threshold=0.0086638047098293435 2769.5000000000005 1.0000000180025095e-35 187.1353612176035 222.860547702378
decision_type=2 10 2 2 2
left_child=3 -2 -3 -1 -4
right_child=1 2 4 -5 -6
leaf_value=-0.056968697487544885 -0.25744343903131928 0.26591776700106767 0.0019945653172508534 0.25974873322621916 -0.27777836391736094
leaf_weight=2668 3057 2033 3343 2005 2039
leaf_count=2668 3057 2033 3343 2005 2039
internal_value=-0.028875 -0.0769782 -0.0025774 0.0789223 -0.103999
internal_weight=15145 10472 7415 4673 5382
internal_count=15145 10472 7415 4673 5382
is_linear=0
shrinkage=0.05


Tree=351
num_leaves=5
num_cat=0
split_feature=0 5 7 15
split_gain=33571.1 33501.8 72163.8 69133.3
threshold=0.0046896650000000008 8.5000000000000018 1.0000000180025095e-35 207.17682822642638
decision_type=2 2 2 2
left_child=-1 2 -2 -3
right_child=1 3 -4 -5
leaf_value=0.18765888008711884 -0.12920958814794531 0.019848747311894527 0.19168215165139851 -0.33136197792144717
leaf_weight=2088 3225 3615 3836 2288
leaf_count=2088 3225 3615 3836 2288
internal_value=0.00159584 -0.0283717 0.0451199 -0.11628
internal_weight=15052 12964 7061 5903
internal_count=15052 12964 7061 5903
is_linear=0
shrinkage=0.05


Tree=352
num_leaves=6
num_cat=0
split_feature=3 15 15 4 3
split_gain=29446.8 48248.2 47065 11194.2 6897.23
threshold=0.39390283550000005 244.46003436887807 296.22966935742687 7302.0000000000009 0.13194836950000002
decision_type=2 2 2 8 2
left_child=2 3 4 -2 -1
right_child=1 -3 -4 -5 -6
leaf_value=0.060641938415429898 0.08756694874776054 -0.28643261544306875 0.26962262078421423 -0.065431181997724477 -0.048726632714676942
leaf_weight=2268 2206 2021 2006 2610 3956
leaf_count=2268 2206 2021 2006 2610 3956
internal_value=-0.00470211 -0.0813929 0.0590081 0.0046506 -0.00887318
internal_weight=15067 6837 8230 4816 6224
internal_count=15067 6837 8230 4816 6224
is_linear=0
shrinkage=0.05


Tree=353
num_leaves=6
num_cat=0
split_feature=5 15 0 0 5
split_gain=47359 80335.1 18219.5 31144.6 5934.81
threshold=12.500000000000002 352.7886509892183 0.029890932500000005 0.10740148000000001 6.5000000000000009
decision_type=2 2 2 2 2
left_child=1 2 -1 -4 -5
right_child=-2 -3 3 4 -6
leaf_value=-0.093133175510416208 -0.16379820746962517 0.33535502011115109 0.20221758788264382 0.037262745552771134 -0.076846842686329256
leaf_weight=3276 2808 2230 2259 2103 2487
leaf_count=3276 2808 2230 2259 2103 2487
internal_value=0.0215556 0.0636821 0.00384698 0.0502343 -0.0245653
internal_weight=15163 12355 10125 6849 4590
internal_count=15163 12355 10125 6849 4590
is_linear=0
shrinkage=0.05


Tree=354
num_leaves=6
num_cat=0
split_feature=14 4 15 4 4
split_gain=39436.5 85008 65047.8 37711.5 58796.9
threshold=0.014751980416822496 6912.0000000000009 200.24264976395406 4583.5000000000009 6307.5000000000009
decision_type=2 10 2 8 10
left_child=1 2 -1 -2 -5
right_child=3 -3 -4 4 -6
leaf_value=-0.055327321848183911 -0.06917555720502469 0.16164742298541393 -0.41462335924776728 0.35338145672086746 -0.004404723178581647
leaf_weight=3386 2541 2544 2006 2251 2344
leaf_count=3386 2541 2544 2006 2251 2344
internal_value=0.000100861 -0.076593 -0.188997 0.0853926 0.170868
internal_weight=15072 7936 5392 7136 4595
internal_count=15072 7936 5392 7136 4595
is_linear=0
shrinkage=0.05


Tree=355
num_leaves=6
num_cat=0
split_feature=15 3 15 15 0
split_gain=73296 30302.7 34974.9 19428.3 8051.08
threshold=422.75384602423384 0.41266068950000007 200.24264976395406 172.12080103472871 0.12727918000000002
decision_type=2 2 2 2 2
left_child=1 2 4 -3 -1
right_child=-2 3 -4 -5 -6
leaf_value=-0.058740359389301326 0.30994614197641718 0.0041734083384671362 -0.24150568655845592 0.19609331009382022 0.069264771990666482
leaf_weight=3074 2013 3726 2323 2041 2046
leaf_count=3074 2013 3726 2323 2041 2046
internal_value=0.0288924 -0.0139359 -0.0805952 0.0720958 -0.00758831
internal_weight=15223 13210 7443 5767 5120
internal_count=15223 13210 7443 5767 5120
is_linear=0
shrinkage=0.05


Tree=356
num_leaves=5
num_cat=0
split_feature=3 4 0 1
split_gain=48979.1 93850.3 29089 40226
threshold=0.26016005050000007 7502.0000000000009 0.41234090650000005 53.500000000000007
decision_type=2 8 2 2
left_child=1 -1 3 -2
right_child=2 -3 -4 -5
leaf_value=-0.053267953013332349 -0.24270038388626777 0.36780516932047785 0.091274513104068533 -0.011762643656111767
leaf_weight=3439 3624 2151 2015 3931
leaf_count=3439 3624 2151 2015 3931
internal_value=-0.00883289 0.108759 -0.0775201 -0.122539
internal_weight=15160 5590 9570 7555
internal_count=15160 5590 9570 7555
is_linear=0
shrinkage=0.05


Tree=357
num_leaves=6
num_cat=0
split_feature=14 15 1 15 0
split_gain=54727.3 74053 35740.5 55112.8 26731.6
threshold=0.024683041463863385 183.8764404029543 58.500000000000007 161.99834289389551 0.035821592500000006
decision_type=2 2 2 2 2
left_child=2 -2 3 -1 -4
right_child=1 -3 4 -5 -6
leaf_value=-0.041957417865391144 -0.01702272853620963 -0.40860824515526062 -0.19429854721345802 0.28331786268788256 0.041429777826413938
leaf_weight=2724 2901 2068 2384 2495 2427
leaf_count=2724 2901 2068 2384 2495 2427
internal_value=-0.0443 -0.179993 0.0229241 0.113544 -0.0753809
internal_weight=14999 4969 10030 5219 4811
internal_count=14999 4969 10030 5219 4811
is_linear=0
shrinkage=0.05


Tree=358
num_leaves=6
num_cat=0
split_feature=14 0 5 3 1
split_gain=56367.7 70716.3 51042.7 47476.5 26773.4
threshold=0.014751980416822496 0.064569657500000002 6.5000000000000009 0.56238157950000012 48.500000000000007
decision_type=2 2 2 2 2
left_child=1 2 -1 4 -2
right_child=3 -3 -4 -5 -6
leaf_value=-0.17263061423093951 0.29299555182783571 -0.32371255660665771 0.13437734740306267 -0.086654201792160351 0.051929985373409308
leaf_weight=2452 2545 2508 3023 2490 2104
leaf_count=2452 2545 2508 3023 2490 2104
internal_value=-0.0125495 -0.103838 -0.00311736 0.0895315 0.183896
internal_weight=15122 7983 5475 7139 4649
internal_count=15122 7983 5475 7139 4649
is_linear=0
shrinkage=0.05


Tree=359
num_leaves=5
num_cat=0
split_feature=3 14 15 0
split_gain=37620.8 37847.6 65798.2 29565.3
threshold=0.15177095500000001 0.0087396615926057467 292.99670487339705 0.29422945300000009
decision_type=2 2 2 2
left_child=-1 -2 3 -3
right_child=1 2 -4 -5
leaf_value=0.16146697048051242 0.11498727321640279 0.082956238079512606 -0.33135130165319426 -0.13625047337746707
leaf_weight=3347 3300 3805 2048 2582
leaf_count=3347 3300 3805 2048 2582
internal_value=0.013601 -0.0285726 -0.0847371 -0.00565997
internal_weight=15082 11735 8435 6387
internal_count=15082 11735 8435 6387
is_linear=0
shrinkage=0.05


Tree=360
num_leaves=6
num_cat=0
split_feature=1 1 15 14 14
split_gain=21678.4 59535 26175.3 21548.9 6089.45
threshold=70.500000000000014 62.500000000000007 282.88539540044263 0.012176588331232857 0.030956521739130435
decision_type=2 2 2 2 2
left_child=1 2 3 -1 -5
right_child=-2 -3 -4 4 -6
leaf_value=0.083371105901697093 -0.1845184508709895 0.21389306896937119 -0.19833205664441172 -0.029239432739328775 -0.14274717250329358
leaf_weight=3157 2150 2362 2693 2391 2336
leaf_count=3157 2150 2362 2693 2391 2336
internal_value=-0.0374958 -0.0130659 -0.0637491 -0.0177786 -0.085333
internal_weight=15089 12939 10577 7884 4727
internal_count=15089 12939 10577 7884 4727
is_linear=0
shrinkage=0.05


Tree=361
num_leaves=6
num_cat=0
split_feature=15 14 4 15 4
split_gain=70328.2 21387.1 32083 25157.6 9613.11
threshold=417.44147230914609 0.019169879419243707 6912.0000000000009 217.48024307599241 5250.5000000000009
decision_type=2 2 8 2 10
left_child=1 3 -3 4 -1
right_child=-2 2 -4 -5 -6
leaf_value=0.033174898246498018 0.29577922850627031 0.002499628899302362 -0.24575481007689898 0.18327075597062503 -0.099332848283371231
leaf_weight=3332 2030 3265 2164 2048 2323
leaf_count=3332 2030 3265 2164 2048 2323
internal_value=0.0218907 -0.0204481 -0.0964546 0.0331205 -0.0212576
internal_weight=15162 13132 5429 7703 5655
internal_count=15162 13132 5429 7703 5655
is_linear=0
shrinkage=0.05


Tree=362
num_leaves=5
num_cat=0
split_feature=3 3 3 5
split_gain=30232.3 31865 51178.4 26592.2
threshold=0.9439104745000001 0.39390283550000005 0.28946954900000005 5.5000000000000009
decision_type=2 2 2 2
left_child=1 2 3 -1
right_child=-2 -3 -4 -5
leaf_value=0.04891015972434426 0.10079101622676133 -0.19807221448996329 0.20684159113935496 -0.16503733824296035
leaf_weight=2349 3683 3190 2017 3805
leaf_count=2349 3683 3190 2017 3805
internal_value=-0.0236981 -0.0640549 -0.0117339 -0.0833729
internal_weight=15044 11361 8171 6154
internal_count=15044 11361 8171 6154
is_linear=0
shrinkage=0.05


Tree=363
num_leaves=6
num_cat=0
split_feature=1 15 4 15 15
split_gain=20649.5 43656 14435.8 15268.9 6648.12
threshold=68.500000000000014 344.85164313145083 3799.5000000000005 203.31429327690594 97.414212281231144
decision_type=2 2 8 2 2
left_child=1 2 -1 4 -4
right_child=-2 -3 3 -5 -6
leaf_value=0.10320949683628632 -0.11721104939977252 0.23083734162325265 -0.047154784177338899 -0.15657162574538552 0.05934495600750414
leaf_weight=2313 2576 2384 3170 2042 2725
leaf_count=2313 2576 2384 3170 2042 2725
internal_value=0.0118093 0.0381158 -0.00670842 -0.0387407 0.00207538
internal_weight=15210 12634 10250 7937 5895
internal_count=15210 12634 10250 7937 5895
is_linear=0
shrinkage=0.05


Tree=364
num_leaves=6
num_cat=0
split_feature=0 15 1 7 4
split_gain=36800.6 51599.5 15445.4 13415.5 19587.7
threshold=0.032521304500000008 316.82973748032322 56.500000000000007 1.0000000180025095e-35 6250.5000000000009
decision_type=2 2 2 2 8
left_child=2 3 -1 -2 -5
right_child=1 -3 -4 4 -6
leaf_value=-0.21125716238956552 -0.10082588721428776 0.26363854994349761 -0.032443539029638202 0.15448187484156622 -0.041048798118227037
leaf_weight=2275 2634 2229 2574 2133 3206
leaf_count=2275 2634 2229 2574 2133 3206
internal_value=-0.00293252 0.0509687 -0.116337 -0.00848714 0.0370683
internal_weight=15051 10202 4849 7973 5339
internal_count=15051 10202 4849 7973 5339
is_linear=0
shrinkage=0.05


Tree=365
num_leaves=5
num_cat=0
split_feature=15 4 4 15
split_gain=38520 9558.78 27805.5 16897.8
threshold=360.89752852725434 4750.5000000000009 2464.0000000000005 146.81976723985898
decision_type=2 10 10 2
left_child=1 2 -1 -3
right_child=-2 3 -4 -5
leaf_value=-0.037160426444676369 0.21674608653621719 0.034426832046471956 0.17115851254014633 -0.13673131758922777
leaf_weight=3986 2611 3271 2678 2579
leaf_count=3986 2611 3271 2678 2579
internal_value=0.0420592 0.00561141 0.0465548 -0.041029
internal_weight=15125 12514 6664 5850
internal_count=15125 12514 6664 5850
is_linear=0
shrinkage=0.05


Tree=366
num_leaves=6
num_cat=0
split_feature=1 15 14 9 15
split_gain=53555.3 35375.4 16879.8 9702.71 11823.1
threshold=69.500000000000014 360.89752852725434 0.0083105465940936964 1.5000000000000002 128.54211943626822
decision_type=2 2 2 10 2
left_child=1 2 -1 4 -4
right_child=-2 -3 3 -5 -6
leaf_value=-0.14745532296435968 -0.24136177562873795 0.19890776273654878 -0.020841387551356911 -0.081202372721388097 0.11681614309266236
leaf_weight=2087 2353 2235 3382 2114 2895
leaf_count=2087 2353 2235 3382 2114 2895
internal_value=-0.0222401 0.0183163 -0.0202046 0.011445 0.0426473
internal_weight=15066 12713 10478 8391 6277
internal_count=15066 12713 10478 8391 6277
is_linear=0
shrinkage=0.05


Tree=367
num_leaves=6
num_cat=0
split_feature=1 0 4 14 15
split_gain=35979.1 64132.7 45826.7 26888.3 24334
threshold=56.500000000000007 0.10987613850000001 13545.500000000002 0.0087396615926057467 152.05899079302017
decision_type=2 2 8 2 2
left_child=1 -1 3 -2 -3
right_child=2 4 -4 -5 -6
leaf_value=-0.21562884975534935 0.30744092447509735 -0.052842891463091068 -0.097954580444849254 0.063953172767882024 0.18232523208824281
leaf_weight=3891 2142 2233 2234 2409 2168
leaf_count=3891 2142 2233 2234 2409 2168
internal_value=0.00212524 -0.0677435 0.0875123 0.178555 0.0630045
internal_weight=15077 8292 6785 4551 4401
internal_count=15077 8292 6785 4551 4401
is_linear=0
shrinkage=0.05


Tree=368
num_leaves=5
num_cat=0
split_feature=4 15 1 5
split_gain=36680.9 58744.5 17159.9 14620.2
threshold=1252.5000000000002 332.68669470876813 55.500000000000007 8.5000000000000018
decision_type=10 2 2 2
left_child=-1 2 3 -2
right_child=1 -3 -4 -5
leaf_value=0.13099190450159412 0.019438097710952403 -0.27570663626100772 0.085067215003921587 -0.1533507386124815
leaf_weight=3683 2868 2308 3952 2136
leaf_count=3683 2868 2308 3952 2136
internal_value=-0.00598855 -0.0507772 0.00718813 -0.0543183
internal_weight=14947 11264 8956 5004
internal_count=14947 11264 8956 5004
is_linear=0
shrinkage=0.05


Tree=369
num_leaves=5
num_cat=0
split_feature=15 4 3 15
split_gain=26807.7 11818.6 16933.5 23365.5
threshold=360.89752852725434 13176.500000000002 0.40945176600000005 143.37006943406206
decision_type=2 8 2 2
left_child=1 2 3 -1
right_child=-2 -3 -4 -5
leaf_value=-0.0053181024648738945 0.16127936622725345 0.069020347460523199 0.055941234369702469 -0.20041123759001495
leaf_weight=3570 2650 3192 2960 2692
leaf_count=3570 2650 3192 2960 2692
internal_value=0.0169143 -0.0139031 -0.0426054 -0.0891876
internal_weight=15064 12414 9222 6262
internal_count=15064 12414 9222 6262
is_linear=0
shrinkage=0.05


Tree=370
num_leaves=6
num_cat=0
split_feature=15 15 0 0 1
split_gain=95963.9 20203 11806.1 10536.7 4638.84
threshold=381.8140495415966 224.64942071642892 0.017772055000000005 0.34372811950000004 57.500000000000007
decision_type=2 2 2 2 2
left_child=1 2 -1 4 -4
right_child=-2 -3 3 -5 -6
leaf_value=-0.11815657294200982 -0.33237875177953313 0.13184840290611727 0.090590024938976138 -0.079203451737767341 -0.0042022721481617727
leaf_weight=2323 2370 2835 2988 2272 2272
leaf_count=2323 2370 2835 2988 2272 2272
internal_value=-0.0403214 0.0142236 -0.0196137 0.0107787 0.0496455
internal_weight=15060 12690 9855 7532 5260
internal_count=15060 12690 9855 7532 5260
is_linear=0
shrinkage=0.05


Tree=371
num_leaves=5
num_cat=0
split_feature=0 0 1 15
split_gain=47353.5 66295 61718.4 33128.8
threshold=0.032521304500000008 0.10364032250000001 53.500000000000007 179.13168672411862
decision_type=2 2 2 2
left_child=3 -2 -3 -1
right_child=1 2 -4 -5
leaf_value=-0.016315061493452861 0.25204082757719626 0.10758926497624216 -0.18915218713681226 -0.28009872756762677
leaf_weight=2772 3122 3938 3157 2086
leaf_count=2772 3122 3938 3157 2086
internal_value=-0.00106844 0.0600376 -0.0244492 -0.129582
internal_weight=15075 10217 7095 4858
internal_count=15075 10217 7095 4858
is_linear=0
shrinkage=0.05


Tree=372
num_leaves=6
num_cat=0
split_feature=4 15 15 0 4
split_gain=56789.8 99600.9 61622.5 11344.5 2907.23
threshold=7709.5000000000009 209.07858549295159 268.67795997971211 0.10987613850000001 21741.500000000004
decision_type=8 2 2 2 8
left_child=2 4 3 -1 -2
right_child=1 -3 -4 -5 -6
leaf_value=0.070664438624277057 0.090627408137137253 -0.33815217497441147 0.32245573544160439 -0.065013165047929269 0.0058068159647475786
leaf_weight=3165 2010 2846 2026 3002 2031
leaf_count=3165 2010 2846 2026 3002 2031
internal_value=-0.00574586 -0.111576 0.0832148 0.00461868 0.0479967
internal_weight=15080 6887 8193 6167 4041
internal_count=15080 6887 8193 6167 4041
is_linear=0
shrinkage=0.05


Tree=373
num_leaves=5
num_cat=0
split_feature=1 4 1 4
split_gain=25241.2 41063.9 37748.4 26639.2
threshold=41.500000000000007 12681.500000000002 63.500000000000007 6912.0000000000009
decision_type=2 8 2 10
left_child=-1 2 3 -2
right_child=1 -3 -4 -5
leaf_value=-0.080249458173710181 0.032515861915541608 0.21903558189572286 0.17111751663467722 -0.18886381741411418
leaf_weight=3271 3340 3547 2656 2291
leaf_count=3271 3340 3547 2656 2291
internal_value=0.0426897 0.0766709 0.015736 -0.0575535
internal_weight=15105 11834 8287 5631
internal_count=15105 11834 8287 5631
is_linear=0
shrinkage=0.05


Tree=374
num_leaves=7
num_cat=0
split_feature=5 4 4 15 15 4
split_gain=34476.5 60583.6 55135.1 129080 9782.42 5360.69
threshold=5.5000000000000009 6249.5000000000009 5800.5000000000009 259.790608984122 133.07709494862223 7767.5000000000009
decision_type=2 8 8 2 2 10
left_child=1 -1 4 5 -2 -4
right_child=2 -3 3 -5 -6 -7
leaf_value=0.066933713355145169 -0.023224254300540394 -0.30609988251797704 -0.065379450410876339 0.45671453291469277 -0.17759685995150176 0.044047122883355175
leaf_weight=2140 2061 2215 2535 2104 2044 2004
leaf_count=2140 2061 2215 2535 2104 2044 2004
internal_value=-0.00411742 -0.122795 0.0439698 0.132991 -0.100091 -0.0170669
internal_weight=15103 4355 10748 6643 4105 4539
internal_count=15103 4355 10748 6643 4105 4539
is_linear=0
shrinkage=0.05


Tree=375
num_leaves=6
num_cat=0
split_feature=7 15 15 1 14
split_gain=33606.5 108852 31109.3 14392.2 9412.89
threshold=1.5000000000000002 323.48879759797427 177.8333673365465 60.500000000000007 0.015110870123569533
decision_type=2 2 2 2 2
left_child=1 3 -2 4 -1
right_child=2 -3 -4 -5 -6
leaf_value=-0.0029239021168941011 0.016978192812409604 0.37227792005828447 -0.25446419830433098 0.057340222912436969 -0.13572362116052661
leaf_weight=2446 2218 2152 2014 3293 2936
leaf_count=2446 2218 2152 2014 3293 2936
internal_value=0.00727098 0.0539694 -0.112201 -0.0249931 -0.0753691
internal_weight=15059 10827 4232 8675 5382
internal_count=15059 10827 4232 8675 5382
is_linear=0
shrinkage=0.05


Tree=376
num_leaves=6
num_cat=0
split_feature=3 15 4 15 9
split_gain=33738.1 52788.7 37525 13152.7 5822.09
threshold=0.21028210100000003 270.52016759708471 5395.0000000000009 160.78120027420934 1.0000000180025095e-35
decision_type=2 2 10 2 10
left_child=2 3 -1 4 -2
right_child=1 -3 -4 -5 -6
leaf_value=0.015247587330727827 0.042292963891526716 0.21235771749713514 -0.27493625613792488 -0.14244980304964661 -0.063207353755539583
leaf_weight=2145 3413 2851 2318 2209 2120
leaf_count=2145 3413 2851 2318 2209 2120
internal_value=-0.0201574 0.028425 -0.135469 -0.0393084 0.00186993
internal_weight=15056 10593 4463 7742 5533
internal_count=15056 10593 4463 7742 5533
is_linear=0
shrinkage=0.05


Tree=377
num_leaves=6
num_cat=0
split_feature=0 14 0 15 14
split_gain=30407.7 29527.8 97612.3 57685.7 32925
threshold=0.48991772250000004 0.015529734670191059 0.075152122500000015 182.45873487847169 0.029531045323552531
decision_type=2 2 2 2 2
left_child=1 2 3 -1 -3
right_child=-2 4 -4 -5 -6
leaf_value=-0.057888242650756053 -0.17643338203402725 0.24964472128787205 -0.30188716915701624 0.25898281517438593 -0.022298160463071412
leaf_weight=3363 2222 2470 2385 2507 2026
leaf_count=3363 2222 2470 2385 2507 2026
internal_value=-0.00574352 0.024001 -0.0321513 0.0774432 0.127101
internal_weight=14973 12751 8255 5870 4496
internal_count=14973 12751 8255 5870 4496
is_linear=0
shrinkage=0.05


Tree=378
num_leaves=6
num_cat=0
split_feature=5 15 4 4 15
split_gain=75209.9 136774 71504.6 34667.4 17777.3
threshold=10.500000000000002 313.75729423357819 7499.5000000000009 3000.5000000000005 98.330282765374903
decision_type=2 2 8 10 2
left_child=1 3 -2 -1 -5
right_child=2 -3 -4 4 -6
leaf_value=-0.10070204400468506 -0.042696508153673235 -0.4140484416650046 0.36245320668218878 -0.0048881445726400956 0.1873064849523032
leaf_weight=3525 2062 2327 2308 2108 2803
leaf_count=3525 2062 2327 2308 2108 2803
internal_value=-0.00365081 -0.0746771 0.171282 0.0189357 0.104809
internal_weight=15133 10763 4370 8436 4911
internal_count=15133 10763 4370 8436 4911
is_linear=0
shrinkage=0.05


Tree=379
num_leaves=6
num_cat=0
split_feature=3 3 15 14 0
split_gain=29327.1 37357.8 70981.8 33220.8 33949.8
threshold=35.500000000000007 0.30700602800000004 210.65212016402845 0.014751980416822496 0.033333007000000005
decision_type=2 2 2 2 2
left_child=1 3 -3 4 -1
right_child=-2 2 -4 -5 -6
leaf_value=0.0062629954835153505 -0.14428785285076468 -0.0075824285867323316 0.3591377736500948 0.1050648090791271 -0.27758440494997294
leaf_weight=2184 2833 3559 2097 2315 2035
leaf_count=2184 2833 3559 2097 2315 2035
internal_value=0.000624224 0.0343023 0.128382 -0.0471351 -0.130648
internal_weight=15023 12190 5656 6534 4219
internal_count=15023 12190 5656 6534 4219
is_linear=0
shrinkage=0.05


Tree=380
num_leaves=6
num_cat=0
split_feature=15 7 15 4 4
split_gain=104749 17067.9 18713.3 18625.8 17520.8
threshold=381.8140495415966 1.0000000180025095e-35 111.03737381769803 4750.5000000000009 5601.0000000000009
decision_type=2 2 2 8 10
left_child=1 2 -1 -3 -5
right_child=-2 3 -4 4 -6
leaf_value=0.027445456367929423 -0.36373783690493783 0.17280318537445383 -0.17661395898833793 -0.11181768840711644 0.063594030897218032
leaf_weight=2162 2352 2057 2339 2256 3858
leaf_count=2162 2352 2057 2339 2256 3858
internal_value=-0.0572905 -0.00041207 -0.0785965 0.0426559 -0.001131
internal_weight=15024 12672 4501 8171 6114
internal_count=15024 12672 4501 8171 6114
is_linear=0
shrinkage=0.05


Tree=381
num_leaves=7
num_cat=0
split_feature=15 4 3 3 15 3
split_gain=136164 22145.6 26013 21033.6 14205.4 4298.52
threshold=390.57642197130531 10496.500000000002 0.49207534600000008 90.500000000000014 185.62212128545761 0.24095582500000004
decision_type=2 8 2 2 2 2
left_child=1 2 4 -3 5 -1
right_child=-2 3 -4 -5 -6 -7
leaf_value=0.02994772681608578 -0.3967805562437362 0.23624277938465954 0.13643750238596661 0.009655278084654887 -0.17213220511600796 -0.067901253362156411
leaf_weight=2423 2213 2064 2097 2033 2126 2091
leaf_count=2423 2213 2064 2097 2033 2126 2091
internal_value=-0.0345652 0.0278925 -0.0170839 0.123806 -0.065568 -0.0153784
internal_weight=15047 12834 8737 4097 6640 4514
internal_count=15047 12834 8737 4097 6640 4514
is_linear=0
shrinkage=0.05


Tree=382
num_leaves=6
num_cat=0
split_feature=15 14 14 14 4
split_gain=32811.5 27971.8 13206.2 19820.6 19908.6
threshold=275.29238425461165 0.012353410193981972 0.031400966183574887 0.0080045998427901843 8000.5000000000009
decision_type=2 2 2 2 8
left_child=2 -2 3 -1 -5
right_child=1 -3 -4 4 -6
leaf_value=-0.069722063907032603 -0.29260884392793957 -0.029575800795853875 -0.092151643852012743 0.019194046865047141 0.21537303236542016
leaf_weight=2905 2015 2028 2630 3512 2047
leaf_count=2905 2015 2028 2630 3512 2047
internal_value=-0.038727 -0.160669 0.0057127 0.0361219 0.0914334
internal_weight=15137 4043 11094 8464 5559
internal_count=15137 4043 11094 8464 5559
is_linear=0
shrinkage=0.05


Tree=383
num_leaves=5
num_cat=0
split_feature=0 15 14 4
split_gain=43749.4 71800.9 17815.6 18541.2
threshold=0.015719561500000003 275.29238425461165 0.012176588331232857 4602.0000000000009
decision_type=2 2 2 10
left_child=-1 2 -2 -4
right_child=1 -3 3 -5
leaf_value=0.14907860517643207 0.10241557636562562 -0.26179071062018855 -0.13727175459071458 0.054858497393325094
leaf_weight=3307 3608 3133 2565 2460
leaf_count=3307 3608 3133 2565 2460
internal_value=-0.0115984 -0.0567589 0.0176492 -0.043214
internal_weight=15073 11766 8633 5025
internal_count=15073 11766 8633 5025
is_linear=0
shrinkage=0.05


Tree=384
num_leaves=5
num_cat=0
split_feature=5 14 14 15
split_gain=18579.9 30504.7 40493.7 46183.4
threshold=11.500000000000002 0.033964007344617006 0.0080045998427901843 190.49353908684978
decision_type=2 2 2 2
left_child=1 2 -1 -4
right_child=-2 -3 3 -5
leaf_value=0.10960472271001903 -0.11137898948547263 0.1772220286164268 0.010937496692571092 -0.2824410818604271
leaf_weight=3586 3491 2442 3378 2225
leaf_count=3586 3491 2442 3378 2225
internal_value=-0.0102162 0.0201474 -0.0215956 -0.105566
internal_weight=15122 11631 9189 5603
internal_count=15122 11631 9189 5603
is_linear=0
shrinkage=0.05


Tree=385
num_leaves=6
num_cat=0
split_feature=3 15 14 3 15
split_gain=29982.2 43188.9 17412.2 17069.2 32539.3
threshold=0.15177095500000001 368.53040403105382 0.0075602986304670718 0.32077206050000007 123.75584890388666
decision_type=2 2 2 2 2
left_child=-1 2 -2 -4 -5
right_child=1 -3 3 4 -6
leaf_value=0.1442519638542018 -0.11185660530705491 -0.23581920650458135 -0.066861795684524689 -0.01659045291207507 0.22532571478349697
leaf_weight=3351 2035 2018 2158 2915 2657
leaf_count=3351 2035 2018 2158 2915 2657
internal_value=0.0122848 -0.0252457 0.0182707 0.052528 0.0987669
internal_weight=15134 11783 9765 7730 5572
internal_count=15134 11783 9765 7730 5572
is_linear=0
shrinkage=0.05


Tree=386
num_leaves=6
num_cat=0
split_feature=5 5 15 4 3
split_gain=42462.7 23790 74741.1 20531 6086.43
threshold=12.500000000000002 5.5000000000000009 238.00601590583901 6200.5000000000009 0.30227960250000008
decision_type=2 2 2 8 2
left_child=1 3 4 -1 -3
right_child=-2 2 -4 -5 -6
leaf_value=0.037256476011358557 -0.19542083040040797 0.031125989596728451 0.29285249654419737 -0.17886622833061419 -0.077987812475494953
leaf_weight=2158 2794 2120 2586 2239 3218
leaf_count=2158 2794 2120 2586 2239 3218
internal_value=-0.0194343 0.0204737 0.0722285 -0.0727955 -0.034653
internal_weight=15115 12321 7924 4397 5338
internal_count=15115 12321 7924 4397 5338
is_linear=0
shrinkage=0.05


Tree=387
num_leaves=6
num_cat=0
split_feature=4 15 3 14 3
split_gain=26037.6 74799.5 9057.86 17657.6 13492.6
threshold=8999.5000000000018 268.67795997971211 0.40945176600000005 0.011232086651081066 35.500000000000007
decision_type=10 2 2 2 2
left_child=1 2 3 -1 -4
right_child=-2 -3 4 -5 -6
leaf_value=0.035483334334843859 -0.11089593441613105 0.26709071527265443 0.11438663549962003 -0.16031644838698528 -0.058364668954751231
leaf_weight=2289 2753 3204 2503 2317 2061
leaf_count=2289 2753 3204 2503 2317 2061
internal_value=0.0281781 0.0591197 -0.0135454 -0.0630117 0.036376
internal_weight=15127 12374 9170 4606 4564
internal_count=15127 12374 9170 4606 4564
is_linear=0
shrinkage=0.05


Tree=388
num_leaves=5
num_cat=0
split_feature=4 5 9 15
split_gain=32020.1 20759.9 26481.4 37034.4
threshold=7499.5000000000009 11.500000000000002 1.0000000180025095e-35 210.65212016402845
decision_type=10 2 8 2
left_child=1 2 3 -1
right_child=-2 -3 -4 -5
leaf_value=-0.030013522373996734 0.13269595032748824 -0.17471824307482978 -0.11904578732044904 0.23242264576742422
leaf_weight=3838 3950 2098 3074 2069
leaf_count=3838 3950 2098 3074 2069
internal_value=0.0104687 -0.033109 -2.85263e-05 0.061908
internal_weight=15029 11079 8981 5907
internal_count=15029 11079 8981 5907
is_linear=0
shrinkage=0.05


Tree=389
num_leaves=6
num_cat=0
split_feature=3 0 4 4 15
split_gain=25825.1 64393.5 29711.8 27375.3 34896.7
threshold=0.25769870550000007 0.084788569000000022 7342.5000000000009 5250.5000000000009 146.81976723985898
decision_type=2 2 10 8 2
left_child=1 -1 3 -2 -5
right_child=2 -3 -4 4 -6
leaf_value=-0.072799959409829709 -0.13028136502139553 0.27398369818583429 -0.23068071906840301 -0.083386161081708418 0.20037342813063952
leaf_weight=3193 3102 2305 2078 2083 2258
leaf_count=3193 3102 2305 2078 2083 2258
internal_value=-0.013693 0.0725868 -0.0635162 -0.0168458 0.0642133
internal_weight=15019 5498 9521 7443 4341
internal_count=15019 5498 9521 7443 4341
is_linear=0
shrinkage=0.05


Tree=390
num_leaves=6
num_cat=0
split_feature=15 1 1 15 1
split_gain=56465.8 18664.4 21078.4 22133.9 9801.72
threshold=417.44147230914609 42.500000000000007 66.500000000000014 170.88216973423687 56.500000000000007
decision_type=2 2 2 2 2
left_child=1 -1 3 4 -3
right_child=-2 2 -4 -5 -6
leaf_value=0.085467927285200918 0.26355075317018056 -0.097002635603327281 0.063727699224471065 -0.2115445451708006 0.05096240501146853
leaf_weight=3121 2006 2524 2735 2732 2011
leaf_count=3121 2006 2524 2735 2732 2011
internal_value=0.0164872 -0.0212793 -0.0545885 -0.0991178 -0.031389
internal_weight=15129 13123 10002 7267 4535
internal_count=15129 13123 10002 7267 4535
is_linear=0
shrinkage=0.05


Tree=391
num_leaves=7
num_cat=0
split_feature=1 0 3 3 3 0
split_gain=36249.6 52808.4 20866.8 37025.3 19575.9 19543.7
threshold=38.500000000000007 0.034227564000000009 0.23059004150000004 0.39390283550000005 0.28946954900000005 0.22512837100000002
decision_type=2 2 2 2 2 2
left_child=-1 4 -3 -4 -2 -5
right_child=1 2 3 5 -6 -7
leaf_value=-0.14769053842183574 0.033344366502932696 0.0039881966696375904 0.35777645347151654 0.20698860822854681 -0.17785235078875672 -0.010889508167447458
leaf_weight=2404 2115 2154 2060 2060 2280 2057
leaf_count=2404 2115 2154 2060 2060 2280 2057
internal_value=0.0303753 0.0640128 0.137991 0.18472 -0.0762184 0.0981289
internal_weight=15130 12726 8331 6177 4395 4117
internal_count=15130 12726 8331 6177 4395 4117
is_linear=0
shrinkage=0.05


Tree=392
num_leaves=6
num_cat=0
split_feature=14 0 5 3 4
split_gain=34046.1 80974.5 48771.4 28520.3 8452.18
threshold=0.014751980416822496 0.073897308000000009 6.5000000000000009 0.36991553550000006 6250.5000000000009
decision_type=2 2 2 2 8
left_child=1 2 -1 -2 -5
right_child=3 -3 -4 4 -6
leaf_value=-0.13860798740989061 0.19219891884354812 -0.33094813113680721 0.15441778991801122 0.059131180051354475 -0.084606577760224858
leaf_weight=2569 2980 2242 3175 2092 2001
leaf_count=2569 2980 2242 3175 2092 2001
internal_value=-0.00535465 -0.0761073 0.0233622 0.074531 -0.0111398
internal_weight=15059 7986 5744 7073 4093
internal_count=15059 7986 5744 7073 4093
is_linear=0
shrinkage=0.05


Tree=393
num_leaves=6
num_cat=0
split_feature=1 14 0 1 15
split_gain=18608.9 55047.7 28094.1 55110.5 39104.4
threshold=65.500000000000014 0.0087396615926057467 0.060034670000000005 53.500000000000007 158.0563934696564
decision_type=2 2 2 2 2
left_child=1 -1 -3 4 -4
right_child=-2 2 3 -5 -6
leaf_value=0.2432346729068979 -0.091272411893980041 -0.15600831826800401 -0.0035671438281781247 -0.17750485687213097 0.29496738120255156
leaf_weight=2617 3423 2597 2311 2017 2088
leaf_count=2617 3423 2597 2311 2017 2088
internal_value=0.0111996 0.0413596 -0.0172565 0.038906 0.138133
internal_weight=15053 11630 9013 6416 4399
internal_count=15053 11630 9013 6416 4399
is_linear=0
shrinkage=0.05


Tree=394
num_leaves=6
num_cat=0
split_feature=15 3 3 1 0
split_gain=43221.4 18165.6 18952.5 16006.8 8381.69
threshold=406.32708190406623 90.500000000000014 0.52480957100000014 51.500000000000007 0.084788569000000022
decision_type=2 2 2 2 2
left_child=1 2 3 -1 -5
right_child=-2 -3 -4 4 -6
leaf_value=-0.074194070416256738 -0.23450594079826695 -0.12281454754076636 0.16193157395854363 0.0038477465008479208 0.1399651303846593
leaf_weight=3916 2144 2211 2297 2586 2010
leaf_count=3916 2144 2211 2297 2586 2010
internal_value=-0.0264858 0.00776882 0.0344799 8.64902e-05 0.0633769
internal_weight=15164 13020 10809 8512 4596
internal_count=15164 13020 10809 8512 4596
is_linear=0
shrinkage=0.05


Tree=395
num_leaves=6
num_cat=0
split_feature=0 15 4 4 0
split_gain=53557.9 61514.6 36146.9 25186.4 17128.9
threshold=0.084788569000000022 280.74400872638574 10866.500000000002 5250.5000000000009 0.34372811950000004
decision_type=2 2 8 10 2
left_child=2 4 3 -1 -2
right_child=1 -3 -4 -5 -6
leaf_value=-0.091021883099187961 0.11961529074316882 0.36236415358324187 -0.21592943117590138 0.13709986344131664 -0.053869735759894934
leaf_weight=2568 3141 2011 2553 2288 2601
leaf_count=2568 3141 2011 2553 2288 2601
internal_value=0.0325144 0.124379 -0.0636155 0.0164622 0.0410304
internal_weight=15162 7753 7409 4856 5742
internal_count=15162 7753 7409 4856 5742
is_linear=0
shrinkage=0.05


Tree=396
num_leaves=7
num_cat=0
split_feature=14 15 4 15 4 1
split_gain=31124.7 70223.9 43026 105948 5693.53 6484.92
threshold=0.0086638047098293435 187.1353612176035 8401.5000000000018 264.2879124784871 2400.5000000000005 48.500000000000007
decision_type=2 2 10 2 10 2
left_child=1 -1 3 4 -2 -6
right_child=2 -3 -4 -5 5 -7
leaf_value=-0.044472268411504201 -0.041693881927849417 0.34591201561205764 0.17825422425829732 -0.38106988821001281 0.12191283057752066 -0.0038745530348163674
leaf_weight=2648 2092 2039 2002 2163 2071 2028
leaf_count=2648 2092 2039 2002 2163 2071 2028
internal_value=0.0184513 0.125358 -0.0299333 -0.0798245 0.025424 0.0596789
internal_weight=15043 4687 10356 8354 6191 4099
internal_count=15043 4687 10356 8354 6191 4099
is_linear=0
shrinkage=0.05


Tree=397
num_leaves=6
num_cat=0
split_feature=15 1 14 14 0
split_gain=89104.7 12308.2 21768 38116.4 11094.8
threshold=352.7886509892183 67.500000000000014 0.0097548961989040589 0.019504055260196364 0.40587864700000004
decision_type=2 2 2 2 2
left_child=1 2 -1 -4 -5
right_child=-2 -3 3 4 -6
leaf_value=-0.14206254246341329 0.31626898767774198 0.10388378304783574 0.17602786500428835 -0.13300251930375714 0.023392599342275399
leaf_weight=2790 2733 2340 2587 2566 2032
leaf_count=2790 2733 2340 2587 2566 2032
internal_value=0.0579964 0.000679411 -0.0235309 0.0224959 -0.0638866
internal_weight=15048 12315 9975 7185 4598
internal_count=15048 12315 9975 7185 4598
is_linear=0
shrinkage=0.05


Tree=398
num_leaves=5
num_cat=0
split_feature=14 5 14 3
split_gain=49390.5 30761.9 52245.5 34155.7
threshold=0.0080045998427901843 13.500000000000002 0.011631852661456764 0.35438936750000005
decision_type=2 2 2 2
left_child=-1 2 -2 -4
right_child=1 -3 3 -5
leaf_value=0.19736278154267983 -0.23123282137886414 0.16906996564515664 0.15800071593304318 -0.072908961240391937
leaf_weight=3990 2699 2021 2903 3572
leaf_count=3990 2699 2021 2903 3572
internal_value=0.0463165 -0.0075178 -0.0464195 0.030617
internal_weight=15185 11195 9174 6475
internal_count=15185 11195 9174 6475
is_linear=0
shrinkage=0.05


Tree=399
num_leaves=5
num_cat=0
split_feature=1 4 14 1
split_gain=23059.8 36251.3 34287.1 21509.8
threshold=46.500000000000007 4100.5000000000009 0.01443215099251546 65.500000000000014
decision_type=2 10 2 2
left_child=1 -1 3 -2
right_child=2 -3 -4 -5
leaf_value=-0.24430759161122287 0.04638150678262809 0.031336036869584319 0.15654656066097136 -0.14040839559299628
leaf_weight=2154 3713 2673 3945 2635
leaf_count=2154 3713 2673 3945 2635
internal_value=-0.00149886 -0.0916671 0.0407864 -0.0311534
internal_weight=15120 4827 10293 6348
internal_count=15120 4827 10293 6348
is_linear=0
shrinkage=0.05


end of trees

feature_importances:
spend_pre=500
DebtRatio=286
MonthlyIncome=281
pd_cal=248
RevolvingUtilizationOfUnsecuredLines=229
age=170
NumberOfOpenCreditLinesAndLoans=116
NumberOfDependents=56
NumberRealEstateLoansOrLines=54
income_missing_flag=1

parameters:
[boosting: gbdt]
[objective: regression]
[metric: l2]
[tree_learner: serial]
[device_type: cpu]
[data_sample_strategy: bagging]
[data: ]
[valid: ]
[num_iterations: 400]
[learning_rate: 0.05]
[num_leaves: 15]
[num_threads: 8]
[seed: 20260722]
[deterministic: 0]
[force_col_wise: 0]
[force_row_wise: 0]
[histogram_pool_size: -1]
[max_depth: -1]
[min_data_in_leaf: 2000]
[min_sum_hessian_in_leaf: 0.001]
[bagging_fraction: 0.8]
[pos_bagging_fraction: 1]
[neg_bagging_fraction: 1]
[bagging_freq: 1]
[bagging_seed: 22340]
[bagging_by_query: 0]
[feature_fraction: 0.8]
[feature_fraction_bynode: 1]
[feature_fraction_seed: 15416]
[extra_trees: 0]
[extra_seed: 16664]
[early_stopping_round: 0]
[early_stopping_min_delta: 0]
[first_metric_only: 0]
[max_delta_step: 0]
[lambda_l1: 0]
[lambda_l2: 0]
[linear_lambda: 0]
[min_gain_to_split: 0]
[drop_rate: 0.1]
[max_drop: 50]
[skip_drop: 0.5]
[xgboost_dart_mode: 0]
[uniform_drop: 0]
[drop_seed: 24626]
[top_rate: 0.2]
[other_rate: 0.1]
[min_data_per_group: 100]
[max_cat_threshold: 32]
[cat_l2: 10]
[cat_smooth: 10]
[max_cat_to_onehot: 4]
[top_k: 20]
[monotone_constraints: ]
[monotone_constraints_method: basic]
[monotone_penalty: 0]
[feature_contri: ]
[forcedsplits_filename: ]
[refit_decay_rate: 0.9]
[cegb_tradeoff: 1]
[cegb_penalty_split: 0]
[cegb_penalty_feature_lazy: ]
[cegb_penalty_feature_coupled: ]
[path_smooth: 0]
[interaction_constraints: ]
[verbosity: -1]
[saved_feature_importance_type: 0]
[use_quantized_grad: 0]
[num_grad_quant_bins: 4]
[quant_train_renew_leaf: 0]
[stochastic_rounding: 1]
[linear_tree: 0]
[max_bin: 255]
[max_bin_by_feature: ]
[min_data_in_bin: 3]
[bin_construct_sample_cnt: 200000]
[data_random_seed: 4439]
[is_enable_sparse: 1]
[enable_bundle: 1]
[use_missing: 1]
[zero_as_missing: 0]
[feature_pre_filter: 1]
[pre_partition: 0]
[two_round: 0]
[header: 0]
[label_column: ]
[weight_column: ]
[group_column: ]
[ignore_column: ]
[categorical_feature: ]
[forcedbins_filename: ]
[precise_float_parser: 0]
[parser_config_file: ]
[objective_seed: 28388]
[num_class: 1]
[is_unbalance: 0]
[scale_pos_weight: 1]
[sigmoid: 1]
[boost_from_average: 1]
[reg_sqrt: 0]
[alpha: 0.9]
[fair_c: 1]
[poisson_max_delta_step: 0.7]
[tweedie_variance_power: 1.5]
[lambdarank_truncation_level: 30]
[lambdarank_norm: 1]
[label_gain: ]
[lambdarank_position_bias_regularization: 0]
[eval_at: ]
[multi_error_top_k: 1]
[auc_mu_weights: ]
[num_machines: 1]
[local_listen_port: 12400]
[time_out: 120]
[machine_list_filename: ]
[machines: ]
[gpu_platform_id: -1]
[gpu_device_id: -1]
[gpu_device_id_list: ]
[gpu_use_dp: 0]
[num_gpu: 1]

end of parameters

pandas_categorical:[]
