tree
version=v4
num_class=1
num_tree_per_iteration=1
label_index=0
max_feature_idx=15
objective=regression
feature_names=RevolvingUtilizationOfUnsecuredLines age NumberOfTime30-59DaysPastDueNotWorse DebtRatio MonthlyIncome NumberOfOpenCreditLinesAndLoans NumberOfTimes90DaysLate NumberRealEstateLoansOrLines NumberOfTime60-89DaysPastDueNotWorse NumberOfDependents dpd_sentinel_flag util_extreme_flag income_missing_flag dependents_missing_flag pd_cal spend_pre
feature_infos=[0:2] [21:103] none [0:326442] [0:629000] [0:57] none [0:23] none [0:9] none none [0:1] none [0:0.090365448504983389] [0:3680.0812128017346]
tree_sizes=708 717 625 716 811 714 722 624 723 723 723 632 731 722 720 623 623 732 714 721 719 725 723 728 717 721 721 727 730 722 718 729 721 712 624 726 815 724 720 632 724 728 724 721 722 818 733 730 725 629 717 723 631 724 725 721 813 725 727 726 729 634 722 726 729 626 724 724 718 721 728 727 729 726 729 724 723 728 725 725 628 722 725 734 815 721 722 626 727 626 727 823 730 629 723 722 726 730 724 720 720 722 727 723 726 634 811 725 630 631 632 631 723 814 631 731 726 726 727 629 723 627 727 621 726 726 629 720 726 634 723 717 724 731 725 722 626 719 727 719 723 728 719 723 724 719 727 825 720 719 633 719 725 830 630 718 720 717 733 635 629 721 723 718 725 729 731 721 730 733 628 718 730 631 730 734 627 627 717 728 725 726 730 724 726 629 728 730 723 632 624 728 629 627 724 734 720 629 726 728 729 725 722 633 726 721 727 635 723 725 826 729 721 636 719 724 725 723 721 725 629 720 722 728 635 723 725 720 723 728 728 834 724 724 721 726 625 728 723 725 725 724 722 731 733 729 723 721 734 723 627 724 728 729 720 631 733 730 725 723 632 721 730 726 728 725 722 636 733 726 730 633 629 721 723 731 722 729 631 722 722 719 828 731 729 724 725 635 730 724 730 723 731 728 629 724 717 730 728 729 727 630 635 722 721 724 720 626 718 730 728 813 626 628 726 724 634 725 718 728 626 721 633 722 624 728 720 635 728 722 823 826 728 733 728 722 626 629 721 724 634 633 631 722 634 629 728 632 727 727 818 625 723 730 627 628 728 632 628 727 726 627 727 732 722 727 726 726 725 722 724 823 733 724 633 730 634 719 722 726 725 726 719 725 723 627 630 730 722 635 726 820 631 726 725 725 631 625 724 723

Tree=0
num_leaves=6
num_cat=0
split_feature=5 1 4 4 0
split_gain=0.12914 0.230177 0.191188 0.204125 0.0760854
threshold=5.5000000000000009 65.500000000000014 2600.5000000000005 6455.0000000000009 0.082461312500000009
decision_type=2 2 10 10 2
left_child=4 2 -2 -4 -1
right_child=1 -3 3 -5 -6
leaf_value=0.00048473360009355866 -0.00017052414144529539 0.00081634233493540489 0.0007020629858441492 0.00012996840349272025 0.00089995288173413328
leaf_weight=2253 2073 2243 2794 3528 2162
leaf_count=2253 2073 2243 2794 3528 2162
internal_value=0.000460736 0.00036639 0.00024617 0.000382805 0.000688064
internal_weight=15053 10638 8395 6322 4415
internal_count=15053 10638 8395 6322 4415
is_linear=0
shrinkage=1


Tree=1
num_leaves=6
num_cat=0
split_feature=15 0 1 5 0
split_gain=0.241992 0.400278 0.157639 0.0940057 0.120897
threshold=372.08839226053482 0.35046535850000005 66.500000000000014 10.500000000000002 0.08532323750000001
decision_type=2 2 2 2 2
left_child=1 2 3 4 -1
right_child=-2 -3 -4 -5 -6
leaf_value=-7.0255299711878915e-05 -0.0004184450455564799 0.00064362456026354669 0.00033847052462358291 0.00013064819466311991 -0.0005624604101250847
leaf_weight=3297 2517 2817 2207 2226 2007
leaf_count=3297 2517 2817 2207 2226 2007
internal_value=2.90095e-05 0.000118721 -3.31378e-05 -0.000142054 -0.000256503
internal_weight=15071 12554 9737 7530 5304
internal_count=15071 12554 9737 7530 5304
is_linear=0
shrinkage=0.05


Tree=2
num_leaves=5
num_cat=0
split_feature=15 15 14 15
split_gain=0.176606 0.105797 0.244146 0.165663
threshold=372.08839226053482 126.9753359530703 0.022346734223007137 50.431122364653937
decision_type=2 2 2 2
left_child=1 3 -3 -1
right_child=-2 2 -4 -5
leaf_value=0.00014138234328069172 -0.00044233131489522049 -7.0680471361161509e-05 0.00058336220756474602 -0.0003701880297401186
leaf_weight=3019 2514 3984 2223 3326
leaf_count=3019 2514 3984 2223 3326
internal_value=-5.98175e-05 1.6795e-05 0.000163561 -0.000126779
internal_weight=15066 12552 6207 6345
internal_count=15066 12552 6207 6345
is_linear=0
shrinkage=0.05


Tree=3
num_leaves=6
num_cat=0
split_feature=4 0 3 1 5
split_gain=0.207138 0.356528 0.185221 0.180447 0.122021
threshold=6455.0000000000009 0.23540908100000005 0.22516868500000004 48.500000000000007 7.5000000000000009
decision_type=10 2 2 2 2
left_child=1 3 -2 -1 -5
right_child=2 -3 -4 4 -6
leaf_value=-0.00038299542957992129 0.00014726681526869553 0.00062774598535929489 -0.00047228343830968612 -9.2752673041568423e-05 0.00041437600107624179
leaf_weight=2345 2011 2978 3015 2447 2302
leaf_count=2345 2011 2978 3015 2447 2302
internal_value=3.77832e-05 0.000168609 -0.000224389 -2.41326e-05 0.00015307
internal_weight=15098 10072 5026 7094 4749
internal_count=15098 10072 5026 7094 4749
is_linear=0
shrinkage=0.05


Tree=4
num_leaves=7
num_cat=0
split_feature=4 4 14 5 0 15
split_gain=0.163205 0.165481 0.20042 0.0747847 0.0806753 0.0799097
threshold=2869.5000000000005 6455.0000000000009 0.022207051797759766 5.5000000000000009 0.18427206200000004 173.45831997036001
decision_type=8 8 2 2 2 2
left_child=-1 2 -2 -3 5 -5
right_child=1 3 -4 4 -6 -7
leaf_value=-0.00040898136232864722 2.4258297283854235e-05 0.0001911971823756928 0.0006729295989992474 -0.0002418365603165057 -0.00039963950315301516 0.00020467912979706875
leaf_weight=2009 2730 2176 2112 2000 2118 2008
leaf_count=2009 2730 2176 2112 2000 2118 2008
internal_value=1.07398e-05 7.48922e-05 0.000307198 -6.05961e-05 -0.000150035 -1.81331e-05
internal_weight=15153 13144 4842 8302 6126 4008
internal_count=15153 13144 4842 8302 6126 4008
is_linear=0
shrinkage=0.05


Tree=5
num_leaves=6
num_cat=0
split_feature=1 1 1 0 4
split_gain=0.215978 0.197299 0.205959 0.14237 0.0331004
threshold=48.500000000000007 54.500000000000007 70.500000000000014 0.23941253600000004 5921.0000000000009
decision_type=2 2 2 2 10
left_child=3 -2 4 -1 -3
right_child=1 2 -4 -5 -6
leaf_value=-0.00043403073460497772 0.00057161794010042357 -3.3771072158359284e-05 0.00044347920926522178 9.0526091358828875e-05 -0.00028617507474259883
leaf_weight=3523 2152 3203 2142 2044 2185
leaf_count=3523 2152 3203 2142 2044 2185
internal_value=6.72425e-06 0.000149411 2.87478e-05 -0.000241433 -0.000136129
internal_weight=15249 9682 7530 5567 5388
internal_count=15249 9682 7530 5567 5388
is_linear=0
shrinkage=0.05


Tree=6
num_leaves=6
num_cat=0
split_feature=15 0 1 14 4
split_gain=0.206245 0.310857 0.145941 0.0742346 0.082421
threshold=372.08839226053482 0.32079416900000007 65.500000000000014 0.0098511074846314734 4500.5000000000009
decision_type=2 2 2 2 10
left_child=1 2 3 -1 -5
right_child=-2 -3 -4 4 -6
leaf_value=4.1202709698646662e-05 -0.00040654719003951228 0.00052389907004831337 0.00027964452634684101 -8.7259517449517736e-05 -0.00051765928142529188
leaf_weight=2636 2550 3072 2433 2321 2136
leaf_count=2636 2550 3072 2433 2321 2136
internal_value=3.52908e-06 8.65339e-05 -5.45102e-05 -0.00016913 -0.000293527
internal_weight=15148 12598 9526 7093 4457
internal_count=15148 12598 9526 7093 4457
is_linear=0
shrinkage=0.05


Tree=7
num_leaves=5
num_cat=0
split_feature=15 4 4 4
split_gain=0.164326 0.0920066 0.126053 0.0569653
threshold=372.08839226053482 6201.0000000000009 3000.5000000000005 10833.500000000002
decision_type=2 8 10 8
left_child=1 2 -1 -3
right_child=-2 3 -4 -5
leaf_value=-8.8926186859881377e-05 -0.00036425129253441857 -0.00020933079842620525 0.00040426007637992889 8.1237682589796082e-05
leaf_weight=2019 2527 2984 3616 3880
leaf_count=2019 2527 2984 3616 3880
internal_value=3.48453e-06 7.7832e-05 0.000227553 -4.50817e-05
internal_weight=15026 12499 5635 6864
internal_count=15026 12499 5635 6864
is_linear=0
shrinkage=0.05


Tree=8
num_leaves=6
num_cat=0
split_feature=15 14 1 15 3
split_gain=0.176528 0.30069 0.0824609 0.0653217 0.0523516
threshold=419.61379436769442 0.041158150674328181 66.500000000000014 103.1465783940161 0.34086022950000006
decision_type=2 2 2 2 2
left_child=1 2 3 -1 -5
right_child=-2 -3 -4 4 -6
leaf_value=0.00010187892467485283 -0.00038832779547616492 0.00064767199718240994 0.00025161498428997255 -2.6941807875821523e-05 -0.00035077442199326324
leaf_weight=3292 2022 2194 2602 2557 2438
leaf_count=3292 2022 2194 2602 2557 2438
internal_value=4.64616e-05 0.000113659 6.06202e-06 -7.10381e-05 -0.000185001
internal_weight=15105 13083 10889 8287 4995
internal_count=15105 13083 10889 8287 4995
is_linear=0
shrinkage=0.05


Tree=9
num_leaves=6
num_cat=0
split_feature=4 4 4 14 14
split_gain=0.175958 0.202241 0.0727506 0.282042 0.110682
threshold=2998.5000000000005 4500.5000000000009 6455.0000000000009 0.016841079476872311 0.016165758207530589
decision_type=8 8 10 2 2
left_child=-1 -2 4 -4 -3
right_child=1 2 3 -5 -6
leaf_value=-0.0004522937513758212 0.00047469407468405831 -9.510889592282307e-05 0.00011670577092423617 -0.00064437273936040519 0.00036047585224878063
leaf_weight=2097 2230 3589 3061 2021 2121
leaf_count=2097 2230 3589 3061 2021 2121
internal_value=-2.72313e-05 4.12187e-05 -4.83523e-05 -0.000185958 7.41197e-05
internal_weight=15119 13022 10792 5082 5710
internal_count=15119 13022 10792 5082 5710
is_linear=0
shrinkage=0.05


Tree=10
num_leaves=6
num_cat=0
split_feature=5 14 14 5 3
split_gain=0.171022 0.20453 0.145243 0.103357 0.107889
threshold=5.5000000000000009 0.039578543350886307 0.011232086651081066 7.5000000000000009 0.44731228550000007
decision_type=2 2 2 2 2
left_child=2 3 -1 -2 -5
right_child=1 -3 -4 4 -6
leaf_value=-4.0168851258874709e-05 -0.00031250498240773954 -0.00058871021821018418 0.00053638140721405897 0.00024105695572820219 -0.00018708104271436695
leaf_weight=2369 2439 2088 2027 3728 2431
leaf_count=2369 2439 2088 2027 3728 2431
internal_value=-3.68303e-05 -0.000144821 0.000225679 -3.70241e-05 7.20679e-05
internal_weight=15082 10686 4396 8598 6159
internal_count=15082 10686 4396 8598 6159
is_linear=0
shrinkage=0.05


Tree=11
num_leaves=5
num_cat=0
split_feature=9 3 14 4
split_gain=0.152139 0.112886 0.104468 0.0608342
threshold=1.0000000180025095e-35 0.28180912450000006 0.027063978065641408 3838.5000000000005
decision_type=10 2 2 10
left_child=2 -2 3 -1
right_child=1 -3 -4 -5
leaf_value=-0.00013420467642173453 3.1277493877081333e-05 -0.00042404797716046982 0.00038931819443028062 0.00015720130635956422
leaf_weight=3904 2318 3298 2256 3309
leaf_count=3904 2318 3298 2256 3309
internal_value=-2.99279e-05 -0.000236113 9.23588e-05 -5.20717e-07
internal_weight=15085 5616 9469 7213
internal_count=15085 5616 9469 7213
is_linear=0
shrinkage=0.05


Tree=12
num_leaves=6
num_cat=0
split_feature=14 14 1 14 0
split_gain=0.141055 0.13425 0.0642302 0.036061 0.0288006
threshold=0.046476333403236529 0.025810182647400624 69.500000000000014 0.0098511074846314734 0.10072576300000001
decision_type=2 2 2 2 2
left_child=1 2 3 -1 -5
right_child=-2 -3 -4 4 -6
leaf_value=2.2559363131519787e-05 -0.00039342874234843752 0.00037768142786242663 0.00022400935329621848 -6.2981989432887129e-05 -0.00031650451144543608
leaf_weight=3941 2053 2552 2054 2333 2155
leaf_count=3941 2053 2552 2054 2333 2155
internal_value=-8.20843e-06 5.24634e-05 -2.67082e-05 -8.78037e-05 -0.000184716
internal_weight=15088 13035 10483 8429 4488
internal_count=15088 13035 10483 8429 4488
is_linear=0
shrinkage=0.05


Tree=13
num_leaves=6
num_cat=0
split_feature=1 5 4 4 14
split_gain=0.154887 0.208592 0.223187 0.198606 0.0796603
threshold=66.500000000000014 4.5000000000000009 2665.0000000000005 5079.0000000000009 0.011631852661456764
decision_type=2 2 10 10 2
left_child=1 -1 -3 -4 -5
right_child=-2 2 3 4 -6
leaf_value=0.00034576783209957503 0.00030275584369601619 -0.00059830646084564685 0.00036038614784569817 6.572739865140559e-06 -0.00039276986159948745
leaf_weight=2202 3112 2518 2081 2206 2878
leaf_count=2202 3112 2518 2081 2206 2878
internal_value=-1.12627e-05 -9.34862e-05 -0.000193376 -5.10717e-05 -0.000219491
internal_weight=14997 11885 9683 7165 5084
internal_count=14997 11885 9683 7165 5084
is_linear=0
shrinkage=0.05


Tree=14
num_leaves=6
num_cat=0
split_feature=5 5 14 0 1
split_gain=0.116875 0.22761 0.126047 0.109154 0.0652543
threshold=5.5000000000000009 10.500000000000002 0.011232086651081066 0.093754162500000016 56.500000000000007
decision_type=2 2 2 2 2
left_child=2 3 -1 -2 -3
right_child=1 4 -4 -5 -6
leaf_value=-2.2770127961575821e-05 -6.8171271511665725e-05 0.00039915449869371266 0.00051618489824796141 -0.00048194734404065961 7.5687192471636477e-06
leaf_weight=2317 3323 2150 2040 3063 2106
leaf_count=2317 3323 2150 2040 3063 2106
internal_value=1.14436e-05 -7.78628e-05 0.000229575 -0.000266636 0.000205386
internal_weight=14999 10642 4357 6386 4256
internal_count=14999 10642 4357 6386 4256
is_linear=0
shrinkage=0.05


Tree=15
num_leaves=5
num_cat=0
split_feature=9 5 5 1
split_gain=0.134944 0.189007 0.13533 0.0650931
threshold=1.5000000000000002 10.500000000000002 5.5000000000000009 58.500000000000007
decision_type=10 2 2 2
left_child=1 2 -1 -4
right_child=-2 -3 3 -5
leaf_value=0.00021098253282428379 -0.00026674856848398902 0.00043072836702197603 -0.00035099766162493157 1.1677779269923479e-05
leaf_weight=3756 3059 3252 2725 2266
leaf_count=3756 3059 3252 2725 2266
internal_value=2.96977e-05 0.000105273 -1.57261e-05 -0.000186337
internal_weight=15058 11999 8747 4991
internal_count=15058 11999 8747 4991
is_linear=0
shrinkage=0.05


Tree=16
num_leaves=5
num_cat=0
split_feature=1 5 5 1
split_gain=0.104935 0.15692 0.158121 0.103041
threshold=66.500000000000014 5.5000000000000009 7.5000000000000009 55.500000000000007
decision_type=2 2 2 2
left_child=1 -1 -3 -4
right_child=-2 2 3 -5
leaf_value=0.00018932735938519517 0.00022200031437746512 -0.00056919395054451849 6.7622318531587849e-05 -0.00035098266235344955
leaf_weight=3301 3114 2318 3995 2326
leaf_count=3301 3114 2318 3995 2326
internal_value=-3.64918e-05 -0.000103908 -0.000215954 -8.64158e-05
internal_weight=15054 11940 8639 6321
internal_count=15054 11940 8639 6321
is_linear=0
shrinkage=0.05


Tree=17
num_leaves=6
num_cat=0
split_feature=15 14 14 14 0
split_gain=0.135321 0.181341 0.0371734 0.0423429 0.0198329
threshold=372.08839226053482 0.028598038407648563 0.0098511074846314734 0.0061485369884320016 0.12531049800000002
decision_type=2 2 2 2 2
left_child=1 2 3 -1 -4
right_child=-2 -3 4 -5 -6
leaf_value=-9.7410261246351257e-05 -0.00033932235000865165 0.00037535044162951398 -0.00025027743846805828 0.00020344657422771847 -4.181489027607783e-05
leaf_weight=2418 2490 3414 2426 2265 2154
leaf_count=2418 2490 3414 2426 2265 2154
internal_value=-2.33666e-06 6.38536e-05 -5.09526e-05 4.81035e-05 -0.000152236
internal_weight=15167 12677 9263 4683 4580
internal_count=15167 12677 9263 4683 4580
is_linear=0
shrinkage=0.05


Tree=18
num_leaves=6
num_cat=0
split_feature=1 1 5 1 5
split_gain=0.120774 0.212101 0.118606 0.108139 0.0601875
threshold=48.500000000000007 54.500000000000007 6.5000000000000009 70.500000000000014 8.5000000000000018
decision_type=2 2 2 2 2
left_child=2 -2 -1 4 -3
right_child=1 3 -4 -5 -6
leaf_value=9.0186185739497032e-05 0.00056233679234088678 4.3135704327672309e-05 -0.00037837770346577641 0.00029702484319341538 -0.00029413871009228217
leaf_weight=2434 2148 2682 3034 2154 2610
leaf_count=2434 2148 2682 3034 2154 2610
internal_value=1.77396e-05 0.000124628 -0.000169803 -1.64123e-06 -0.000123207
internal_weight=15062 9594 5468 7446 5292
internal_count=15062 9594 5468 7446 5292
is_linear=0
shrinkage=0.05


Tree=19
num_leaves=6
num_cat=0
split_feature=5 14 5 0 0
split_gain=0.0817853 0.158755 0.121701 0.105935 0.0511763
threshold=5.5000000000000009 0.010684573751964429 7.5000000000000009 0.11897878600000002 0.029274329500000005
decision_type=2 2 2 2 2
left_child=1 -1 -2 4 -4
right_child=2 -3 3 -5 -6
leaf_value=-6.6481780190829262e-05 -0.00030824596814469165 0.00053354324700263312 7.303166074693915e-05 0.00026963188793812054 -0.00027587038656702763
leaf_weight=2306 2957 2112 2105 3555 2099
leaf_count=2306 2957 2112 2105 3555 2099
internal_value=3.93336e-05 0.000220357 -3.52988e-05 6.87229e-05 -0.00010117
internal_weight=15134 4418 10716 7759 4204
internal_count=15134 4418 10716 7759 4204
is_linear=0
shrinkage=0.05


Tree=20
num_leaves=6
num_cat=0
split_feature=4 4 15 14 15
split_gain=0.184742 0.186173 0.132478 0.118411 0.0266364
threshold=2869.5000000000005 6498.5000000000009 125.07580271446575 0.024944268232627843 122.7761702687062
decision_type=8 8 2 2 2
left_child=-1 2 -2 4 -3
right_child=1 3 -4 -5 -6
leaf_value=-0.00045130160486388352 5.3940430734565734e-07 -0.00010643598713603941 0.00053203867951053907 -0.00039618500498689454 0.00011320602674185133
leaf_weight=2021 2019 2175 2796 2202 3778
leaf_count=2021 2019 2175 2796 2202 3778
internal_value=-6.6451e-06 6.26418e-05 0.000309173 -8.29191e-05 3.29572e-05
internal_weight=14991 12970 4815 8155 5953
internal_count=14991 12970 4815 8155 5953
is_linear=0
shrinkage=0.05


Tree=21
num_leaves=6
num_cat=0
split_feature=4 14 15 14 15
split_gain=0.125996 0.142112 0.065405 0.103866 0.0451297
threshold=2998.5000000000005 0.040665281546811406 303.30327684885759 0.013226920192239202 145.68026571738184
decision_type=8 2 2 2 2
left_child=-1 2 3 4 -2
right_child=1 -3 -4 -5 -6
leaf_value=-0.00039332067458147147 0.00014179569762193215 0.00040791411872744703 0.0001628591613792455 -0.00034717613087536261 -0.00016025018489952084
leaf_weight=2103 3061 2032 2771 3088 2075
leaf_count=2103 3061 2032 2771 3088 2075
internal_value=-3.4207e-05 2.37662e-05 -4.72287e-05 -0.000118016 1.97659e-05
internal_weight=15130 13027 10995 8224 5136
internal_count=15130 13027 10995 8224 5136
is_linear=0
shrinkage=0.05


Tree=22
num_leaves=6
num_cat=0
split_feature=9 14 3 5 1
split_gain=0.144505 0.147881 0.109689 0.0666071 0.0445778
threshold=1.0000000180025095e-35 0.027063978065641408 0.28180912450000006 8.5000000000000018 58.500000000000007
decision_type=10 2 2 2 2
left_child=1 3 -2 4 -1
right_child=2 -3 -4 -5 -6
leaf_value=-0.00028314920436979199 5.9239437345382477e-05 0.0004702552372918145 -0.00038996377296617382 0.00020375838336293315 3.0936641096316926e-05
leaf_weight=2059 2310 2239 3301 2666 2503
leaf_count=2059 2310 2239 3301 2666 2503
internal_value=-3.97107e-06 0.000115195 -0.000205031 5.20892e-06 -0.000110822
internal_weight=15078 9467 5611 7228 4562
internal_count=15078 9467 5611 7228 4562
is_linear=0
shrinkage=0.05


Tree=23
num_leaves=6
num_cat=0
split_feature=4 4 14 1 14
split_gain=0.118332 0.136311 0.329616 0.0682658 0.0710758
threshold=2902.5000000000005 9001.0000000000018 0.032002048131080395 53.500000000000007 0.0063331729998396665
decision_type=8 10 2 2 2
left_child=-1 2 3 -2 -5
right_child=1 -3 -4 4 -6
leaf_value=-0.00036255332911239955 -0.00020149693817118463 -0.00027331277508268174 0.00063869998155953618 -0.00011963704681861938 0.00027018552293588187
leaf_weight=2032 3276 2641 2431 2119 2609
leaf_count=2032 3276 2641 2431 2119 2609
internal_value=-7.58198e-06 4.75803e-05 0.000128795 -2.60746e-05 9.54744e-05
internal_weight=15108 13076 10435 8004 4728
internal_count=15108 13076 10435 8004 4728
is_linear=0
shrinkage=0.05


Tree=24
num_leaves=6
num_cat=0
split_feature=1 4 7 4 1
split_gain=0.121384 0.162656 0.172062 0.0784149 0.0464378
threshold=48.500000000000007 5703.0000000000009 1.5000000000000002 16373.000000000002 37.500000000000007
decision_type=2 8 2 8 2
left_child=4 -2 3 -3 -1
right_child=1 2 -4 -5 -6
leaf_value=-9.3882591584225532e-06 0.00037996172277401176 0.00035457591507846828 -0.00042215252615635266 -8.4676998291794933e-05 -0.00030662516410652761
leaf_weight=2149 3412 2062 2067 2003 3382
leaf_count=2149 3412 2062 2067 2003 3382
internal_value=-4.76378e-06 0.000103245 -5.07276e-05 0.000138137 -0.000191138
internal_weight=15075 9544 6132 4065 5531
internal_count=15075 9544 6132 4065 5531
is_linear=0
shrinkage=0.05


Tree=25
num_leaves=6
num_cat=0
split_feature=4 4 14 14 5
split_gain=0.167299 0.128364 0.323429 0.186486 0.0775047
threshold=2869.5000000000005 6455.0000000000009 0.030175706505056424 0.015529734670191059 8.5000000000000018
decision_type=8 10 2 2 2
left_child=-1 2 4 -3 -2
right_child=1 3 -4 -5 -6
leaf_value=-0.00042328044416635251 -0.00013045866512101983 0.00012175766827389433 0.00072667773483457807 -0.00050110673690822582 0.00024743334440729286
leaf_weight=2010 3851 2941 2083 2032 2095
leaf_count=2010 3851 2941 2083 2032 2095
internal_value=1.2452e-06 6.68733e-05 0.000190515 -0.000132749 2.68694e-06
internal_weight=15012 13002 8029 4973 5946
internal_count=15012 13002 8029 4973 5946
is_linear=0
shrinkage=0.05


Tree=26
num_leaves=6
num_cat=0
split_feature=4 4 15 15 4
split_gain=0.163805 0.133575 0.0390037 0.0498741 0.195957
threshold=2869.5000000000005 4997.5000000000009 363.19039803799734 123.79344595002867 10238.000000000002
decision_type=8 8 2 2 8
left_child=-1 -2 3 -3 -5
right_child=1 2 -4 4 -6
leaf_value=-0.00044054193354103725 0.00034907015677733112 -0.00012144250238666149 -0.00023655393730609211 0.00045353313839974983 -0.00020998727734845119
leaf_weight=2012 2818 3926 2015 2234 2217
leaf_count=2012 2818 3926 2015 2234 2217
internal_value=-2.02653e-05 4.37465e-05 -3.90481e-05 8.45983e-06 0.00012304
internal_weight=15222 13210 10392 8377 4451
internal_count=15222 13210 10392 8377 4451
is_linear=0
shrinkage=0.05


Tree=27
num_leaves=6
num_cat=0
split_feature=15 14 1 14 3
split_gain=0.138738 0.293424 0.0760393 0.0444808 0.0381221
threshold=372.08839226053482 0.028598038407648563 58.500000000000007 0.0061485369884320016 0.37034269150000004
decision_type=2 2 2 2 2
left_child=1 2 4 -4 -1
right_child=-2 -3 3 -5 -6
leaf_value=-4.8811743369723176e-05 -0.00030108977674032759 0.00050841442266077541 -5.0378290194214346e-05 0.00027444604249554004 -0.00032859140954150931
leaf_weight=2753 2500 3336 2051 2168 2183
leaf_count=2753 2500 3336 2051 2168 2183
internal_value=3.89117e-05 0.000106961 -3.9325e-05 0.000116538 -0.000172547
internal_weight=14991 12491 9155 4219 4936
internal_count=14991 12491 9155 4219 4936
is_linear=0
shrinkage=0.05


Tree=28
num_leaves=6
num_cat=0
split_feature=15 14 14 14 4
split_gain=0.150166 0.238166 0.0688798 0.0362717 0.0122662
threshold=375.92857016900012 0.028598038407648563 0.0098511074846314734 0.0063331729998396665 4997.5000000000009
decision_type=2 2 2 2 10
left_child=1 2 3 -1 -4
right_child=-2 -3 4 -5 -6
leaf_value=-3.7932150233038949e-05 -0.00033594543685410263 0.0004501565086323654 -0.00010603904013672195 0.00024288652751747292 -0.0002711232725931488
leaf_weight=2441 2475 3363 2520 2174 2033
leaf_count=2441 2475 3363 2520 2174 2033
internal_value=1.99548e-05 9.02488e-05 -4.17724e-05 9.43538e-05 -0.000179752
internal_weight=15006 12531 9168 4615 4553
internal_count=15006 12531 9168 4615 4553
is_linear=0
shrinkage=0.05


Tree=29
num_leaves=6
num_cat=0
split_feature=5 5 4 0 0
split_gain=0.089722 0.117979 0.188705 0.0615723 0.0383115
threshold=11.500000000000002 5.5000000000000009 3950.5000000000005 0.071361008500000003 0.093754162500000016
decision_type=2 2 10 2 2
left_child=1 3 -3 -1 -4
right_child=-2 2 4 -5 -6
leaf_value=-2.5306201194572173e-05 0.00025258261564918018 -0.00046887262723143341 0.00020538665219705396 0.00034788037112365992 -9.4307941302163633e-05
leaf_weight=2166 3430 2968 2059 2257 2212
leaf_count=2166 3430 2968 2059 2257 2212
internal_value=2.77882e-05 -3.83278e-05 -0.000162637 0.000165126 5.01714e-05
internal_weight=15092 11662 7239 4423 4271
internal_count=15092 11662 7239 4423 4271
is_linear=0
shrinkage=0.05


Tree=30
num_leaves=6
num_cat=0
split_feature=5 5 0 14 1
split_gain=0.0884393 0.163933 0.233068 0.168876 0.152656
threshold=10.500000000000002 5.5000000000000009 0.093754162500000016 0.011232086651081066 55.500000000000007
decision_type=2 2 2 2 2
left_child=1 3 -3 -1 -2
right_child=4 2 -4 -5 -6
leaf_value=-0.0001168481852616694 0.00052195471897312109 6.1932127533693827e-05 -0.00054236335223799867 0.00050310096241291979 -7.576423101465756e-05
leaf_weight=2368 2013 3357 3041 2049 2276
leaf_count=2368 2013 3357 3041 2049 2276
internal_value=1.26451e-05 -6.35472e-05 -0.000225292 0.00017074 0.000204769
internal_weight=15104 10815 6398 4417 4289
internal_count=15104 10815 6398 4417 4289
is_linear=0
shrinkage=0.05


Tree=31
num_leaves=6
num_cat=0
split_feature=14 0 14 5 3
split_gain=0.111569 0.0949744 0.0656249 0.068162 0.0509345
threshold=0.046476333403236529 0.30595714450000006 0.021036385489510496 9.5000000000000018 0.26023541650000009
decision_type=2 2 2 2 2
left_child=1 2 3 4 -1
right_child=-2 -3 -4 -5 -6
leaf_value=7.2052021850879281e-05 -0.00038403336869131938 0.00031967745032105837 -0.00030017391629254004 0.00022733401742726963 -0.00021402817665946937
leaf_weight=2995 2037 2125 2056 2621 3238
leaf_count=2995 2037 2125 2056 2621 3238
internal_value=-3.99087e-05 1.38682e-05 -4.56959e-05 1.33968e-05 -7.65646e-05
internal_weight=15072 13035 10910 8854 6233
internal_count=15072 13035 10910 8854 6233
is_linear=0
shrinkage=0.05


Tree=32
num_leaves=6
num_cat=0
split_feature=15 14 0 1 14
split_gain=0.124014 0.131729 0.112054 0.0574496 0.0241265
threshold=125.07580271446575 0.01443215099251546 0.30595714450000006 49.500000000000007 0.0075602986304670718
decision_type=2 2 2 2 2
left_child=1 -1 3 -2 -5
right_child=2 -3 -4 4 -6
leaf_value=4.104118141202384e-05 -0.00019354251316074859 -0.00041474058986634189 0.00041867548229563949 -4.6375531699607896e-06 0.0002332041857475107
leaf_weight=3226 2352 3117 2173 2133 2132
leaf_count=3226 2352 3117 2173 2133 2132
internal_value=-1.44372e-05 -0.000182934 0.000107152 4.84924e-06 0.000114255
internal_weight=15133 6343 8790 6617 4265
internal_count=15133 6343 8790 6617 4265
is_linear=0
shrinkage=0.05


Tree=33
num_leaves=6
num_cat=0
split_feature=15 0 1 3 3
split_gain=0.148052 0.098884 0.0646719 0.0393942 0.0208441
threshold=375.92857016900012 0.35046535850000005 66.500000000000014 0.59160016250000014 0.273467709
decision_type=2 2 2 2 2
left_child=1 2 3 4 -1
right_child=-2 -3 -4 -5 -6
leaf_value=-8.1825515501071893e-05 -0.0003485425403019859 0.00033566478911880112 0.00023385961643222276 -0.0002407026889017301 0.00012117266989777253
leaf_weight=2940 2496 2789 2242 2372 2219
leaf_count=2940 2496 2789 2242 2372 2219
internal_value=3.18027e-06 7.30657e-05 -1.87439e-06 -7.20531e-05 5.48849e-06
internal_weight=15058 12562 9773 7531 5159
internal_count=15058 12562 9773 7531 5159
is_linear=0
shrinkage=0.05


Tree=34
num_leaves=5
num_cat=0
split_feature=4 5 15 4
split_gain=0.0686992 0.0820323 0.0879624 0.116578
threshold=2869.5000000000005 5.5000000000000009 125.07580271446575 8751.5000000000018
decision_type=8 2 2 8
left_child=-1 -2 -3 -4
right_child=1 2 3 -5
leaf_value=-0.0002514507814722063 0.00026887896305202464 -0.00020249575349654916 0.00031992351233802851 -0.00012495137656007036
leaf_weight=2007 3528 3743 3082 2820
leaf_count=2007 3528 3743 3082 2820
internal_value=2.10569e-05 6.25753e-05 -1.28875e-05 0.00010736
internal_weight=15180 13173 9645 5902
internal_count=15180 13173 9645 5902
is_linear=0
shrinkage=0.05


Tree=35
num_leaves=6
num_cat=0
split_feature=9 5 0 0 14
split_gain=0.0933793 0.114638 0.0817518 0.089375 0.0281604
threshold=1.5000000000000002 11.500000000000002 0.32079416900000007 0.093754162500000016 0.0080045998427901843
decision_type=10 2 2 2 2
left_child=1 2 3 4 -1
right_child=-2 -3 -4 -5 -6
leaf_value=-7.5550963456302389e-05 -0.00022774263488971018 0.00036871522834703842 0.00026510953573839898 -0.00036530236463709598 0.00016056340913371767
leaf_weight=2934 3132 2656 2175 2035 2217
leaf_count=2934 3132 2656 2175 2035 2217
internal_value=1.54164e-05 7.87911e-05 -3.46913e-06 -8.47603e-05 2.60731e-05
internal_weight=15149 12017 9361 7186 5151
internal_count=15149 12017 9361 7186 5151
is_linear=0
shrinkage=0.05


Tree=36
num_leaves=7
num_cat=0
split_feature=5 14 14 1 3 3
split_gain=0.125996 0.228102 0.0986164 0.0763465 0.0710336 0.0399388
threshold=5.5000000000000009 0.03753454587747914 0.010684573751964429 65.500000000000014 0.52934095650000013 0.28442242700000003
decision_type=2 2 2 2 2 2
left_child=2 3 -1 4 5 -2
right_child=1 -3 -4 -5 -6 -7
leaf_value=4.6284217385482238e-06 -8.8070323161308737e-05 -0.00054643793047723312 0.0004772213431957959 0.00028837570991401619 -0.0003055903506885701 0.00021303526260511285
leaf_weight=2337 2343 2174 2092 2108 2001 2078
leaf_count=2337 2343 2174 2092 2108 2001 2078
internal_value=3.56544e-06 -8.92384e-05 0.000227854 2.72858e-05 -5.8416e-05 5.34582e-05
internal_weight=15133 10704 4429 8530 6422 4421
internal_count=15133 10704 4429 8530 6422 4421
is_linear=0
shrinkage=0.05


Tree=37
num_leaves=6
num_cat=0
split_feature=4 0 3 9 3
split_gain=0.0973576 0.201682 0.165464 0.0737831 0.0340896
threshold=6500.5000000000009 0.32079416900000007 0.27935488100000005 1.0000000180025095e-35 0.27935488100000005
decision_type=10 2 2 10 2
left_child=1 3 -2 4 -1
right_child=2 -3 -4 -5 -6
leaf_value=-8.9793038904287614e-05 0.00010600000385887522 0.00050962227426309373 -0.0004729820475448881 -0.0002710486390037204 0.00016639900404838697
leaf_weight=2010 2631 2361 2324 2102 3668
leaf_count=2010 2631 2361 2324 2102 3668
internal_value=1.60981e-05 0.000104856 -0.000165555 -1.7979e-05 7.57076e-05
internal_weight=15096 10141 4955 7780 5678
internal_count=15096 10141 4955 7780 5678
is_linear=0
shrinkage=0.05


Tree=38
num_leaves=6
num_cat=0
split_feature=4 4 4 15 15
split_gain=0.0829404 0.121085 0.105079 0.0608521 0.0321057
threshold=2869.5000000000005 6565.5000000000009 11133.500000000002 177.79618684417935 138.08777733978482
decision_type=8 8 8 2 2
left_child=-1 3 -3 -2 -4
right_child=1 2 4 -5 -6
leaf_value=-0.00031919252963972443 6.9625644397171215e-05 -0.00030175195457869685 0.00021165561266297267 0.00042514998879035351 -5.1471956935052007e-05
leaf_weight=2000 2793 3438 2031 2115 2701
leaf_count=2000 2793 3438 2031 2115 2701
internal_value=-1.93199e-05 2.65392e-05 -9.13802e-05 0.000222831 6.14638e-05
internal_weight=15078 13078 8170 4908 4732
internal_count=15078 13078 8170 4908 4732
is_linear=0
shrinkage=0.05


Tree=39
num_leaves=5
num_cat=0
split_feature=9 0 4 15
split_gain=0.110211 0.0814445 0.101568 0.0722055
threshold=1.0000000180025095e-35 0.035167927500000008 7250.5000000000009 217.32735061272075
decision_type=10 2 8 2
left_child=1 -1 -3 -2
right_child=3 2 -4 -5
leaf_value=-0.00010757983913899923 -6.0826594601837619e-05 0.00039685497643971303 -1.7703378865821595e-05 -0.00043389137549024962
leaf_weight=3481 3592 3068 2850 2030
leaf_count=3481 3592 3068 2850 2030
internal_value=-2.04166e-05 8.43293e-05 0.000197211 -0.000195533
internal_weight=15021 9399 5918 5622
internal_count=15021 9399 5918 5622
is_linear=0
shrinkage=0.05


Tree=40
num_leaves=6
num_cat=0
split_feature=1 14 5 0 4
split_gain=0.0957561 0.105019 0.0331775 0.149436 0.0927177
threshold=70.500000000000014 0.03753454587747914 7.5000000000000009 0.11897878600000002 5757.0000000000009
decision_type=2 2 2 2 8
left_child=1 2 4 -4 -1
right_child=-2 -3 3 -5 -6
leaf_value=-0.00035088216666402184 0.00028539925624917502 -0.00034054498753880027 -0.00012370168734404655 0.00042683949109647613 9.2536046119206066e-05
leaf_weight=2032 2135 2909 3202 2004 2808
leaf_count=2032 2135 2909 3202 2004 2808
internal_value=-2.48625e-05 -7.59941e-05 6.11407e-07 8.82239e-05 -9.36263e-05
internal_weight=15090 12955 10046 5206 4840
internal_count=15090 12955 10046 5206 4840
is_linear=0
shrinkage=0.05


Tree=41
num_leaves=6
num_cat=0
split_feature=0 0 4 9 4
split_gain=0.0820007 0.109765 0.0622924 0.111945 0.0817941
threshold=0.52247448900000015 0.23941253600000004 8402.0000000000018 1.0000000180025095e-35 6201.0000000000009
decision_type=2 2 10 10 8
left_child=1 2 3 4 -1
right_child=-2 -3 -4 -5 -6
leaf_value=0.00021446863975576116 -0.00029478324700847727 0.00034479818915461331 0.00021677628583553112 -0.00037236977100352432 -0.00015629956154772004
leaf_weight=2977 2083 2447 2096 2450 2973
leaf_count=2977 2083 2447 2096 2450 2973
internal_value=-3.62443e-06 4.32336e-05 -2.70721e-05 -8.7918e-05 2.92092e-05
internal_weight=15026 12943 10496 8400 5950
internal_count=15026 12943 10496 8400 5950
is_linear=0
shrinkage=0.05


Tree=42
num_leaves=6
num_cat=0
split_feature=5 14 14 0 15
split_gain=0.087798 0.173756 0.133774 0.0876772 0.0570322
threshold=5.5000000000000009 0.011232086651081066 0.03753454587747914 0.12531049800000002 146.63093194419531
decision_type=2 2 2 2 2
left_child=1 -1 3 4 -2
right_child=2 -3 -4 -5 -6
leaf_value=-6.7754558025449147e-05 -0.00023369906296707659 0.00055955377805186313 -0.00039411949755929066 0.00027690954635834424 8.2756290323435396e-05
leaf_weight=2385 2671 2055 2153 2789 3049
leaf_count=2385 2671 2055 2153 2789 3049
internal_value=3.57677e-05 0.000222587 -4.20301e-05 4.70578e-05 -6.50151e-05
internal_weight=15102 4440 10662 8509 5720
internal_count=15102 4440 10662 8509 5720
is_linear=0
shrinkage=0.05


Tree=43
num_leaves=6
num_cat=0
split_feature=0 5 0 0 14
split_gain=0.15729 0.149421 0.144517 0.0513374 0.0143221
threshold=0.4599513695000001 8.5000000000000018 0.12531049800000002 0.10072576300000001 0.0075602986304670718
decision_type=2 2 2 2 2
left_child=1 3 -3 4 -1
right_child=-2 2 -4 -5 -6
leaf_value=-6.7278908034332975e-05 -0.00036379776843094839 6.8121677508107458e-05 0.00059248757375946826 -0.00028051353452276598 0.00010864229730050677
leaf_weight=2607 2476 3519 2097 2233 2080
leaf_count=2607 2476 3519 2097 2233 2080
internal_value=3.72801e-07 7.23006e-05 0.000263919 -8.32091e-05 1.07915e-05
internal_weight=15012 12536 5616 6920 4687
internal_count=15012 12536 5616 6920 4687
is_linear=0
shrinkage=0.05


Tree=44
num_leaves=6
num_cat=0
split_feature=15 15 4 15 3
split_gain=0.0805253 0.0557677 0.117121 0.116087 0.076092
threshold=372.08839226053482 140.39703223182119 9803.0000000000018 41.537058601297772 0.36346248500000006
decision_type=2 2 8 2 2
left_child=1 3 -3 -1 -5
right_child=-2 2 -4 4 -6
leaf_value=0.00016448250989141224 -0.0003054684924866059 0.00030336490461143939 -0.00016854551820964084 -3.7020479541223023e-05 -0.00046220603637066717
leaf_weight=2758 2473 3467 2118 2073 2137
leaf_count=2758 2473 3467 2118 2073 2137
internal_value=-4.46873e-05 6.68778e-06 0.000124402 -8.76629e-05 -0.000252845
internal_weight=15026 12553 5585 6968 4210
internal_count=15026 12553 5585 6968 4210
is_linear=0
shrinkage=0.05


Tree=45
num_leaves=7
num_cat=0
split_feature=3 3 15 4 4 4
split_gain=0.115054 0.0892879 0.201275 0.0301742 0.0171754 0.000429339
threshold=622.00000000000011 0.43314913800000004 147.76173228180676 5757.0000000000009 8651.5000000000018 3702.5000000000005
decision_type=2 2 2 10 10 10
left_child=1 3 -3 5 -5 -1
right_child=-2 2 -4 4 -6 -7
leaf_value=-0.00010023539511507807 0.00032530587370958647 -0.00060876253961465916 9.1138482324899239e-05 0.00020193457333432825 1.2370937891378886e-05 -6.747340255813015e-05
leaf_weight=2000 2117 2090 2020 2270 2523 2000
leaf_count=2000 2117 2090 2020 2270 2523 2000
internal_value=-1.63353e-05 -7.23885e-05 -0.000264772 1.75351e-05 0.00010215 -8.38544e-05
internal_weight=15020 12903 4110 8793 4793 4000
internal_count=15020 12903 4110 8793 4793 4000
is_linear=0
shrinkage=0.05


Tree=46
num_leaves=6
num_cat=0
split_feature=4 14 15 14 14
split_gain=0.0956702 0.104346 0.106761 0.0530599 0.0370416
threshold=2869.5000000000005 0.041158150674328181 299.92467093816492 0.011631852661456764 0.0063331729998396665
decision_type=8 2 2 2 2
left_child=-1 2 3 4 -2
right_child=1 -3 -4 -5 -6
leaf_value=-0.00032726067834777092 -0.00016265317698477922 0.00037254647674270626 0.00024944728427656911 -0.00026012178105128402 0.00011642376800397679
leaf_weight=2004 2066 2037 2806 3371 2801
leaf_count=2004 2066 2037 2806 3371 2801
internal_value=-5.55606e-06 4.37289e-05 -1.69196e-05 -0.000107649 -2.04202e-06
internal_weight=15085 13081 11044 8238 4867
internal_count=15085 13081 11044 8238 4867
is_linear=0
shrinkage=0.05


Tree=47
num_leaves=6
num_cat=0
split_feature=14 15 4 14 14
split_gain=0.117268 0.0915947 0.0544859 0.176726 0.011879
threshold=0.046476333403236529 303.30327684885759 3443.0000000000005 0.01443215099251546 0.010159559682860938
decision_type=2 2 10 2 2
left_child=1 2 4 -4 -1
right_child=-2 -3 3 -5 -6
leaf_value=-1.2606123827250241e-06 -0.00038863540622945992 0.00025740052472896234 7.5195777603101187e-05 -0.00048564681096962387 0.00016679647270689268
leaf_weight=2108 2042 3076 3442 2373 2098
leaf_count=2108 2042 3076 3442 2373 2098
internal_value=-3.62087e-05 1.87394e-05 -5.45189e-05 -0.000153674 8.25681e-05
internal_weight=15139 13097 10021 5815 4206
internal_count=15139 13097 10021 5815 4206
is_linear=0
shrinkage=0.05


Tree=48
num_leaves=6
num_cat=0
split_feature=0 5 14 0 14
split_gain=0.0635876 0.0683746 0.231802 0.103023 0.0470965
threshold=0.0046648860000000009 5.5000000000000009 0.03753454587747914 0.12531049800000002 0.0091480837449767032
decision_type=2 2 2 2 2
left_child=-1 -2 3 4 -3
right_child=1 2 -4 -5 -6
leaf_value=0.00027126449597057533 0.00015775551802942872 3.368045351895308e-05 -0.0005592557752750548 0.00026940076584506926 -0.00028775749432871314
leaf_weight=2034 3563 2486 2126 2842 2104
leaf_count=2034 3563 2486 2126 2842 2104
internal_value=1.1137e-05 -2.91876e-05 -9.88756e-05 3.28209e-05 -0.000113663
internal_weight=15155 13121 9558 7432 4590
internal_count=15155 13121 9558 7432 4590
is_linear=0
shrinkage=0.05


Tree=49
num_leaves=5
num_cat=0
split_feature=5 5 0 14
split_gain=0.105707 0.0861425 0.115153 0.0440946
threshold=11.500000000000002 5.5000000000000009 0.093754162500000016 0.011232086651081066
decision_type=2 2 2 2
left_child=1 3 -3 -1
right_child=-2 2 -4 -5
leaf_value=-5.081883400944055e-05 0.00023830227962689588 8.7760782983741103e-06 -0.00038982562337146252 0.00026753318731425859
leaf_weight=2321 3444 3773 3486 2047
leaf_count=2321 3444 3773 3486 2047
internal_value=-5.00411e-06 -7.70732e-05 -0.000182645 9.83722e-05
internal_weight=15071 11627 7259 4368
internal_count=15071 11627 7259 4368
is_linear=0
shrinkage=0.05


Tree=50
num_leaves=6
num_cat=0
split_feature=0 1 1 4 1
split_gain=0.0952322 0.117662 0.0837701 0.0435648 0.13065
threshold=0.23941253600000004 52.500000000000007 65.500000000000014 9901.5000000000018 50.500000000000007
decision_type=2 2 2 8 2
left_child=2 -2 3 4 -1
right_child=1 -3 -4 -5 -6
leaf_value=-0.00042715168345884059 0.00048429878507720266 -2.9438138952363757e-05 0.00021396339926182717 4.8951960529744033e-05 9.2582988781952314e-05
leaf_weight=2734 2467 2033 2756 2835 2168
leaf_count=2734 2467 2033 2756 2835 2168
internal_value=5.9779e-05 0.000252204 -2.27438e-05 -0.000107061 -0.000197289
internal_weight=14993 4500 10493 7737 4902
internal_count=14993 4500 10493 7737 4902
is_linear=0
shrinkage=0.05


Tree=51
num_leaves=6
num_cat=0
split_feature=1 5 14 3 0
split_gain=0.0778661 0.11666 0.203859 0.0708296 0.0466766
threshold=70.500000000000014 5.5000000000000009 0.03753454587747914 0.44731228550000007 0.058216802500000005
decision_type=2 2 2 2 2
left_child=1 -1 3 4 -3
right_child=-2 2 -4 -5 -6
leaf_value=0.00018712623855651257 0.00026810236992880578 -7.1885950596815138e-05 -0.00058102490460961874 -0.00021796923360081115 0.00025200029819306963
leaf_weight=3572 2157 2087 2113 2858 2382
leaf_count=3572 2157 2087 2113 2858 2382
internal_value=-1.01332e-05 -5.62564e-05 -0.00014835 -2.35727e-05 0.000100747
internal_weight=15169 13012 9440 7327 4469
internal_count=15169 13012 9440 7327 4469
is_linear=0
shrinkage=0.05


Tree=52
num_leaves=5
num_cat=0
split_feature=4 14 3 3
split_gain=0.0996788 0.260075 0.0315547 0.0686994
threshold=9001.0000000000018 0.028598038407648563 0.44731228550000007 0.13459174000000004
decision_type=10 2 2 2
left_child=1 2 3 -1
right_child=-2 -3 -4 -5
leaf_value=-0.00018062891540110101 -0.00023985094080786131 0.00047201810505113136 -0.00014654274197343706 0.00019239543278286563
leaf_weight=2078 2651 3384 3997 3040
leaf_count=2078 2651 3384 3997 3040
internal_value=3.86316e-05 9.76969e-05 -4.12722e-05 4.09408e-05
internal_weight=15150 12499 9115 5118
internal_count=15150 12499 9115 5118
is_linear=0
shrinkage=0.05


Tree=53
num_leaves=6
num_cat=0
split_feature=4 4 14 14 15
split_gain=0.086035 0.0764263 0.200698 0.14679 0.021909
threshold=2998.5000000000005 6455.0000000000009 0.028598038407648563 0.015529734670191059 100.73435327642913
decision_type=8 10 2 2 2
left_child=-1 2 4 -3 -2
right_child=1 3 -4 -5 -6
leaf_value=-0.00033571729475456122 8.7933469786522333e-05 8.4293465131000597e-05 0.00052904620118479021 -0.00046449849758876857 -0.00011420447952852269
leaf_weight=2108 2060 2926 2066 2088 3838
leaf_count=2108 2060 2926 2066 2088 3838
internal_value=-3.94463e-05 8.67664e-06 0.000104952 -0.000144242 -4.36036e-05
internal_weight=15086 12978 7964 5014 5898
internal_count=15086 12978 7964 5014 5898
is_linear=0
shrinkage=0.05


Tree=54
num_leaves=6
num_cat=0
split_feature=3 15 15 15 14
split_gain=0.108559 0.113304 0.182007 0.0759253 0.0645839
threshold=0.76068888800000012 129.93111859274003 67.208565310578635 291.15260470977756 0.010684573751964429
decision_type=2 2 2 2 2
left_child=1 2 -1 -3 -2
right_child=4 3 -4 -5 -6
leaf_value=-1.1361796266071627e-05 6.5841493349850904e-07 0.00018606361406513732 -0.00064266049559140491 -0.00015991946814500143 0.00040019229947101527
leaf_weight=2569 2032 3576 2055 2849 2014
leaf_count=2569 2032 3576 2055 2849 2014
internal_value=-2.20456e-05 -0.000103186 -0.000291924 3.26464e-05 0.000199537
internal_weight=15095 11049 4624 6425 4046
internal_count=15095 11049 4624 6425 4046
is_linear=0
shrinkage=0.05


Tree=55
num_leaves=6
num_cat=0
split_feature=1 1 1 14 4
split_gain=0.0734495 0.083874 0.104086 0.092172 0.0522257
threshold=44.500000000000007 54.500000000000007 66.500000000000014 0.0098979294367737818 5703.0000000000009
decision_type=2 2 2 2 8
left_child=4 -2 3 -3 -1
right_child=1 2 -4 -5 -6
leaf_value=-0.00039391606778223139 0.0002329333950511443 1.3872575868550008e-05 0.00016071878132157614 -0.00044563064129707667 -3.5391780761887007e-05
leaf_weight=2031 3581 2157 3087 2209 2032
leaf_count=2031 3581 2157 3087 2209 2032
internal_value=-3.28649e-05 3.40582e-05 -6.14969e-05 -0.000218615 -0.00021461
internal_weight=15097 11034 7453 4366 4063
internal_count=15097 11034 7453 4366 4063
is_linear=0
shrinkage=0.05


Tree=56
num_leaves=7
num_cat=0
split_feature=4 3 1 1 15 4
split_gain=0.0598775 0.0703022 0.048837 0.169447 0.0529958 0.0332095
threshold=2216.5000000000005 622.00000000000011 57.500000000000007 49.500000000000007 169.07231082259847 6162.5000000000009
decision_type=10 2 2 2 2 10
left_child=1 -1 3 4 -2 -4
right_child=2 -3 5 -5 -6 -7
leaf_value=-0.00030857433673891457 0.00016938508096959971 8.7820974208698422e-05 0.00010408022768113326 0.0005422013948683795 -0.00018169236671178681 -0.00018016935073378209
leaf_weight=2328 2266 2153 2099 2199 2045 2013
leaf_count=2328 2266 2153 2099 2199 2045 2013
internal_value=3.51631e-05 -0.000118117 9.98258e-05 0.000185033 2.84521e-06 -3.50721e-05
internal_weight=15103 4481 10622 6510 4311 4112
internal_count=15103 4481 10622 6510 4311 4112
is_linear=0
shrinkage=0.05


Tree=57
num_leaves=6
num_cat=0
split_feature=15 0 1 14 15
split_gain=0.107424 0.148794 0.0540653 0.0509454 0.0389851
threshold=372.08839226053482 0.35046535850000005 66.500000000000014 0.021036385489510496 145.68026571738184
decision_type=2 2 2 2 2
left_child=1 2 3 4 -1
right_child=-2 -3 -4 -5 -6
leaf_value=9.488586369567185e-05 -0.00030773177160269976 0.00036916453868862729 0.00017439560055436233 -0.00031403332033289993 -0.00017725486159196765
leaf_weight=2986 2527 2822 2200 2135 2353
leaf_count=2986 2527 2822 2200 2135 2353
internal_value=-1.04106e-05 4.97151e-05 -4.34714e-05 -0.000107601 -2.50518e-05
internal_weight=15023 12496 9674 7474 5339
internal_count=15023 12496 9674 7474 5339
is_linear=0
shrinkage=0.05


Tree=58
num_leaves=6
num_cat=0
split_feature=3 14 9 0 14
split_gain=0.0534159 0.0802363 0.0582688 0.058401 0.0510461
threshold=0.49425377900000006 0.025280486192390764 1.0000000180025095e-35 0.060249866000000006 0.01443215099251546
decision_type=2 2 8 2 2
left_child=2 -2 3 -1 -4
right_child=1 -3 4 -5 -6
leaf_value=-0.00011486323112075406 -8.3762837844025602e-06 0.00038503823007301254 -1.9413445469201131e-05 0.0002128263030774302 -0.0003709261039135447
leaf_weight=2678 3455 2074 2038 2762 2094
leaf_count=2678 3455 2074 2038 2762 2094
internal_value=1.5467e-05 0.000139199 -5.60031e-05 5.15115e-05 -0.000197552
internal_weight=15101 5529 9572 5440 4132
internal_count=15101 5529 9572 5440 4132
is_linear=0
shrinkage=0.05


Tree=59
num_leaves=6
num_cat=0
split_feature=15 14 1 3 15
split_gain=0.0886155 0.2336 0.0624703 0.0659382 0.0243843
threshold=375.92857016900012 0.041158150674328181 65.500000000000014 0.59160016250000014 103.1465783940161
decision_type=2 2 2 2 2
left_child=1 2 3 4 -1
right_child=-2 -3 -4 -5 -6
leaf_value=0.00010754698850778699 -0.00027806255257635933 0.00053181024992273015 0.00015930195951476998 -0.00034141587956908442 -0.00010924824701511977
leaf_weight=2142 2477 2090 2716 2336 3288
leaf_count=2142 2477 2090 2716 2336 3288
internal_value=-4.71815e-06 4.91376e-05 -4.71023e-05 -0.000119288 -2.37279e-05
internal_weight=15049 12572 10482 7766 5430
internal_count=15049 12572 10482 7766 5430
is_linear=0
shrinkage=0.05


Tree=60
num_leaves=6
num_cat=0
split_feature=15 14 4 14 15
split_gain=0.0818167 0.159227 0.0336817 0.111529 0.0137055
threshold=375.92857016900012 0.041158150674328181 3443.0000000000005 0.011885556907931303 120.75686448354433
decision_type=2 2 10 2 2
left_child=1 2 4 -4 -1
right_child=-2 -3 3 -5 -6
leaf_value=0.00015096021895116656 -0.00027664000661454944 0.00043804614678123765 6.6431216281564098e-05 -0.00036426212901014205 -2.6858407156250836e-05
leaf_weight=2300 2436 2094 3578 2592 2049
leaf_count=2300 2436 2094 3578 2592 2049
internal_value=-1.13581e-05 3.98769e-05 -3.9386e-05 -0.000114502 6.71823e-05
internal_weight=15049 12613 10519 6170 4349
internal_count=15049 12613 10519 6170 4349
is_linear=0
shrinkage=0.05


Tree=61
num_leaves=5
num_cat=0
split_feature=0 0 9 15
split_gain=0.113532 0.0965674 0.0645729 0.0870274
threshold=0.40980152950000004 0.20827371950000004 1.0000000180025095e-35 126.9753359530703
decision_type=2 2 10 2
left_child=1 2 3 -1
right_child=-2 -3 -4 -5
leaf_value=-0.00015370074979394207 -0.00031995561323477597 0.00033632560862708168 -0.00021170132617189761 0.00021004448886457425
leaf_weight=2867 2880 2114 3429 3856
leaf_count=2867 2880 2114 3429 3856
internal_value=-3.74444e-05 2.8888e-05 -3.51312e-05 5.49266e-05
internal_weight=15146 12266 10152 6723
internal_count=15146 12266 10152 6723
is_linear=0
shrinkage=0.05


Tree=62
num_leaves=6
num_cat=0
split_feature=5 4 4 14 5
split_gain=0.0770384 0.0567744 0.0649011 0.0869517 0.0643379
threshold=12.500000000000002 2665.0000000000005 7201.0000000000009 0.015708379919113283 5.5000000000000009
decision_type=2 10 10 2 2
left_child=1 4 3 -3 -1
right_child=-2 2 -4 -5 -6
leaf_value=6.643088587532988e-06 0.00024187439271481601 -6.026672625724964e-05 -0.00015472236153802677 0.00036062838287785457 -0.00037317872606876625
leaf_weight=2103 2711 2580 3014 2340 2373
leaf_count=2103 2711 2580 3014 2340 2373
internal_value=4.09222e-07 -5.23395e-05 2.7987e-05 0.000139915 -0.000194724
internal_weight=15121 12410 7934 4920 4476
internal_count=15121 12410 7934 4920 4476
is_linear=0
shrinkage=0.05


Tree=63
num_leaves=6
num_cat=0
split_feature=14 14 4 3 1
split_gain=0.104642 0.0849746 0.052444 0.045047 0.0177773
threshold=0.046476333403236529 0.025810182647400624 7602.0000000000009 0.28442242700000003 56.500000000000007
decision_type=2 2 10 2 2
left_child=1 2 3 -1 -5
right_child=-2 -3 -4 4 -6
leaf_value=-0.00023939174180041538 -0.00034668739522690625 0.0002956066300368273 0.00016375893718266444 -9.6007076806942646e-05 0.00010019541272264287
leaf_weight=3058 2016 2609 2756 2181 2453
leaf_count=3058 2016 2609 2756 2181 2453
internal_value=-1.14136e-05 4.03527e-05 -2.33875e-05 -9.0441e-05 7.85238e-06
internal_weight=15073 13057 10448 7692 4634
internal_count=15073 13057 10448 7692 4634
is_linear=0
shrinkage=0.05


Tree=64
num_leaves=6
num_cat=0
split_feature=0 5 14 14 0
split_gain=0.0754459 0.0607933 0.039829 0.0266892 0.0430224
threshold=0.52247448900000015 10.500000000000002 0.015110870123569533 0.0091026660247007594 0.026543472000000002
decision_type=2 2 2 2 2
left_child=1 2 3 4 -1
right_child=-2 -3 -4 -5 -6
leaf_value=-0.00017790230881061813 -0.00027663172643418597 0.0002121020169355158 0.00013285982482570403 -0.00023447375222390636 0.00014428655348070252
leaf_weight=2095 2089 3907 2818 2186 2050
leaf_count=2095 2089 3907 2818 2186 2050
internal_value=2.35856e-06 4.69979e-05 -2.35084e-05 -9.31097e-05 -1.85568e-05
internal_weight=15145 13056 9149 6331 4145
internal_count=15145 13056 9149 6331 4145
is_linear=0
shrinkage=0.05


Tree=65
num_leaves=5
num_cat=0
split_feature=3 0 15 15
split_gain=0.0766309 0.237546 0.068621 0.101243
threshold=0.15144265550000005 0.40980152950000004 266.04382796807391 102.08188315412799
decision_type=2 2 2 2
left_child=-1 2 3 -2
right_child=1 -3 -4 -5
leaf_value=0.00021574773813335527 0.00017663877589504695 -0.00049320056368510798 0.00027803860506693588 -0.00021248519781233807
leaf_weight=3410 3249 2435 2626 3443
leaf_count=3410 3249 2435 2626 3443
internal_value=7.06975e-06 -5.34758e-05 6.1434e-05 -2.35635e-05
internal_weight=15163 11753 9318 6692
internal_count=15163 11753 9318 6692
is_linear=0
shrinkage=0.05


Tree=66
num_leaves=6
num_cat=0
split_feature=14 15 15 1 0
split_gain=0.119957 0.0671092 0.0615072 0.0561641 0.0298238
threshold=0.037319737678589364 303.30327684885759 103.1465783940161 58.500000000000007 0.051562532000000008
decision_type=2 2 2 2 2
left_child=1 2 4 -4 -1
right_child=-2 -3 3 -5 -6
leaf_value=-1.5305220268591812e-05 -0.00030510833834535592 0.00025940994550691527 -0.00028651589459866754 4.8735196274839867e-05 0.00025225304096021208
leaf_weight=2021 3057 2813 2798 2257 2149
leaf_count=2021 3057 2813 2798 2257 2149
internal_value=-2.54066e-05 4.56225e-05 -1.95682e-05 -0.00013683 0.00012258
internal_weight=15095 12038 9225 5055 4170
internal_count=15095 12038 9225 5055 4170
is_linear=0
shrinkage=0.05


Tree=67
num_leaves=6
num_cat=0
split_feature=9 15 4 14 0
split_gain=0.113181 0.109041 0.119198 0.180956 0.0992731
threshold=1.0000000180025095e-35 82.431973513092785 4997.5000000000009 0.011232086651081066 0.11470883600000002
decision_type=10 2 10 2 2
left_child=1 -1 3 -3 -2
right_child=4 2 -4 -5 -6
leaf_value=-0.00016678897493127635 3.8372564360497149e-05 4.7210693547253519e-05 -5.7608674798951046e-05 0.00071139775588644752 -0.0003836109423030464
leaf_weight=2774 2616 2084 2621 2019 2983
leaf_count=2774 2616 2084 2621 2019 2983
internal_value=-8.14033e-06 9.69714e-05 0.000205786 0.000374043 -0.000186449
internal_weight=15097 9498 6724 4103 5599
internal_count=15097 9498 6724 4103 5599
is_linear=0
shrinkage=0.05


Tree=68
num_leaves=6
num_cat=0
split_feature=15 4 5 5 4
split_gain=0.0970179 0.12578 0.157104 0.033619 0.04104
threshold=372.08839226053482 6455.0000000000009 7.5000000000000009 10.500000000000002 6999.0000000000009
decision_type=2 8 2 2 10
left_child=1 2 -1 4 -3
right_child=-2 3 -4 -5 -6
leaf_value=-3.4973150838532473e-05 -0.00030555591286878268 -0.00017403103628241365 0.00048339707125116219 -0.00027666137511684567 0.00012749154499664208
leaf_weight=3169 2500 2467 2713 2134 2080
leaf_count=3169 2500 2467 2713 2134 2080
internal_value=-2.10988e-05 3.55073e-05 0.000204119 -0.000112939 -3.61012e-05
internal_weight=15063 12563 5882 6681 4547
internal_count=15063 12563 5882 6681 4547
is_linear=0
shrinkage=0.05


Tree=69
num_leaves=6
num_cat=0
split_feature=1 1 1 3 14
split_gain=0.0555512 0.15008 0.0841078 0.0813262 0.0790577
threshold=54.500000000000007 48.500000000000007 65.500000000000014 0.37034269150000004 0.022835292694238878
decision_type=2 2 2 2 2
left_child=1 4 3 -2 -1
right_child=2 -3 -4 -5 -6
leaf_value=0.00015339625014319195 -1.3471509653438952e-05 0.00046318397235849454 9.9129314398074218e-05 -0.00046269521624402638 -0.00022547005260216917
leaf_weight=2850 2015 2146 3417 2015 2664
leaf_count=2850 2015 2146 3417 2015 2664
internal_value=1.38855e-05 0.000108423 -8.33559e-05 -0.000238083 -2.96469e-05
internal_weight=15107 7660 7447 4030 5514
internal_count=15107 7660 7447 4030 5514
is_linear=0
shrinkage=0.05


Tree=70
num_leaves=6
num_cat=0
split_feature=0 15 0 3 14
split_gain=0.105341 0.099123 0.093538 0.0406081 0.0627152
threshold=0.0046648860000000009 372.08839226053482 0.32079416900000007 0.92529858850000013 0.0098511074846314734
decision_type=2 2 2 2 2
left_child=-1 2 3 4 -2
right_child=1 -3 -4 -5 -6
leaf_value=0.00033731302993803458 4.7207636660102863e-05 -0.00035656792416890234 0.00024552157176306345 0.00010869001024299145 -0.00028840802816781859
leaf_weight=2022 2380 2200 3065 2083 3353
leaf_count=2022 2380 2200 3065 2083 3353
internal_value=1.44637e-06 -5.04703e-05 1.14187e-05 -8.03834e-05 -0.00014908
internal_weight=15103 13081 10881 7816 5733
internal_count=15103 13081 10881 7816 5733
is_linear=0
shrinkage=0.05


Tree=71
num_leaves=6
num_cat=0
split_feature=15 14 1 1 14
split_gain=0.121014 0.186275 0.0400319 0.0440819 0.0406379
threshold=419.61379436769442 0.040665281546811406 41.500000000000007 56.500000000000007 0.0061485369884320016
decision_type=2 2 2 2 2
left_child=1 2 -1 -4 -5
right_child=-2 -3 3 4 -6
leaf_value=0.00018605959977009093 -0.00034540577049766504 0.00048995165138321502 -0.00019837596296449689 -0.00013162698100699087 0.00014893964649841275
leaf_weight=2012 2025 2196 3515 2239 3047
leaf_count=2012 2025 2196 3515 2239 3047
internal_value=1.41449e-05 7.0113e-05 -1.51515e-05 -6.11505e-05 3.00996e-05
internal_weight=15034 13009 10813 8801 5286
internal_count=15034 13009 10813 8801 5286
is_linear=0
shrinkage=0.05


Tree=72
num_leaves=6
num_cat=0
split_feature=14 1 1 14 15
split_gain=0.098559 0.0817359 0.0481528 0.055386 0.0915529
threshold=0.046476333403236529 41.500000000000007 70.500000000000014 0.0098979294367737818 182.16842377241576
decision_type=2 2 2 2 2
left_child=1 -1 3 -3 -5
right_child=-2 2 -4 4 -6
leaf_value=0.00027756360111139778 -0.00035277878047478131 4.5197279427698158e-05 0.00017386692481596161 -0.00040418824509481487 4.3157478269567119e-05
leaf_weight=2474 2067 3890 2086 2640 2018
leaf_count=2474 2067 3890 2086 2640 2018
internal_value=-3.18921e-05 1.87085e-05 -4.15141e-05 -9.40744e-05 -0.000210383
internal_weight=15175 13108 10634 8548 4658
internal_count=15175 13108 10634 8548 4658
is_linear=0
shrinkage=0.05


Tree=73
num_leaves=6
num_cat=0
split_feature=14 0 4 1 0
split_gain=0.0675062 0.0272988 0.0370703 0.0660222 0.0524441
threshold=0.040665281546811406 0.0050607560000000005 5351.5000000000009 61.500000000000007 0.12531049800000002
decision_type=2 2 8 2 2
left_child=1 -1 -3 4 -4
right_child=-2 2 3 -5 -6
leaf_value=0.0001526173262559624 0.00026810019458353289 -0.00018006733946279762 -2.326916063309557e-05 -0.00019051612808423728 0.00031665417446702425
leaf_weight=2033 2526 3515 2501 2453 2077
leaf_count=2033 2526 3515 2501 2453 2077
internal_value=3.2222e-05 -1.51449e-05 -4.74851e-05 1.87965e-05 0.000130951
internal_weight=15105 12579 10546 7031 4578
internal_count=15105 12579 10546 7031 4578
is_linear=0
shrinkage=0.05


Tree=74
num_leaves=6
num_cat=0
split_feature=4 3 14 14 0
split_gain=0.0778803 0.0960358 0.0805778 0.114554 0.0233015
threshold=9001.0000000000018 0.16093294550000001 0.012070312758673211 0.039578543350886307 0.033590811500000005
decision_type=10 2 2 2 2
left_child=1 -1 4 -4 -3
right_child=-2 2 3 -5 -6
leaf_value=-0.00020622894571057043 -0.0002479536021664766 8.1094770067956755e-05 0.00044048838070500198 -3.1239824272880538e-05 -0.00015283526856300943
leaf_weight=2834 2669 2098 3247 2132 2161
leaf_count=2834 2669 2098 3247 2132 2161
internal_value=-2.82139e-06 4.96367e-05 0.000124873 0.000253516 -3.76004e-05
internal_weight=15141 12472 9638 5379 4259
internal_count=15141 12472 9638 5379 4259
is_linear=0
shrinkage=0.05


Tree=75
num_leaves=6
num_cat=0
split_feature=4 15 4 14 14
split_gain=0.103318 0.0977953 0.131358 0.246305 0.130951
threshold=2998.5000000000005 125.07580271446575 8998.5000000000018 0.014751980416822496 0.011885556907931303
decision_type=8 2 8 2 2
left_child=-1 4 3 -3 -2
right_child=1 2 -4 -5 -6
leaf_value=-0.00033230880621910245 0.00012368079391363558 -3.9142681250123993e-05 -5.6624259068507002e-05 0.00073300264273824822 -0.00038227018353710553
leaf_weight=2078 2626 2037 3741 2095 2493
leaf_count=2078 2626 2037 3741 2095 2493
internal_value=-4.95527e-06 4.74032e-05 0.000158018 0.000352349 -0.000122722
internal_weight=15070 12992 7873 4132 5119
internal_count=15070 12992 7873 4132 5119
is_linear=0
shrinkage=0.05


Tree=76
num_leaves=6
num_cat=0
split_feature=4 4 4 15 5
split_gain=0.0620446 0.0594974 0.0441337 0.114297 0.0227904
threshold=2902.5000000000005 4997.5000000000009 11133.500000000002 123.79344595002867 7.5000000000000009
decision_type=8 8 8 2 2
left_child=-1 -2 3 -3 -4
right_child=1 2 4 -5 -6
leaf_value=-0.00026846667882595018 0.00023798548198836081 -0.00041469370419949694 -2.3718868668274484e-05 5.1581441342291251e-05 0.00019619724004595542
leaf_weight=2025 2701 2077 2329 3579 2384
leaf_count=2025 2701 2077 2329 3579 2384
internal_value=-1.09349e-05 2.89658e-05 -2.54813e-05 -0.000119644 8.75224e-05
internal_weight=15095 13070 10369 5656 4713
internal_count=15095 13070 10369 5656 4713
is_linear=0
shrinkage=0.05


Tree=77
num_leaves=6
num_cat=0
split_feature=4 14 3 14 4
split_gain=0.060276 0.0964999 0.0438779 0.0802522 0.0370287
threshold=2869.5000000000005 0.041158150674328181 0.76068888800000012 0.022207051797759766 7602.0000000000009
decision_type=8 2 2 2 10
left_child=-1 2 3 4 -2
right_child=1 -3 -4 -5 -6
leaf_value=-0.00023736198371273671 -7.3974898378233222e-05 0.00037549714942717791 0.00016392139511328915 -0.00033231591620234307 0.00017671967253422637
leaf_weight=2015 3557 2006 2944 2045 2514
leaf_count=2015 3557 2006 2944 2045 2514
internal_value=1.7181e-05 5.64358e-05 -1.43372e-06 -6.14147e-05 2.98377e-05
internal_weight=15081 13066 11060 8116 6071
internal_count=15081 13066 11060 8116 6071
is_linear=0
shrinkage=0.05


Tree=78
num_leaves=6
num_cat=0
split_feature=4 14 14 5 14
split_gain=0.101 0.265568 0.172126 0.0321738 0.0319438
threshold=6455.0000000000009 0.015529734670191059 0.025280486192390764 8.5000000000000018 0.0091480837449767032
decision_type=10 2 2 2 2
left_child=2 -2 3 4 -1
right_child=1 -3 -4 -5 -6
leaf_value=2.4579656946949019e-06 0.00013369630350610698 -0.00060486840034536552 0.00040790000008616506 0.00011749421456913824 -0.00026260282674558748
leaf_weight=2606 2942 2076 3166 2247 2016
leaf_count=2606 2942 2076 3166 2247 2016
internal_value=1.12965e-05 -0.000171856 0.000102882 -3.77045e-05 -0.000113155
internal_weight=15053 5018 10035 6869 4622
internal_count=15053 5018 10035 6869 4622
is_linear=0
shrinkage=0.05


Tree=79
num_leaves=6
num_cat=0
split_feature=14 15 15 4 14
split_gain=0.115805 0.078967 0.0358888 0.0445729 0.10713
threshold=0.046476333403236529 303.30327684885759 202.05606833267842 3499.5000000000005 0.013226920192239202
decision_type=2 2 2 10 2
left_child=1 2 3 -1 -5
right_child=-2 -3 -4 4 -6
leaf_value=0.00014743235270176481 -0.00037175481027467095 0.00025550786183296397 -0.00022378077804625129 0.00012690159961106001 -0.00036195890820057584
leaf_weight=3438 2062 3022 2031 2511 2024
leaf_count=3438 2062 3022 2031 2511 2024
internal_value=-2.35946e-05 3.15188e-05 -3.61437e-05 1.1654e-05 -9.128e-05
internal_weight=15088 13026 10004 7973 4535
internal_count=15088 13026 10004 7973 4535
is_linear=0
shrinkage=0.05


Tree=80
num_leaves=5
num_cat=0
split_feature=15 15 14 15
split_gain=0.0549417 0.0465367 0.115245 0.0898789
threshold=291.15260470977756 126.9753359530703 0.01443215099251546 64.765678509447739
decision_type=2 2 2 2
left_child=1 3 -3 -1
right_child=-2 2 -4 -5
leaf_value=0.00013392894484789495 -0.0001671226013814316 -6.2014937900406908e-05 0.00042058327749994325 -0.00024317114976321114
leaf_weight=3540 3700 2576 2380 2854
leaf_count=3540 3700 2576 2380 2854
internal_value=1.98146e-07 5.47432e-05 0.000169741 -3.43919e-05
internal_weight=15050 11350 4956 6394
internal_count=15050 11350 4956 6394
is_linear=0
shrinkage=0.05


Tree=81
num_leaves=6
num_cat=0
split_feature=0 5 0 1 9
split_gain=0.077225 0.0715085 0.057252 0.0350297 0.0369802
threshold=0.41612688700000006 11.500000000000002 0.15811364600000002 62.500000000000007 1.0000000180025095e-35
decision_type=2 2 2 2 8
left_child=1 2 3 4 -1
right_child=-2 -3 -4 -5 -6
leaf_value=4.248061834460671e-06 -0.00024607586760257968 0.00026320733014642826 -0.00024972245787689039 -0.00010036737507898534 0.0002887180361743789
leaf_weight=2623 2773 2897 2118 2624 2024
leaf_count=2623 2773 2897 2118 2624 2024
internal_value=-7.74453e-06 4.60478e-05 -2.09573e-05 4.56806e-05 0.000128149
internal_weight=15059 12286 9389 7271 4647
internal_count=15059 12286 9389 7271 4647
is_linear=0
shrinkage=0.05


Tree=82
num_leaves=6
num_cat=0
split_feature=14 3 1 4 7
split_gain=0.0773263 0.0599754 0.0975788 0.053651 0.0531798
threshold=0.046476333403236529 0.10935375300000001 46.500000000000007 5300.5000000000009 1.5000000000000002
decision_type=2 2 2 8 2
left_child=1 -1 -3 -4 -5
right_child=-2 2 3 4 -6
leaf_value=-0.00017660298779594827 -0.00028462894368162063 0.00033254908836893079 0.00021603276009404555 4.0476662250526177e-05 -0.00028007050261939841
leaf_weight=2471 2053 3109 2078 3376 2098
leaf_count=2471 2053 3109 2078 3376 2098
internal_value=7.33835e-07 4.53462e-05 9.67895e-05 -2.67827e-07 -8.23783e-05
internal_weight=15185 13132 10661 7552 5474
internal_count=15185 13132 10661 7552 5474
is_linear=0
shrinkage=0.05


Tree=83
num_leaves=6
num_cat=0
split_feature=15 14 14 15 14
split_gain=0.0532961 0.102769 0.0331262 0.0267602 0.0244889
threshold=372.08839226053482 0.028598038407648563 0.0098511074846314734 114.35530939345411 0.0063331729998396665
decision_type=2 2 2 2 2
left_child=1 2 4 -4 -1
right_child=-2 -3 3 -5 -6
leaf_value=-6.4397265373184812e-05 -0.00021686941396215054 0.00026972141753155621 -1.7925767853986136e-05 -0.00026219239738730575 0.00016417544651649443
leaf_weight=2542 2519 3406 2096 2411 2174
leaf_count=2542 2519 3406 2096 2411 2174
internal_value=-6.87362e-06 3.50125e-05 -5.16642e-05 -0.000148595 4.09711e-05
internal_weight=15148 12629 9223 4507 4716
internal_count=15148 12629 9223 4507 4716
is_linear=0
shrinkage=0.05


Tree=84
num_leaves=7
num_cat=0
split_feature=5 1 14 15 3 3
split_gain=0.0726266 0.13399 0.0824303 0.0602194 0.0500991 0.0197827
threshold=5.5000000000000009 55.500000000000007 0.03753454587747914 303.30327684885759 0.53519797450000006 0.26325381350000004
decision_type=2 2 2 2 2 2
left_child=1 -1 3 4 5 -2
right_child=2 -3 -4 -5 -6 -7
leaf_value=0.00045993823162197373 -4.7316080158677045e-05 -9.2119103914610576e-05 -0.00031139608256090687 0.00026883577830159151 -0.00023889459876608686 0.00016815522004751064
leaf_weight=2379 2189 2043 2167 2067 2141 2075
leaf_count=2379 2189 2043 2167 2067 2141 2075
internal_value=3.45764e-05 0.000204883 -3.621e-05 3.41782e-05 -4.15498e-05 5.75392e-05
internal_weight=15061 4422 10639 8472 6405 4264
internal_count=15061 4422 10639 8472 6405 4264
is_linear=0
shrinkage=0.05


Tree=85
num_leaves=6
num_cat=0
split_feature=4 4 14 14 5
split_gain=0.109077 0.132121 0.35815 0.144337 0.0654728
threshold=2869.5000000000005 6455.0000000000009 0.027063978065641408 0.015529734670191059 8.5000000000000018
decision_type=8 10 2 2 2
left_child=-1 2 4 -3 -2
right_child=1 3 -4 -5 -6
leaf_value=-0.00034460335697681716 -0.00014853250082206822 7.5268269323866877e-05 0.00072217195195553325 -0.00046891444081008051 0.00020175146457000325
leaf_weight=2007 3837 2942 2191 2080 2045
leaf_count=2007 3837 2942 2191 2080 2045
internal_value=-1.36276e-06 5.12439e-05 0.000176507 -0.00015012 -2.6749e-05
internal_weight=15102 13095 8073 5022 5882
internal_count=15102 13095 8073 5022 5882
is_linear=0
shrinkage=0.05


Tree=86
num_leaves=6
num_cat=0
split_feature=4 4 3 0 9
split_gain=0.0810677 0.157394 0.141173 0.0667209 0.0316326
threshold=2869.5000000000005 6833.5000000000009 0.32861532700000001 0.18144118850000002 1.0000000180025095e-35
decision_type=8 8 2 2 8
left_child=-1 2 -2 4 -3
right_child=1 3 -4 -5 -6
leaf_value=-0.00025781293464798277 6.5029358930883513e-05 -5.9553788636683136e-05 0.00058651624427355845 -0.00026955527449915338 0.00019235682734179783
leaf_weight=2035 2980 3102 2299 2579 2083
leaf_count=2035 2980 3102 2299 2579 2083
internal_value=3.5701e-05 8.14957e-05 0.000292136 -6.17259e-05 4.16477e-05
internal_weight=15078 13043 5279 7764 5185
internal_count=15078 13043 5279 7764 5185
is_linear=0
shrinkage=0.05


Tree=87
num_leaves=5
num_cat=0
split_feature=1 5 1 1
split_gain=0.0475857 0.0774985 0.0666365 0.0757539
threshold=69.500000000000014 5.5000000000000009 44.500000000000007 54.500000000000007
decision_type=2 2 2 2
left_child=1 -1 -3 -4
right_child=-2 2 3 -5
leaf_value=0.00017610700158619119 0.00022155966394015746 -0.00031329685982713458 0.0001862554604215506 -0.00015776112938894048
leaf_weight=3532 2358 2609 2739 3849
leaf_count=3532 2358 2609 2739 3849
internal_value=1.52441e-05 -2.29751e-05 -9.94303e-05 -1.47342e-05
internal_weight=15087 12729 9197 6588
internal_count=15087 12729 9197 6588
is_linear=0
shrinkage=0.05


Tree=88
num_leaves=6
num_cat=0
split_feature=14 15 4 4 15
split_gain=0.110819 0.0567062 0.0561957 0.10508 0.0230791
threshold=0.046476333403236529 303.30327684885759 7000.5000000000009 3443.0000000000005 108.52738125662394
decision_type=2 2 10 10 2
left_child=1 2 3 4 -1
right_child=-2 -3 -4 -5 -6
leaf_value=0.00014536016031123207 -0.00039355153763124412 0.00018772001401867234 0.00013663752659105142 -0.00034954483941089585 -8.9000114962834467e-05
leaf_weight=2197 2074 3073 2714 3121 2013
leaf_count=2197 2074 3073 2714 3121 2013
internal_value=-5.3927e-05 -2.31175e-07 -5.77298e-05 -0.000129686 3.33014e-05
internal_weight=15192 13118 10045 7331 4210
internal_count=15192 13118 10045 7331 4210
is_linear=0
shrinkage=0.05


Tree=89
num_leaves=5
num_cat=0
split_feature=4 4 7 4
split_gain=0.0708337 0.062439 0.0535576 0.100028
threshold=2998.5000000000005 3499.5000000000005 1.5000000000000002 5401.5000000000009
decision_type=8 10 2 10
left_child=-1 -2 3 -3
right_child=1 2 -4 -5
leaf_value=-0.0002805960166609255 0.00020172228174245488 -0.00021906635189901472 -0.00020463651677150269 0.00020455986459273607
leaf_weight=2090 3858 2197 3161 3810
leaf_count=2090 3858 2197 3161 3810
internal_value=-1.03845e-05 3.29704e-05 -3.80423e-05 4.96228e-05
internal_weight=15116 13026 9168 6007
internal_count=15116 13026 9168 6007
is_linear=0
shrinkage=0.05


Tree=90
num_leaves=6
num_cat=0
split_feature=9 14 4 14 4
split_gain=0.0465196 0.105486 0.0859505 0.0344088 0.0246614
threshold=1.0000000180025095e-35 0.018368184544794424 5757.0000000000009 0.01443215099251546 3000.5000000000005
decision_type=8 2 8 2 10
left_child=1 4 -2 -4 -1
right_child=2 -3 3 -5 -6
leaf_value=-0.00017708264105333618 -0.00037625965888089054 0.0002930790612203295 0.00016439485912051016 -0.00012571081261941749 3.2487924712636117e-05
leaf_weight=2554 2023 3317 2085 2005 3117
leaf_count=2554 2023 3317 2085 2005 3117
internal_value=-3.26608e-06 6.91076e-05 -0.000109678 2.21792e-05 -6.18946e-05
internal_weight=15101 8988 6113 4090 5671
internal_count=15101 8988 6113 4090 5671
is_linear=0
shrinkage=0.05


Tree=91
num_leaves=7
num_cat=0
split_feature=14 14 5 0 15 3
split_gain=0.129185 0.123991 0.0329927 0.038715 0.0302455 0.0297388
threshold=0.046476333403236529 0.025280486192390764 8.5000000000000018 0.049777059500000005 104.12423601067657 0.27109170750000006
decision_type=2 2 2 2 2 2
left_child=1 2 4 -4 -1 -6
right_child=-2 -3 3 -5 5 -7
leaf_value=7.9487750487878406e-05 -0.00034771821485931953 0.00039186895032697192 -3.9965836901604239e-05 0.00026699165529417006 -1.2617941743968545e-05 -0.00028313946738472154
leaf_weight=2248 2034 2570 2043 2066 2014 2050
leaf_count=2248 2034 2570 2043 2066 2014 2050
internal_value=2.28046e-05 8.08173e-05 4.10657e-06 0.000114372 -6.76743e-05 -0.000149077
internal_weight=15025 12991 10421 4109 6312 4064
internal_count=15025 12991 10421 4109 6312 4064
is_linear=0
shrinkage=0.05


Tree=92
num_leaves=6
num_cat=0
split_feature=14 14 4 4 0
split_gain=0.113615 0.0553008 0.0509701 0.0280197 0.00435768
threshold=0.046476333403236529 0.025280486192390764 7602.0000000000009 3563.0000000000005 0.028607231000000004
decision_type=2 2 10 10 2
left_child=1 2 3 4 -1
right_child=-2 -3 -4 -5 -6
leaf_value=6.1194250216946525e-05 -0.00035839347907438241 0.00024989989489961642 0.00017461649607999617 -0.0001861766718421368 -3.888579053049176e-05
leaf_weight=2001 2061 2551 2757 3295 2383
leaf_count=2001 2061 2551 2757 3295 2383
internal_value=-1.3517e-05 4.12139e-05 -9.79778e-06 -7.60082e-05 6.79399e-06
internal_weight=15048 12987 10436 7679 4384
internal_count=15048 12987 10436 7679 4384
is_linear=0
shrinkage=0.05


Tree=93
num_leaves=5
num_cat=0
split_feature=4 14 14 1
split_gain=0.0416842 0.163964 0.10258 0.0301121
threshold=6455.0000000000009 0.025810182647400624 0.016841079476872311 56.500000000000007
decision_type=10 2 2 2
left_child=1 3 -2 -1
right_child=2 -3 -4 -5
leaf_value=-0.00021059885866414417 5.3259564929776854e-05 0.00034126615263922679 -0.00040611415251764728 5.1042556978139607e-07
leaf_weight=3059 3006 3166 2040 3772
leaf_count=3059 3006 3166 2040 3772
internal_value=-1.53043e-05 4.38284e-05 -0.000132456 -9.40267e-05
internal_weight=15043 9997 5046 6831
internal_count=15043 9997 5046 6831
is_linear=0
shrinkage=0.05


Tree=94
num_leaves=6
num_cat=0
split_feature=4 4 14 5 5
split_gain=0.0566143 0.0669079 0.0927258 0.0921259 0.04209
threshold=2665.0000000000005 6455.0000000000009 0.015529734670191059 7.5000000000000009 5.5000000000000009
decision_type=10 10 2 2 2
left_child=4 3 -3 -2 -1
right_child=1 2 -4 -5 -6
leaf_value=3.1209811007275522e-05 -1.8217494664463784e-05 0.00011895245540561458 -0.00031194273815070999 0.00041103799991292189 -0.00026106142690310926
leaf_weight=2136 2483 3025 2126 2517 2910
leaf_count=2136 2483 3025 2126 2517 2910
internal_value=-4.62925e-07 6.75785e-05 -5.88932e-05 0.00019787 -0.000137341
internal_weight=15197 10151 5151 5000 5046
internal_count=15197 10151 5151 5000 5046
is_linear=0
shrinkage=0.05


Tree=95
num_leaves=6
num_cat=0
split_feature=4 5 5 4 14
split_gain=0.0773626 0.110117 0.118189 0.103395 0.083922
threshold=9001.0000000000018 11.500000000000002 5.5000000000000009 3950.5000000000005 0.010684573751964429
decision_type=10 2 2 10 2
left_child=1 2 4 -4 -1
right_child=-2 -3 3 -5 -6
leaf_value=-4.9788178717695596e-05 -0.00025580959574609635 0.0003411107134706441 -0.00038344595674736254 3.4083062522481352e-05 0.00040304134121542812
leaf_weight=2065 2653 2462 2966 2965 2028
leaf_count=2065 2653 2462 2966 2965 2028
internal_value=-1.06042e-05 4.14965e-05 -3.20919e-05 -0.000174717 0.00017458
internal_weight=15139 12486 10024 5931 4093
internal_count=15139 12486 10024 5931 4093
is_linear=0
shrinkage=0.05


Tree=96
num_leaves=6
num_cat=0
split_feature=15 15 14 15 14
split_gain=0.0915222 0.0983748 0.316242 0.0800936 0.038131
threshold=375.92857016900012 128.8068742851361 0.023692233564441719 47.055384640003872 0.0087396615926057467
decision_type=2 2 2 2 2
left_child=1 3 4 -1 -3
right_child=-2 2 -4 -5 -6
leaf_value=0.00014008195188635044 -0.00025187075675453242 0.00012096541635709492 0.00072922956849852361 -0.00021189801316770881 -0.00018595659351280195
leaf_weight=2933 2468 2037 2062 3600 2011
leaf_count=2933 2468 2037 2062 3600 2011
internal_value=2.66382e-05 8.1005e-05 0.000225224 -5.38761e-05 -3.15099e-05
internal_weight=15111 12643 6110 6533 4048
internal_count=15111 12643 6110 6533 4048
is_linear=0
shrinkage=0.05


Tree=97
num_leaves=6
num_cat=0
split_feature=3 15 15 14 14
split_gain=0.0587877 0.058397 0.042343 0.137892 0.0957196
threshold=0.082359436500000008 372.08839226053482 129.93111859274003 0.021446501348364729 0.014751980416822496
decision_type=2 2 2 2 2
left_child=-1 2 4 -4 -2
right_child=1 -3 3 -5 -6
leaf_value=0.0002112339397134258 9.9865633061680585e-05 -0.00030343509785031049 -0.00013166460306101761 0.00039696565366220199 -0.00031621331241138884
leaf_weight=2263 2702 2142 2984 2103 2830
leaf_count=2263 2702 2142 2984 2103 2830
internal_value=-2.36322e-05 -6.52827e-05 -1.72441e-05 8.68747e-05 -0.000112987
internal_weight=15024 12761 10619 5087 5532
internal_count=15024 12761 10619 5087 5532
is_linear=0
shrinkage=0.05


Tree=98
num_leaves=6
num_cat=0
split_feature=1 1 14 1 14
split_gain=0.0788447 0.0815763 0.0710969 0.0361149 0.0276109
threshold=48.500000000000007 41.500000000000007 0.022835292694238878 58.500000000000007 0.0063331729998396665
decision_type=2 2 2 2 2
left_child=1 -1 3 -2 -5
right_child=2 -3 -4 4 -6
leaf_value=-1.1020135606816493e-05 -0.00018927939974544396 -0.0004024729715764377 0.00028392597612704847 -5.5363522343029675e-05 0.0001874465883231038
leaf_weight=3140 2207 2310 2609 2558 2159
leaf_count=3140 2207 2310 2609 2558 2159
internal_value=-2.5243e-05 -0.000176939 6.14812e-05 -2.23371e-05 5.57722e-05
internal_weight=14983 5450 9533 6924 4717
internal_count=14983 5450 9533 6924 4717
is_linear=0
shrinkage=0.05


Tree=99
num_leaves=6
num_cat=0
split_feature=1 0 5 4 5
split_gain=0.0448446 0.0526219 0.127573 0.0752318 0.0809768
threshold=69.500000000000014 0.12531049800000002 7.5000000000000009 9901.5000000000018 7.5000000000000009
decision_type=2 2 2 8 2
left_child=1 3 -3 4 -1
right_child=-2 2 -4 -5 -6
leaf_value=-5.6406375105920841e-05 0.00018336146928268917 -0.00019727252154960867 0.00026881614560313031 6.04064055928026e-05 -0.00049509547876654179
leaf_weight=2056 2325 2725 3183 2620 2154
leaf_count=2056 2325 2725 3183 2620 2154
internal_value=-1.85722e-05 -5.54301e-05 5.38379e-05 -0.000149948 -0.000280857
internal_weight=15063 12738 5908 6830 4210
internal_count=15063 12738 5908 6830 4210
is_linear=0
shrinkage=0.05


Tree=100
num_leaves=6
num_cat=0
split_feature=5 1 5 0 1
split_gain=0.0663353 0.139526 0.102935 0.152242 0.0315963
threshold=10.500000000000002 55.500000000000007 5.5000000000000009 0.093754162500000016 54.500000000000007
decision_type=2 2 2 2 2
left_child=2 -2 4 -4 -1
right_child=1 -3 3 -5 -6
leaf_value=0.00023108464861457199 0.00044849765563206813 -0.00012320346561236293 2.0596442991111242e-05 -0.00046491831987321118 -3.7645884675626372e-05
leaf_weight=2290 2031 2249 3384 3088 2094
leaf_count=2290 2031 2249 3384 3088 2094
internal_value=-1.8618e-05 0.000148087 -8.43419e-05 -0.000211058 0.000102727
internal_weight=15136 4280 10856 6472 4384
internal_count=15136 4280 10856 6472 4384
is_linear=0
shrinkage=0.05


Tree=101
num_leaves=6
num_cat=0
split_feature=4 15 0 1 15
split_gain=0.0666904 0.107303 0.108725 0.0615216 0.0255519
threshold=9001.0000000000018 123.79344595002867 0.20827371950000004 50.500000000000007 266.04382796807391
decision_type=10 2 2 2 2
left_child=1 3 4 -1 -3
right_child=-2 2 -4 -5 -6
leaf_value=-0.00030948883880663408 -0.00022424234417671619 -6.2812078737168879e-05 0.00046625748432928748 3.0821099267693663e-05 0.00016985744921018384
leaf_weight=2340 2678 2560 2252 3071 2189
leaf_count=2340 2678 2560 2252 3071 2189
internal_value=2.05153e-06 5.08765e-05 0.000180122 -0.000116347 4.44344e-05
internal_weight=15090 12412 7001 5411 4749
internal_count=15090 12412 7001 5411 4749
is_linear=0
shrinkage=0.05


Tree=102
num_leaves=6
num_cat=0
split_feature=4 3 9 4 4
split_gain=0.0908412 0.0877986 0.0522312 0.0464333 0.0334549
threshold=2869.5000000000005 0.64700834600000012 1.0000000180025095e-35 7412.5000000000009 6498.5000000000009
decision_type=8 2 8 10 8
left_child=-1 2 4 -4 -2
right_child=1 -3 3 -5 -6
leaf_value=-0.0003123563872723564 0.00020024444658127603 0.00025280556063432145 -0.00032035880763953617 6.3126276290686923e-06 -5.9810956063485662e-05
leaf_weight=2044 2578 3685 2242 2113 2377
leaf_count=2044 2578 3685 2242 2113 2377
internal_value=-2.50777e-06 4.62287e-05 -3.55367e-05 -0.000161861 7.54913e-05
internal_weight=15039 12995 9310 4355 4955
internal_count=15039 12995 9310 4355 4955
is_linear=0
shrinkage=0.05


Tree=103
num_leaves=6
num_cat=0
split_feature=5 1 4 4 14
split_gain=0.0706707 0.0847484 0.119773 0.156497 0.0810318
threshold=4.5000000000000009 66.500000000000014 2665.0000000000005 5079.0000000000009 0.011631852661456764
decision_type=2 2 10 10 2
left_child=-1 2 -2 -4 -5
right_child=1 -3 3 4 -6
leaf_value=0.0002089176191188755 -0.0004213500977772459 0.00021171620359180249 0.00034879831143621903 5.9736380053389447e-05 -0.00034110599910157997
leaf_weight=3022 2538 2295 2040 2212 2932
leaf_count=3022 2538 2295 2040 2212 2932
internal_value=-7.22031e-06 -6.1574e-05 -0.000126088 -2.17758e-05 -0.000168738
internal_weight=15039 12017 9722 7184 5144
internal_count=15039 12017 9722 7184 5144
is_linear=0
shrinkage=0.05


Tree=104
num_leaves=6
num_cat=0
split_feature=0 15 0 0 4
split_gain=0.108234 0.110182 0.126346 0.0563474 0.0917073
threshold=0.0046648860000000009 372.08839226053482 0.35046535850000005 0.11470883600000002 6201.0000000000009
decision_type=2 2 2 2 8
left_child=-1 2 3 4 -2
right_child=1 -3 -4 -5 -6
leaf_value=0.00036944637320680433 0.00028226907652217974 -0.00034796329358557465 0.00032638385963150766 -0.00023981253343325696 -0.00014189339598275373
leaf_weight=2040 2211 2165 2884 2813 3008
leaf_count=2040 2211 2165 2884 2813 3008
internal_value=3.07063e-05 -2.21207e-05 4.25046e-05 -5.94262e-05 3.78007e-05
internal_weight=15121 13081 10916 8032 5219
internal_count=15121 13081 10916 8032 5219
is_linear=0
shrinkage=0.05


Tree=105
num_leaves=5
num_cat=0
split_feature=3 14 15 14
split_gain=0.0756328 0.0663502 0.0898511 0.0444996
threshold=0.76068888800000012 0.037319737678589364 229.73817259125912 0.010159559682860938
decision_type=2 2 2 2
left_child=1 2 3 -1
right_child=-2 -3 -4 -5
leaf_value=6.7526399287887466e-05 0.00023224626986988466 -0.00026108581401825784 0.0002566704414766292 -0.00021212361464144417
leaf_weight=2750 4001 2290 3120 2947
leaf_count=2750 4001 2290 3120 2947
internal_value=4.58507e-05 -2.12934e-05 4.09869e-05 -7.71337e-05
internal_weight=15108 11107 8817 5697
internal_count=15108 11107 8817 5697
is_linear=0
shrinkage=0.05


Tree=106
num_leaves=7
num_cat=0
split_feature=15 3 15 14 1 15
split_gain=0.0358855 0.133884 0.126011 0.119415 0.0376547 0.0074195
threshold=125.07580271446575 0.56751420000000008 54.126107386806304 0.01443215099251546 57.500000000000007 247.87921996250404
decision_type=2 2 2 2 2 2
left_child=1 2 -1 4 -2 -5
right_child=3 -3 -4 5 -6 -7
leaf_value=6.6070767087203784e-05 -0.0002224202660531787 0.00026647170908253125 -0.00049215590845557431 0.00037894824571851589 6.395047207347174e-05 0.00024449461217090072
leaf_weight=2007 2017 2244 2037 2000 2664 2107
leaf_count=2007 2017 2244 2037 2000 2664 2107
internal_value=4.7946e-05 -4.32498e-05 -0.000215113 0.000113199 -5.94441e-05 0.00030997
internal_weight=15076 6288 4044 8788 4681 4107
internal_count=15076 6288 4044 8788 4681 4107
is_linear=0
shrinkage=0.05


Tree=107
num_leaves=6
num_cat=0
split_feature=4 0 3 15 15
split_gain=0.0584535 0.105371 0.0635543 0.0857505 0.0549111
threshold=9001.0000000000018 0.30595714450000006 0.33148183250000007 183.68319461142127 147.76173228180676
decision_type=10 2 2 2 2
left_child=1 2 4 -4 -1
right_child=-2 -3 3 -5 -6
leaf_value=1.0323649724298766e-05 -0.00020462670614351046 0.00030603129364548424 -8.0072219801921525e-05 0.00033385404120931609 -0.00035246579451002851
leaf_weight=2042 2647 3114 3100 2098 2132
leaf_count=2042 2647 3114 3100 2098 2132
internal_value=8.79933e-06 5.40451e-05 -2.96814e-05 8.69954e-05 -0.000174982
internal_weight=15133 12486 9372 5198 4174
internal_count=15133 12486 9372 5198 4174
is_linear=0
shrinkage=0.05


Tree=108
num_leaves=5
num_cat=0
split_feature=9 5 4 14
split_gain=0.0628527 0.132535 0.0400388 0.0349983
threshold=1.5000000000000002 11.500000000000002 5351.5000000000009 0.0080045998427901843
decision_type=8 2 8 2
left_child=1 2 -1 -4
right_child=-2 -3 3 -5
leaf_value=-0.00018673448120508623 -0.00021109345604051826 0.00034477704754302236 -0.0001236574211958493 0.00013952915500335897
leaf_weight=3740 3563 2581 2192 2981
leaf_count=3740 3563 2581 2192 2981
internal_value=-2.76127e-05 2.92641e-05 -6.21012e-05 2.80068e-05
internal_weight=15057 11494 8913 5173
internal_count=15057 11494 8913 5173
is_linear=0
shrinkage=0.05


Tree=109
num_leaves=5
num_cat=0
split_feature=0 5 0 14
split_gain=0.0946249 0.0592948 0.136361 0.0283683
threshold=0.46659457600000004 10.500000000000002 0.093754162500000016 0.0084869873714340047
decision_type=2 2 2 2
left_child=1 2 3 -1
right_child=-2 -3 -4 -5
leaf_value=1.7199436693405896e-05 -0.00030124771168288297 0.0002071071680446021 -0.0002939823906645911 0.00024195829445434775
leaf_weight=3212 2424 3731 3160 2494
leaf_count=3212 2424 3731 3160 2494
internal_value=-1.51657e-05 3.98842e-05 -3.04868e-05 0.000115438
internal_weight=15021 12597 8866 5706
internal_count=15021 12597 8866 5706
is_linear=0
shrinkage=0.05


Tree=110
num_leaves=5
num_cat=0
split_feature=15 15 14 0
split_gain=0.0454712 0.0801273 0.0823758 0.0778366
threshold=202.05606833267842 129.93111859274003 0.021446501348364729 0.18427206200000004
decision_type=2 2 2 2
left_child=1 2 -1 -2
right_child=3 -3 -4 -5
leaf_value=0.00010454143236462025 8.4269073238579158e-06 0.00028384649123580581 -0.00025782415077663491 -0.00037520584688232857
leaf_weight=3923 3831 2691 2613 2019
leaf_count=3923 3831 2691 2613 2019
internal_value=-1.49237e-05 5.42162e-05 -4.03272e-05 -0.000123976
internal_weight=15077 9227 6536 5850
internal_count=15077 9227 6536 5850
is_linear=0
shrinkage=0.05


Tree=111
num_leaves=5
num_cat=0
split_feature=15 3 14 14
split_gain=0.0445201 0.0977329 0.142754 0.0658416
threshold=126.9753359530703 0.30934101950000004 0.014272216359486589 0.021446501348364729
decision_type=2 2 2 2
left_child=3 -2 -3 -1
right_child=1 2 -4 -5
leaf_value=3.7556613589546418e-05 -0.00010013626246486593 -8.1461833119613375e-05 0.00047376033168438953 -0.00028936044043017926
leaf_weight=3915 3987 2025 2703 2539
leaf_count=3915 3987 2025 2703 2539
internal_value=8.48564e-06 8.21997e-05 0.000235959 -9.10524e-05
internal_weight=15169 8715 4728 6454
internal_count=15169 8715 4728 6454
is_linear=0
shrinkage=0.05


Tree=112
num_leaves=6
num_cat=0
split_feature=4 1 4 3 7
split_gain=0.0866776 0.113204 0.0472949 0.033227 0.0539985
threshold=2902.5000000000005 41.500000000000007 4997.5000000000009 0.76068888800000012 1.5000000000000002
decision_type=8 2 8 2 2
left_child=-1 -2 -3 4 -4
right_child=1 2 3 -5 -6
leaf_value=-0.00028900240743634308 0.00036579952595724535 0.00020847701245984554 -9.3916793946644065e-06 8.2521089945302635e-05 -0.00032488764444837167
leaf_weight=2018 2498 2030 3600 2765 2176
leaf_count=2018 2498 2030 3600 2765 2176
internal_value=1.59855e-05 6.30791e-05 -8.45581e-06 -6.00158e-05 -0.000128249
internal_weight=15087 13069 10571 8541 5776
internal_count=15087 13069 10571 8541 5776
is_linear=0
shrinkage=0.05


Tree=113
num_leaves=7
num_cat=0
split_feature=3 4 3 4 5 4
split_gain=0.0796794 0.0925609 0.044462 0.0421954 0.0463359 0.0282072
threshold=0.43314913800000004 3500.5000000000005 479.50000000000006 5757.0000000000009 8.5000000000000018 3999.5000000000005
decision_type=2 10 2 10 2 8
left_child=3 2 -2 5 -5 -1
right_child=1 -3 -4 4 -6 -7
leaf_value=9.5089810736522157e-05 0.0001519083534981156 -0.00043091291443591922 -0.00017134856316494717 0.00033842966892270456 2.7081720765075849e-05 -0.00016862538797985369
leaf_weight=2037 2012 2004 2257 2395 2385 2019
leaf_count=2037 2012 2004 2257 2395 2385 2019
internal_value=-1.43141e-05 -0.000150589 -1.8996e-05 8.24324e-05 0.000183081 -3.61826e-05
internal_weight=15109 6273 4269 8836 4780 4056
internal_count=15109 6273 4269 8836 4780 4056
is_linear=0
shrinkage=0.05


Tree=114
num_leaves=5
num_cat=0
split_feature=3 14 14 5
split_gain=0.0505921 0.0987489 0.0729885 0.0663938
threshold=0.49425377900000006 0.030828982106189499 0.01729465325404151 7.5000000000000009
decision_type=2 2 2 2
left_child=1 3 -2 -1
right_child=2 -3 -4 -5
leaf_value=-0.00013798304324504884 -6.0560665901531496e-05 -0.00037808834322013938 0.00030540160281884986 0.00016129521359388151
leaf_weight=3630 2741 2039 2709 3786
leaf_count=3630 2741 2039 2709 3786
internal_value=1.33684e-08 -6.99246e-05 0.000121346 1.48038e-05
internal_weight=14905 9455 5450 7416
internal_count=14905 9455 5450 7416
is_linear=0
shrinkage=0.05


Tree=115
num_leaves=6
num_cat=0
split_feature=15 0 14 14 15
split_gain=0.0424807 0.183451 0.0836278 0.0407243 0.0265229
threshold=372.08839226053482 0.35046535850000005 0.021036385489510496 0.0068735729270814738 105.22205902502878
decision_type=2 2 2 2 2
left_child=1 2 3 -1 -5
right_child=-2 -3 -4 4 -6
leaf_value=-0.00015228289627635232 -0.00020005942455707796 0.00037741682727945723 -0.00034045825351729019 0.00022845575642865248 -1.0340245366589081e-05
leaf_weight=2673 2502 2862 2313 2030 2722
leaf_count=2673 2502 2862 2313 2030 2722
internal_value=-1.18723e-05 2.54963e-05 -7.79332e-05 3.84739e-06 9.16707e-05
internal_weight=15102 12600 9738 7425 4752
internal_count=15102 12600 9738 7425 4752
is_linear=0
shrinkage=0.05


Tree=116
num_leaves=6
num_cat=0
split_feature=14 0 0 4 4
split_gain=0.0666921 0.04142 0.0533066 0.0483783 0.0359716
threshold=0.046476333403236529 0.30595714450000006 0.11470883600000002 5190.5000000000009 9901.5000000000018
decision_type=2 2 2 8 8
left_child=1 2 3 -1 -5
right_child=-2 -3 -4 4 -6
leaf_value=0.00021827717053890208 -0.0002857296326481443 0.00022211902421480196 -0.00020876427930975117 -0.00019105458340418625 6.8370912731069284e-05
leaf_weight=2730 2031 2163 2730 2282 3224
leaf_count=2730 2031 2163 2730 2282 3224
internal_value=-1.90938e-05 2.21536e-05 -1.72888e-05 4.61799e-05 -3.91498e-05
internal_weight=15160 13129 10966 8236 5506
internal_count=15160 13129 10966 8236 5506
is_linear=0
shrinkage=0.05


Tree=117
num_leaves=6
num_cat=0
split_feature=4 14 4 1 3
split_gain=0.063682 0.0556483 0.0367729 0.0351572 0.0195065
threshold=3499.5000000000005 0.022207051797759766 7502.0000000000009 48.500000000000007 0.32615089550000004
decision_type=8 2 10 2 2
left_child=-1 2 4 -3 -2
right_child=1 3 -4 -5 -6
leaf_value=0.00019317617302262664 -0.00017848430724396686 -0.00036652537017449152 0.00016416187168783009 -8.0488697530835208e-05 1.2361795298516227e-05
leaf_weight=2783 2275 2050 2524 2257 3254
leaf_count=2783 2275 2050 2524 2257 3254
internal_value=-2.29091e-05 -7.15633e-05 6.02484e-06 -0.000216633 -6.6165e-05
internal_weight=15143 12360 8053 4307 5529
internal_count=15143 12360 8053 4307 5529
is_linear=0
shrinkage=0.05


Tree=118
num_leaves=6
num_cat=0
split_feature=0 15 15 0 5
split_gain=0.0466892 0.0616422 0.0693069 0.0472273 0.0207363
threshold=0.50621336750000012 39.49006424203268 303.30327684885759 0.10272698500000001 7.5000000000000009
decision_type=2 2 2 2 2
left_child=1 -1 3 4 -3
right_child=-2 2 -4 -5 -6
leaf_value=0.00026642004665738283 -0.0002204472324301765 9.9049205279460781e-05 0.00018273665494132835 -0.00025866420587509651 -0.00011112880014295997
leaf_weight=2284 2159 2433 3021 2909 2267
leaf_count=2284 2159 2433 3021 2909 2267
internal_value=-5.22731e-06 3.07538e-05 -1.98823e-05 -0.000100328 -2.32814e-06
internal_weight=15073 12914 10630 7609 4700
internal_count=15073 12914 10630 7609 4700
is_linear=0
shrinkage=0.05


Tree=119
num_leaves=5
num_cat=0
split_feature=14 14 4 4
split_gain=0.110809 0.0456469 0.0233429 0.026303
threshold=0.041158150674328181 0.02112089312688822 9901.5000000000018 6000.5000000000009
decision_type=2 2 8 10
left_child=1 2 3 -1
right_child=-2 -3 -4 -5
leaf_value=5.9631525200331723e-05 0.00035283867190062505 -0.00017164670340110742 0.00013716684648466883 -0.00016815031813892354
leaf_weight=3445 2435 3416 3809 2005
leaf_count=3445 2435 3416 3809 2005
internal_value=4.39163e-05 -1.5431e-05 4.2203e-05 -2.41671e-05
internal_weight=15110 12675 9259 5450
internal_count=15110 12675 9259 5450
is_linear=0
shrinkage=0.05


Tree=120
num_leaves=6
num_cat=0
split_feature=1 14 1 5 14
split_gain=0.0466719 0.203884 0.138253 0.0560576 0.034579
threshold=55.500000000000007 0.014751980416822496 48.500000000000007 6.5000000000000009 0.0063331729998396665
decision_type=2 2 2 2 2
left_child=2 4 3 -1 -2
right_child=1 -3 -4 -5 -6
leaf_value=0.00014159968994314316 -1.8534069159093243e-05 -0.00049240766225095215 0.00040700352325874701 -0.00017899479995007867 0.00024753127717948406
leaf_weight=2422 2770 2067 2533 3120 2184
leaf_count=2422 2770 2067 2533 3120 2184
internal_value=1.90046e-05 -7.52795e-05 0.000100982 -3.88866e-05 9.87624e-05
internal_weight=15096 7021 8075 5542 4954
internal_count=15096 7021 8075 5542 4954
is_linear=0
shrinkage=0.05


Tree=121
num_leaves=5
num_cat=0
split_feature=0 3 5 0
split_gain=0.0463107 0.109165 0.132484 0.110236
threshold=0.0046648860000000009 0.21985915700000003 7.5000000000000009 0.11708972900000002
decision_type=2 2 2 2
left_child=-1 -2 -3 -4
right_child=1 2 3 -5
leaf_value=0.00025037960944462233 0.00021717348089382062 -0.0003328455272965156 -0.0001999483787363087 0.00024785404265341074
leaf_weight=2033 3864 3666 2425 3172
leaf_count=2033 3864 3666 2425 3172
internal_value=2.83171e-05 -6.07413e-06 -9.92004e-05 5.38357e-05
internal_weight=15160 13127 9263 5597
internal_count=15160 13127 9263 5597
is_linear=0
shrinkage=0.05


Tree=122
num_leaves=6
num_cat=0
split_feature=0 14 0 4 0
split_gain=0.0583281 0.062921 0.0439009 0.0345095 0.024366
threshold=0.40980152950000004 0.017449857899318025 0.035167927500000008 7602.0000000000009 0.0066562860000000008
decision_type=2 2 2 8 2
left_child=1 2 4 -4 -1
right_child=-2 -3 3 -5 -6
leaf_value=-5.3175297852735843e-06 -0.00019833462887144826 0.00023407687694893404 -6.0828217699463492e-05 0.00021957483168869615 -0.00024280902572835895
leaf_weight=2044 2828 3463 2000 2431 2290
leaf_count=2044 2828 3463 2000 2431 2290
internal_value=6.3062e-06 5.3634e-05 -1.76579e-05 9.30106e-05 -0.000130803
internal_weight=15056 12228 8765 4431 4334
internal_count=15056 12228 8765 4431 4334
is_linear=0
shrinkage=0.05


Tree=123
num_leaves=5
num_cat=0
split_feature=1 1 1 1
split_gain=0.050046 0.126532 0.103228 0.0311606
threshold=54.500000000000007 65.500000000000014 48.500000000000007 41.500000000000007
decision_type=2 2 2 2
left_child=2 -2 3 -1
right_child=1 -3 -4 -5
leaf_value=0.00010706042280648181 -0.00025031874858824849 0.00016531866968528687 0.00041364694001470392 -0.00013454963812990192
leaf_weight=3220 4000 3377 2178 2279
leaf_count=3220 4000 3377 2178 2279
internal_value=3.29497e-05 -6.00507e-05 0.000122316 6.92779e-06
internal_weight=15054 7377 7677 5499
internal_count=15054 7377 7677 5499
is_linear=0
shrinkage=0.05


Tree=124
num_leaves=6
num_cat=0
split_feature=3 0 5 0 0
split_gain=0.0587884 0.0668284 0.0608245 0.0538664 0.0504287
threshold=0.53519797450000006 0.060249866000000006 9.5000000000000018 0.11470883600000002 0.016003071500000004
decision_type=2 2 2 2 2
left_child=1 4 -3 -2 -1
right_child=3 2 -4 -5 -6
leaf_value=4.9810414355827006e-05 -2.9198308224230993e-05 2.3477333101414648e-05 0.00036584896827669992 -0.00035494547286058365 -0.00029251601792020231
leaf_weight=2217 2812 3655 2011 2313 2090
leaf_count=2217 2812 3655 2011 2313 2090
internal_value=-3.85807e-05 3.21471e-05 0.000144993 -0.000176214 -0.000116306
internal_weight=15098 9973 5666 5125 4307
internal_count=15098 9973 5666 5125 4307
is_linear=0
shrinkage=0.05


Tree=125
num_leaves=6
num_cat=0
split_feature=0 0 0 5 4
split_gain=0.0475371 0.0431019 0.0593147 0.0723026 0.171306
threshold=0.0046648860000000009 0.050558258500000001 0.10272698500000001 10.500000000000002 5703.0000000000009
decision_type=2 2 2 2 8
left_child=-1 -2 -3 4 -4
right_child=1 2 3 -5 -6
leaf_value=0.00020495622851670489 -0.0001928140690488024 0.00024261929595612857 -0.00049317849378246017 0.00018087534031549239 0.00010087791582925876
leaf_weight=2046 3922 2044 2224 2114 2671
leaf_count=2046 3922 2044 2224 2114 2671
internal_value=-1.90384e-05 -5.43597e-05 5.62247e-06 -6.34917e-05 -0.000169026
internal_weight=15021 12975 9053 7009 4895
internal_count=15021 12975 9053 7009 4895
is_linear=0
shrinkage=0.05


Tree=126
num_leaves=5
num_cat=0
split_feature=15 0 1 1
split_gain=0.0366284 0.111189 0.0508401 0.0150112
threshold=372.08839226053482 0.24856369500000003 53.500000000000007 65.500000000000014
decision_type=2 2 2 2
left_child=1 2 -1 -4
right_child=-2 -3 3 -5
leaf_value=-0.00021643899650815158 -0.00019749173098061897 0.00024365235150010541 -5.9250328314867104e-05 0.00011521897149351349
leaf_weight=3952 2473 3692 2579 2362
leaf_count=3952 2473 3692 2579 2362
internal_value=-2.15738e-05 1.29947e-05 -8.27647e-05 2.41531e-05
internal_weight=15058 12585 8893 4941
internal_count=15058 12585 8893 4941
is_linear=0
shrinkage=0.05


Tree=127
num_leaves=6
num_cat=0
split_feature=5 14 15 3 4
split_gain=0.0956594 0.116181 0.0679561 0.124531 0.108431
threshold=5.5000000000000009 0.011232086651081066 126.9753359530703 0.41067191100000006 8998.5000000000018
decision_type=2 2 2 2 8
left_child=1 -1 3 -2 -4
right_child=2 -3 4 -5 -6
leaf_value=2.8311446941144461e-05 0.00011098925516673712 0.00054335457129491612 0.00028193821469957899 -0.00041826980605565135 -0.00014059821275765345
leaf_weight=2327 2205 2068 3534 2241 2662
leaf_count=2327 2205 2068 3534 2241 2662
internal_value=7.4418e-05 0.000270657 -6.62602e-06 -0.000155783 0.000100403
internal_weight=15037 4395 10642 4446 6196
internal_count=15037 4395 10642 4446 6196
is_linear=0
shrinkage=0.05


Tree=128
num_leaves=6
num_cat=0
split_feature=5 4 5 3 14
split_gain=0.054977 0.0784457 0.0754164 0.0303015 0.0278814
threshold=11.500000000000002 5401.5000000000009 5.5000000000000009 0.25280388900000006 0.012176588331232857
decision_type=2 10 2 2 2
left_child=1 2 -1 -3 -4
right_child=-2 3 4 -5 -6
leaf_value=3.3072140807769888e-05 0.00018127713795911167 0.00024451538994311702 -0.00016043960599502327 -1.9362673342675544e-05 -0.00042445357855430644
leaf_weight=3205 3444 2322 2000 2047 2000
leaf_count=3205 3444 2322 2000 2047 2000
internal_value=5.90343e-06 -4.62814e-05 -0.000147646 0.000120881 -0.000292447
internal_weight=15018 11574 7205 4369 4000
internal_count=15018 11574 7205 4369 4000
is_linear=0
shrinkage=0.05


Tree=129
num_leaves=5
num_cat=0
split_feature=3 0 0 0
split_gain=0.0631091 0.108495 0.0741615 0.081525
threshold=0.082359436500000008 0.40980152950000004 0.12531049800000002 0.025951136000000003
decision_type=2 2 2 2
left_child=-1 2 3 -2
right_child=1 -3 -4 -5
leaf_value=0.00022504425228196155 0.00010217906786211955 -0.00034948683301514144 0.00020601009289616828 -0.00024555839241753753
leaf_weight=2298 3193 2575 3360 3570
leaf_count=2298 3193 2575 3360 3570
internal_value=-1.60689e-05 -5.97039e-05 1.40085e-05 -8.13819e-05
internal_weight=14996 12698 10123 6763
internal_count=14996 12698 10123 6763
is_linear=0
shrinkage=0.05


Tree=130
num_leaves=6
num_cat=0
split_feature=5 14 14 0 4
split_gain=0.0906287 0.154757 0.0622027 0.0420987 0.048387
threshold=5.5000000000000009 0.03753454587747914 0.011232086651081066 0.12531049800000002 9901.5000000000018
decision_type=2 2 2 2 8
left_child=2 3 -1 4 -2
right_child=1 -3 -4 -5 -6
leaf_value=2.9897992971649131e-06 -0.0001877349531003303 -0.00046712364378091828 0.00038168735004983804 0.00016661540333953999 0.00011220245700293802
leaf_weight=2329 3486 2179 2029 2740 2189
leaf_count=2329 3486 2179 2029 2740 2189
internal_value=-1.26245e-05 -9.15772e-05 0.000179304 5.66766e-06 -7.2041e-05
internal_weight=14952 10594 4358 8415 5675
internal_count=14952 10594 4358 8415 5675
is_linear=0
shrinkage=0.05


Tree=131
num_leaves=6
num_cat=0
split_feature=0 4 4 1 5
split_gain=0.0875794 0.224217 0.0416654 0.076242 0.0565744
threshold=0.23941253600000004 6498.5000000000009 8402.0000000000018 50.500000000000007 8.5000000000000018
decision_type=2 8 10 2 2
left_child=2 -2 3 -1 -5
right_child=1 -3 -4 4 -6
leaf_value=-0.0002807054509829036 0.00058067854162225296 -0.00012137054005520123 0.0001584537956069375 -0.0001101212360719987 0.00022267878345645127
leaf_weight=3222 2230 2321 2124 3073 2185
leaf_count=3222 2230 2321 2124 3073 2185
internal_value=3.9161e-05 0.000222635 -3.95819e-05 -8.91842e-05 2.81762e-05
internal_weight=15155 4551 10604 8480 5258
internal_count=15155 4551 10604 8480 5258
is_linear=0
shrinkage=0.05


Tree=132
num_leaves=6
num_cat=0
split_feature=0 15 15 0 1
split_gain=0.106407 0.0625514 0.0568115 0.0664522 0.0264012
threshold=0.40980152950000004 335.16274652843748 102.08188315412799 0.093754162500000016 55.500000000000007
decision_type=2 2 2 2 2
left_child=1 2 4 -4 -1
right_child=-2 -3 3 -5 -6
leaf_value=0.00026723602855249101 -0.00027729359243908609 0.00028694513300340233 2.9440085429007705e-05 -0.00033004211357170104 1.6843483154851869e-05
leaf_weight=2112 2883 2439 3542 2018 2099
leaf_count=2112 2883 2439 3542 2018 2099
internal_value=-4.07934e-06 6.04314e-05 3.88996e-06 -0.000101034 0.000142426
internal_weight=15093 12210 9771 5560 4211
internal_count=15093 12210 9771 5560 4211
is_linear=0
shrinkage=0.05


Tree=133
num_leaves=6
num_cat=0
split_feature=14 3 15 4 0
split_gain=0.0873619 0.0704088 0.0596007 0.0674116 0.0520187
threshold=0.046476333403236529 0.76068888800000012 303.30327684885759 7000.5000000000009 0.079490163000000016
decision_type=2 2 2 10 2
left_child=1 2 3 4 -1
right_child=-2 -3 -4 -5 -6
leaf_value=-0.00010393902683064516 -0.00034884572536984597 0.00019568934565180164 0.00015196068608934254 5.8732987806338109e-05 -0.00044575512914226984
leaf_weight=2502 2025 3509 2364 2733 2005
leaf_count=2502 2025 3509 2364 2733 2005
internal_value=-4.31881e-05 4.01371e-06 -6.60186e-05 -0.000137193 -0.000256001
internal_weight=15138 13113 9604 7240 4507
internal_count=15138 13113 9604 7240 4507
is_linear=0
shrinkage=0.05


Tree=134
num_leaves=6
num_cat=0
split_feature=4 5 14 0 5
split_gain=0.0460179 0.0668227 0.103207 0.0905955 0.0352806
threshold=1351.0000000000002 5.5000000000000009 0.032002048131080395 0.12531049800000002 9.5000000000000018
decision_type=10 2 2 2 2
left_child=-1 -2 3 4 -3
right_child=1 2 -4 -5 -6
leaf_value=-0.00016944304153868013 0.00024285778533645388 7.3987845609376231e-05 -0.00032887238655215548 0.00033907084710146495 -0.00021789590277802851
leaf_weight=3787 2818 2136 2244 2047 2009
leaf_count=3787 2818 2136 2244 2047 2009
internal_value=-1.86779e-05 3.2055e-05 -3.83625e-05 6.69191e-05 -6.74825e-05
internal_weight=15041 11254 8436 6192 4145
internal_count=15041 11254 8436 6192 4145
is_linear=0
shrinkage=0.05


Tree=135
num_leaves=6
num_cat=0
split_feature=7 1 1 14 15
split_gain=0.0571309 0.171605 0.05727 0.0310763 0.00880354
threshold=1.5000000000000002 52.500000000000007 48.500000000000007 0.0063331729998396665 140.39703223182119
decision_type=2 2 2 2 2
left_child=2 -2 -1 -4 -5
right_child=1 -3 3 4 -6
leaf_value=-0.00020941483726719698 0.00048677915216766785 -0.00015001390442278629 -0.0001055010849567617 3.7169557276083816e-05 0.00018031676691925185
leaf_weight=3925 2060 2175 2642 2046 2261
leaf_count=3925 2060 2175 2642 2046 2261
internal_value=3.94089e-06 0.000159737 -5.67355e-05 2.95023e-05 0.000112316
internal_weight=15109 4235 10874 6949 4307
internal_count=15109 4235 10874 6949 4307
is_linear=0
shrinkage=0.05


Tree=136
num_leaves=5
num_cat=0
split_feature=4 0 1 0
split_gain=0.0478063 0.19174 0.0869108 0.0766409
threshold=9001.0000000000018 0.32079416900000007 50.500000000000007 0.15308867200000004
decision_type=8 2 2 2
left_child=1 2 -1 -2
right_child=3 -3 -4 -5
leaf_value=-0.00028377904025498978 5.7352238442495861e-06 0.00044353012813362755 7.6276345875978601e-05 -0.00037012194031401616
leaf_weight=2961 3810 2352 3862 2106
leaf_count=2961 3810 2352 3862 2106
internal_value=-1.72376e-05 5.42226e-05 -7.99781e-05 -0.000128064
internal_weight=15091 9175 6823 5916
internal_count=15091 9175 6823 5916
is_linear=0
shrinkage=0.05


Tree=137
num_leaves=6
num_cat=0
split_feature=3 0 1 0 0
split_gain=0.0623429 0.114006 0.0448097 0.0598048 0.0377426
threshold=0.49425377900000006 0.19096896800000004 41.500000000000007 0.20143382500000004 0.034419519500000009
decision_type=2 2 2 2 2
left_child=2 -2 -1 4 -4
right_child=1 -3 3 -5 -6
leaf_value=0.00016988838799669042 6.1058098028165201e-06 0.00047913118942522457 -0.0001297454518613581 -0.00030545221989512539 0.0001414762244190176
leaf_weight=2109 3505 2001 2620 2264 2513
leaf_count=2109 3505 2001 2620 2264 2513
internal_value=4.41307e-05 0.000178014 -3.3416e-05 -9.13813e-05 3.03851e-06
internal_weight=15012 5506 9506 7397 5133
internal_count=15012 5506 9506 7397 5133
is_linear=0
shrinkage=0.05


Tree=138
num_leaves=6
num_cat=0
split_feature=3 0 3 0 0
split_gain=0.0601213 0.0809646 0.0391983 0.0696197 0.088542
threshold=622.00000000000011 0.40980152950000004 0.13707213600000004 0.12764438550000004 0.025951136000000003
decision_type=2 2 2 2 2
left_child=1 2 -1 4 -4
right_child=-2 -3 3 -5 -6
leaf_value=-0.00016243297006047141 0.00022469922504335924 -0.00031897574460134802 0.00017084982324900981 0.00026486959176398481 -0.00024826910782223813
leaf_weight=2768 2132 2476 2373 2644 2687
leaf_count=2768 2132 2476 2373 2644 2687
internal_value=-2.13327e-05 -6.1844e-05 -1.04772e-06 5.6937e-05 -5.17139e-05
internal_weight=15080 12948 10472 7704 5060
internal_count=15080 12948 10472 7704 5060
is_linear=0
shrinkage=0.05


Tree=139
num_leaves=6
num_cat=0
split_feature=4 15 4 4 1
split_gain=0.0434889 0.0357132 0.051623 0.061589 0.150417
threshold=2998.5000000000005 76.872127059277872 3301.5000000000005 5416.5000000000009 53.500000000000007
decision_type=8 2 10 10 2
left_child=-1 -2 -3 -4 -5
right_child=1 2 3 4 -6
leaf_value=-0.00021451732388318891 -0.0001125148389507335 0.00026550733789215182 -0.00021198023541188981 0.00037992746102251932 -0.00017793370404280346
leaf_weight=2089 3237 2690 2191 2475 2361
leaf_count=2089 3237 2690 2191 2475 2361
internal_value=-2.81541e-06 3.13243e-05 7.9241e-05 7.93657e-06 0.000107572
internal_weight=15043 12954 9717 7027 4836
internal_count=15043 12954 9717 7027 4836
is_linear=0
shrinkage=0.05


Tree=140
num_leaves=6
num_cat=0
split_feature=5 14 15 15 15
split_gain=0.0664995 0.105896 0.0646585 0.0844388 0.104654
threshold=5.5000000000000009 0.010684573751964429 280.27051462622904 126.9753359530703 55.592135854352811
decision_type=2 2 2 2 2
left_child=1 -1 3 4 -2
right_child=2 -3 -4 -5 -6
leaf_value=-6.3302756190086282e-05 0.00010357486949498442 0.00042435960781358605 -0.00026770908782079229 0.00019927111851978068 -0.00037910617685632617
leaf_weight=2364 2306 2104 2842 3381 2189
leaf_count=2364 2306 2104 2842 3381 2189
internal_value=4.28629e-06 0.00016634 -6.32686e-05 1.05023e-05 -0.000131484
internal_weight=15186 4468 10718 7876 4495
internal_count=15186 4468 10718 7876 4495
is_linear=0
shrinkage=0.05


Tree=141
num_leaves=6
num_cat=0
split_feature=5 14 14 3 0
split_gain=0.0434963 0.0767346 0.0740435 0.0333169 0.0370397
threshold=5.5000000000000009 0.03753454587747914 0.010684573751964429 0.52934095650000013 0.11897878600000002
decision_type=2 2 2 2 2
left_child=2 3 -1 4 -2
right_child=1 -3 -4 -5 -6
leaf_value=-7.3953584877512919e-05 -2.3744673678397062e-05 -0.00032910797979703141 0.00033602472918148232 -0.00014235585032617676 0.00024180715957085403
leaf_weight=2333 3732 2213 2086 2731 2026
leaf_count=2333 3732 2213 2086 2731 2026
internal_value=-1.23927e-05 -6.6885e-05 0.000119578 1.47395e-06 6.96919e-05
internal_weight=15121 10702 4419 8489 5758
internal_count=15121 10702 4419 8489 5758
is_linear=0
shrinkage=0.05


Tree=142
num_leaves=6
num_cat=0
split_feature=4 0 14 3 4
split_gain=0.0913933 0.151393 0.0450928 0.0366938 0.0216148
threshold=6455.0000000000009 0.24856369500000003 0.011631852661456764 0.30934101950000004 13504.000000000002
decision_type=8 2 2 2 8
left_child=1 3 4 -1 -2
right_child=2 -3 -4 -5 -6
leaf_value=-9.7563151905567661e-05 0.00015699591627353876 0.00053210954467552225 -0.00019445991443274222 0.00018498925627892111 -5.883569724325997e-05
leaf_weight=2621 2171 2166 3570 2046 2491
leaf_count=2621 2171 2166 3570 2046 2491
internal_value=5.1469e-05 0.000186642 -6.07317e-05 2.6307e-05 4.16728e-05
internal_weight=15065 6833 8232 4667 4662
internal_count=15065 6833 8232 4667 4662
is_linear=0
shrinkage=0.05


Tree=143
num_leaves=6
num_cat=0
split_feature=15 1 4 14 1
split_gain=0.040393 0.0450494 0.0787545 0.0567285 0.0371209
threshold=76.872127059277872 54.500000000000007 8751.5000000000018 0.010159559682860938 54.500000000000007
decision_type=2 2 8 2 2
left_child=4 2 -2 -3 -1
right_child=1 3 -4 -5 -6
leaf_value=-0.00027362882942361555 0.00030694850272693444 8.4838548763948565e-05 -8.371491301693005e-05 -0.00024715318936647244 2.6977670540934233e-05
leaf_weight=2063 3446 3366 2062 2083 2045
leaf_count=2063 3446 3366 2062 2083 2045
internal_value=9.72744e-06 5.98586e-05 0.000160698 -4.20726e-05 -0.000123984
internal_weight=15065 10957 5508 5449 4108
internal_count=15065 10957 5508 5449 4108
is_linear=0
shrinkage=0.05


Tree=144
num_leaves=6
num_cat=0
split_feature=15 14 1 1 0
split_gain=0.0294555 0.0487403 0.0248145 0.0411824 0.0683293
threshold=404.11826689838409 0.040665281546811406 46.500000000000007 66.500000000000014 0.10823160300000002
decision_type=2 2 2 2 2
left_child=1 2 -1 4 -4
right_child=-2 -3 3 -5 -6
leaf_value=0.0001374076913065166 -0.00013995567139197658 0.00027405015114784139 3.228321967101463e-05 0.0001323595287021154 -0.00034124128380516106
leaf_weight=2985 2170 2190 3130 2537 2011
leaf_count=2985 2170 2190 3130 2537 2011
internal_value=3.04356e-05 5.92032e-05 1.50772e-05 -3.24816e-05 -0.000113828
internal_weight=15023 12853 10663 7678 5141
internal_count=15023 12853 10663 7678 5141
is_linear=0
shrinkage=0.05


Tree=145
num_leaves=6
num_cat=0
split_feature=1 15 1 15 3
split_gain=0.0549333 0.0601375 0.116076 0.06039 0.0232407
threshold=39.500000000000007 185.08651479539785 53.500000000000007 103.1465783940161 0.38026665000000009
decision_type=2 2 2 2 2
left_child=-1 3 -3 4 -2
right_child=1 2 -4 -5 -6
leaf_value=-0.0002375230509143435 -8.6284143692185499e-05 0.00043859857018961824 -3.9943385272851782e-05 -0.00026343519988886323 0.00014634641885755801
leaf_weight=2640 2056 2024 3389 2791 2247
leaf_count=2640 2056 2024 3389 2791 2247
internal_value=-3.02709e-05 1.34763e-05 0.00013899 -8.22959e-05 3.51941e-05
internal_weight=15147 12507 5413 7094 4303
internal_count=15147 12507 5413 7094 4303
is_linear=0
shrinkage=0.05


Tree=146
num_leaves=6
num_cat=0
split_feature=14 0 15 14 4
split_gain=0.105975 0.0596661 0.0396485 0.0201268 0.0246035
threshold=0.041158150674328181 0.18427206200000004 76.872127059277872 0.0061485369884320016 7502.0000000000009
decision_type=2 2 2 2 8
left_child=1 2 -1 -4 -5
right_child=-2 -3 3 4 -6
leaf_value=-0.00013242791798808191 0.00033134248478932813 -0.00021454503687935112 -2.9711323120601429e-05 5.2201653450291521e-05 0.0002814669392848783
leaf_weight=2557 2453 3195 2119 2591 2134
leaf_count=2557 2453 3195 2119 2591 2134
internal_value=3.06758e-05 -2.78773e-05 3.55631e-05 9.83265e-05 0.000155747
internal_weight=15049 12596 9401 6844 4725
internal_count=15049 12596 9401 6844 4725
is_linear=0
shrinkage=0.05


Tree=147
num_leaves=7
num_cat=0
split_feature=14 0 0 1 4 0
split_gain=0.0949672 0.0345299 0.0438566 0.0447294 0.0654723 0.0462428
threshold=0.046476333403236529 0.30595714450000006 0.0050607560000000005 65.500000000000014 5351.5000000000009 0.062237365500000009
decision_type=2 2 2 2 8 2
left_child=1 2 -1 4 -4 -6
right_child=-2 -3 3 -5 5 -7
leaf_value=0.0001826460080046987 -0.00035448089871571497 0.00019381039396745999 -0.00036466625876460884 0.00011691740649331208 -0.00020550841018170913 0.00012097476867543392
leaf_weight=2053 2062 2150 2173 2277 2004 2364
leaf_count=2053 2062 2150 2173 2277 2004 2364
internal_value=-3.9205e-05 1.0722e-05 -2.54881e-05 -7.39457e-05 -0.000140387 -2.88128e-05
internal_weight=15083 13021 10871 8818 6541 4368
internal_count=15083 13021 10871 8818 6541 4368
is_linear=0
shrinkage=0.05


Tree=148
num_leaves=6
num_cat=0
split_feature=3 0 3 4 3
split_gain=0.0745671 0.105514 0.0791949 0.0480426 0.0275542
threshold=0.43314913800000004 0.30595714450000006 0.76068888800000012 8333.5000000000018 0.13707213600000004
decision_type=2 2 2 10 2
left_child=1 3 -2 4 -1
right_child=2 -3 -4 -5 -6
leaf_value=-0.00019962173535978181 -0.00033821434332955889 0.00043417633789176105 3.2156618278892692e-05 0.00023047134571498038 4.4899851391395642e-05
leaf_weight=2022 2261 2091 3991 2036 2678
leaf_count=2022 2261 2091 3991 2036 2678
internal_value=3.03298e-05 0.000123905 -0.000101786 2.759e-05 -6.02965e-05
internal_weight=15079 8827 6252 6736 4700
internal_count=15079 8827 6252 6736 4700
is_linear=0
shrinkage=0.05


Tree=149
num_leaves=6
num_cat=0
split_feature=1 4 4 15 15
split_gain=0.0498588 0.0438912 0.0881209 0.0496931 0.0207034
threshold=37.500000000000007 1666.5000000000002 4997.5000000000009 125.07580271446575 270.456259926276
decision_type=2 10 10 2 2
left_child=-1 -2 -3 -4 -5
right_child=1 2 3 4 -6
leaf_value=0.00026785354143610344 -0.0001458996988246921 0.00027755376973432878 -0.00023465770820310988 0.00016985712147037904 -5.5525732895630152e-05
leaf_weight=2115 3478 3156 2248 2056 2020
leaf_count=2115 3478 3156 2248 2056 2020
internal_value=4.27642e-05 6.02518e-06 6.1763e-05 -4.59276e-05 5.8161e-05
internal_weight=15073 12958 9480 6324 4076
internal_count=15073 12958 9480 6324 4076
is_linear=0
shrinkage=0.05


Tree=150
num_leaves=5
num_cat=0
split_feature=0 3 15 15
split_gain=0.054723 0.0496446 0.0540077 0.0947966
threshold=0.52247448900000015 0.13707213600000004 266.04382796807391 102.08188315412799
decision_type=2 2 2 2
left_child=1 -1 3 -3
right_child=-2 2 -4 -5
leaf_value=-0.00016794937809541148 -0.00026006263138738734 0.00018160613055079821 0.00025547261665467065 -0.00017683612610543722
leaf_weight=2828 2058 3598 2808 3785
leaf_count=2828 2058 3598 2808 3785
internal_value=-2.04755e-05 1.73977e-05 6.88314e-05 -2.15439e-06
internal_weight=15077 13019 10191 7383
internal_count=15077 13019 10191 7383
is_linear=0
shrinkage=0.05


Tree=151
num_leaves=6
num_cat=0
split_feature=1 4 5 15 15
split_gain=0.0398966 0.0876635 0.0749277 0.0495784 0.031748
threshold=48.500000000000007 8804.0000000000018 6.5000000000000009 185.08651479539785 166.61338269909547
decision_type=2 8 2 2 2
left_child=2 3 -1 -2 -3
right_child=1 4 -4 -5 -6
leaf_value=8.0070977328903486e-05 5.3655349306185953e-05 1.5386918300211701e-05 -0.00029208966205036835 0.0003672667136101833 -0.00025663750236541597
leaf_weight=2450 3082 2105 3019 2132 2187
leaf_count=2450 3082 2105 3019 2132 2187
internal_value=-1.77725e-05 4.41302e-05 -0.000125369 0.000181891 -0.000123224
internal_weight=14975 9506 5469 5214 4292
internal_count=14975 9506 5469 5214 4292
is_linear=0
shrinkage=0.05


Tree=152
num_leaves=6
num_cat=0
split_feature=9 0 5 0 4
split_gain=0.0513988 0.0796095 0.0978413 0.0659935 0.0138518
threshold=1.5000000000000002 0.30595714450000006 11.500000000000002 0.088667822000000021 4197.0000000000009
decision_type=10 2 2 2 10
left_child=1 2 3 4 -1
right_child=-2 -3 -4 -5 -6
leaf_value=-6.0301944603083325e-05 -0.00015738322195880895 0.00030245031552397176 0.00030456846388829135 -0.00032813821254315382 0.00010651532404959137
leaf_weight=3011 3063 2859 2055 2030 2121
leaf_count=3011 3063 2859 2055 2030 2121
internal_value=2.55471e-05 7.19463e-05 4.46726e-07 -8.68152e-05 8.64183e-06
internal_weight=15139 12076 9217 7162 5132
internal_count=15139 12076 9217 7162 5132
is_linear=0
shrinkage=0.05


Tree=153
num_leaves=7
num_cat=0
split_feature=15 14 1 14 14 14
split_gain=0.0942692 0.0969135 0.0296731 0.0415936 0.0219201 0.0135481
threshold=372.08839226053482 0.041158150674328181 42.500000000000007 0.0098511074846314734 0.0052121865332933415 0.020892460186639806
decision_type=2 2 2 2 2 2
left_child=1 2 -1 4 -4 -5
right_child=-2 -3 3 5 -6 -7
leaf_value=0.00018449552342089616 -0.00025435387572353044 0.00039085749247625817 -3.7541749975462564e-05 -0.0002321080932352877 0.00018787108218472641 -4.873286960989592e-05
leaf_weight=2126 2540 2086 2020 2013 2314 2016
leaf_count=2126 2540 2086 2020 2013 2314 2016
internal_value=2.34818e-05 7.96013e-05 1.77002e-05 -2.47016e-05 8.28102e-05 -0.000140352
internal_weight=15115 12575 10489 8363 4334 4029
internal_count=15115 12575 10489 8363 4334 4029
is_linear=0
shrinkage=0.05


Tree=154
num_leaves=5
num_cat=0
split_feature=4 15 14 3
split_gain=0.0580337 0.0793887 0.102144 0.021076
threshold=9001.0000000000018 76.872127059277872 0.025280486192390764 0.32615089550000004
decision_type=10 2 2 2
left_child=1 -1 3 -3
right_child=-2 2 -4 -5
leaf_value=-0.0001958187307560195 -0.00025384696064338538 -0.00012744425273818484 0.00033876634729681137 5.8485110999375374e-05
leaf_weight=3523 2626 2871 2736 3249
leaf_count=3523 2626 2871 2736 3249
internal_value=-4.0352e-05 4.93748e-06 8.48002e-05 -2.87376e-05
internal_weight=15005 12379 8856 6120
internal_count=15005 12379 8856 6120
is_linear=0
shrinkage=0.05


Tree=155
num_leaves=6
num_cat=0
split_feature=15 15 3 15 3
split_gain=0.079475 0.0510817 0.176399 0.0688127 0.0866379
threshold=419.61379436769442 185.08651479539785 0.33449250650000006 39.49006424203268 0.41784532150000003
decision_type=2 2 2 2 2
left_child=1 3 -3 -1 -5
right_child=-2 2 -4 4 -6
leaf_value=0.00017063458896149914 -0.00030479612078936264 -0.00014815309738509783 0.00048119751345169451 3.7913841139793858e-05 -0.00034571118249824
leaf_weight=2696 2023 2206 2248 3287 2665
leaf_count=2696 2023 2206 2248 3287 2665
internal_value=-1.31149e-05 3.19218e-05 0.00016949 -3.893e-05 -0.000133854
internal_weight=15125 13102 4454 8648 5952
internal_count=15125 13102 4454 8648 5952
is_linear=0
shrinkage=0.05


Tree=156
num_leaves=6
num_cat=0
split_feature=1 1 4 14 15
split_gain=0.056402 0.0758213 0.112793 0.124263 0.0150176
threshold=37.500000000000007 48.500000000000007 8651.5000000000018 0.022835292694238878 108.52738125662394
decision_type=2 2 10 2 2
left_child=-1 -2 3 4 -3
right_child=1 2 -4 -5 -6
leaf_value=0.0002409377392355415 -0.0002419144142514576 0.00010652612165729103 -0.00029885195765709646 0.0004547075653908994 -6.3940641622879665e-05
leaf_weight=2107 3373 2048 2016 2048 3500
leaf_count=2107 3373 2048 2016 2048 3500
internal_value=9.81135e-07 -3.79552e-05 3.36172e-05 0.000121855 -1.01419e-06
internal_weight=15092 12985 9612 7596 5548
internal_count=15092 12985 9612 7596 5548
is_linear=0
shrinkage=0.05


Tree=157
num_leaves=6
num_cat=0
split_feature=4 7 5 1 0
split_gain=0.0279848 0.115055 0.0616027 0.06391 0.0502353
threshold=6455.0000000000009 1.5000000000000002 7.5000000000000009 55.500000000000007 0.10072576300000001
decision_type=10 2 2 2 2
left_child=2 -2 4 -4 -1
right_child=1 -3 3 -5 -6
leaf_value=9.5673426204784088e-05 0.000142638985492914 -0.00033952949934547673 0.00040137442621762816 2.4264528767607895e-05 -0.00020710574686403553
leaf_weight=3079 2776 2232 2214 2281 2468
leaf_count=3079 2776 2232 2214 2281 2468
internal_value=2.42902e-05 -7.22572e-05 7.24389e-05 0.000210009 -3.90407e-05
internal_weight=15050 5008 10042 4495 5547
internal_count=15050 5008 10042 4495 5547
is_linear=0
shrinkage=0.05


Tree=158
num_leaves=6
num_cat=0
split_feature=15 14 5 9 15
split_gain=0.0525662 0.120068 0.0479452 0.0515537 0.0299859
threshold=372.08839226053482 0.040665281546811406 9.5000000000000018 1.0000000180025095e-35 120.75686448354433
decision_type=2 2 2 10 2
left_child=1 2 3 4 -1
right_child=-2 -3 -4 -5 -6
leaf_value=6.8646208856167868e-05 -0.00022156568143038405 0.00036964822678499495 -0.00019349312246044856 0.00022969983191038938 -0.00018435140277610842
leaf_weight=2282 2564 2123 3507 2256 2406
leaf_count=2282 2564 2123 3507 2256 2406
internal_value=-1.52337e-05 2.68401e-05 -4.27975e-05 3.33099e-05 -6.11986e-05
internal_weight=15138 12574 10451 6944 4688
internal_count=15138 12574 10451 6944 4688
is_linear=0
shrinkage=0.05


Tree=159
num_leaves=5
num_cat=0
split_feature=14 15 14 0
split_gain=0.0408734 0.0342314 0.0382909 0.0184597
threshold=0.040665281546811406 303.30327684885759 0.021446501348364729 0.035167927500000008
decision_type=2 2 2 2
left_child=1 2 3 -1
right_child=-2 -3 -4 -5
leaf_value=-7.9066600535234583e-05 0.00021177997167532033 0.00014269232356322876 -0.00022026600127938775 8.2574035466329539e-05
leaf_weight=3351 2540 2890 2536 3735
leaf_count=3351 2540 2890 2536 3735
internal_value=2.89111e-05 -8.21227e-06 -5.3537e-05 6.13348e-06
internal_weight=15052 12512 9622 7086
internal_count=15052 12512 9622 7086
is_linear=0
shrinkage=0.05


Tree=160
num_leaves=5
num_cat=0
split_feature=1 1 4 14
split_gain=0.0656147 0.0885812 0.0692031 0.109422
threshold=48.500000000000007 41.500000000000007 5567.5000000000009 0.011885556907931303
decision_type=2 2 10 2
left_child=1 -1 3 -2
right_child=2 -3 -4 -5
leaf_value=-9.1320975474073329e-06 -2.2163300002140329e-05 -0.00041587318690182142 -0.00012325965784277298 0.00043473363906247864
leaf_weight=3214 3442 2294 3886 2116
leaf_count=3214 3442 2294 3886 2116
internal_value=-4.13818e-05 -0.000178534 3.8609e-05 0.000151783
internal_weight=14952 5508 9444 5558
internal_count=14952 5508 9444 5558
is_linear=0
shrinkage=0.05


Tree=161
num_leaves=6
num_cat=0
split_feature=0 15 4 0 4
split_gain=0.0437496 0.0497641 0.0534369 0.0646 0.0366344
threshold=0.52247448900000015 299.92467093816492 4718.0000000000009 0.12531049800000002 9901.5000000000018
decision_type=2 2 8 2 8
left_child=1 2 -1 4 -4
right_child=-2 -3 3 -5 -6
leaf_value=-0.00020609406833598938 -0.00022929925213937793 0.00019403078746982281 -0.00022582185660406859 0.00025983098878307068 6.1763141607049638e-05
leaf_weight=3189 2101 3030 2016 2266 2457
leaf_count=3189 2101 3030 2016 2266 2457
internal_value=-1.7651e-05 1.66655e-05 -3.74659e-05 4.23315e-05 -6.78526e-05
internal_weight=15059 12958 9928 6739 4473
internal_count=15059 12958 9928 6739 4473
is_linear=0
shrinkage=0.05


Tree=162
num_leaves=6
num_cat=0
split_feature=3 15 15 15 5
split_gain=0.122197 0.037891 0.104641 0.0488816 0.0219142
threshold=0.81300265300000019 125.07580271446575 50.431122364653937 202.05606833267842 8.5000000000000018
decision_type=2 2 2 2 2
left_child=1 2 -1 -3 -5
right_child=-2 3 -4 4 -6
leaf_value=6.4039223470224057e-05 0.00024655288082954643 0.00018814086620876655 -0.00041970784411222691 -0.00020115410743948219 2.0595739097775168e-05
leaf_weight=2120 3897 2227 2365 2406 2075
leaf_count=2120 3897 2227 2365 2406 2075
internal_value=5.41549e-06 -7.85399e-05 -0.000191047 -3.31707e-06 -9.84692e-05
internal_weight=15090 11193 4485 6708 4481
internal_count=15090 11193 4485 6708 4481
is_linear=0
shrinkage=0.05


Tree=163
num_leaves=6
num_cat=0
split_feature=15 0 0 4 1
split_gain=0.0950874 0.0772839 0.0496 0.0550972 0.0106581
threshold=372.08839226053482 0.23941253600000004 0.093754162500000016 5250.5000000000009 57.500000000000007
decision_type=2 2 2 8 2
left_child=1 2 3 -1 -5
right_child=-2 -3 -4 4 -6
leaf_value=0.00027199695934332401 -0.00025036645473570273 0.00027439203043453389 -0.00019268868079322859 4.7618982436120795e-05 -0.00011365505674604602
leaf_weight=2305 2517 3807 2337 2035 2063
leaf_count=2305 2517 3807 2337 2035 2063
internal_value=3.01057e-05 8.637e-05 4.47069e-06 7.64309e-05 -3.3569e-05
internal_weight=15064 12547 8740 6403 4098
internal_count=15064 12547 8740 6403 4098
is_linear=0
shrinkage=0.05


Tree=164
num_leaves=6
num_cat=0
split_feature=3 4 4 0 5
split_gain=0.057164 0.0607994 0.0771897 0.242459 0.0391242
threshold=0.082359436500000008 3950.5000000000005 9001.0000000000018 0.23941253600000004 9.5000000000000018
decision_type=2 8 10 2 2
left_child=-1 -2 3 4 -3
right_child=1 2 -4 -5 -6
leaf_value=0.00024238314521662604 -0.00024165154226372585 1.9687673866623841e-05 -0.00022903444504732926 0.00052043378932694869 -0.00025664357487114507
leaf_weight=2297 2653 3495 2284 2400 2022
leaf_count=2297 2653 3495 2284 2400 2022
internal_value=1.26364e-05 -2.84192e-05 2.70367e-05 0.000100911 -8.15887e-05
internal_weight=15151 12854 10201 7917 5517
internal_count=15151 12854 10201 7917 5517
is_linear=0
shrinkage=0.05


Tree=165
num_leaves=6
num_cat=0
split_feature=0 15 3 3 0
split_gain=0.0558143 0.0717483 0.0807667 0.130049 0.0254976
threshold=0.0046648860000000009 241.99105517080818 0.49425377900000006 0.26023541650000009 0.12329637500000001
decision_type=2 2 2 2 2
left_child=-1 2 3 -2 -3
right_child=1 4 -4 -5 -6
leaf_value=0.00021392494555304785 0.00010412331089026461 -0.00011922260358012557 0.00019882186244296829 -0.00038660855416833024 -0.00036861184618184424
leaf_weight=2022 3113 2088 3491 2384 2013
leaf_count=2022 3113 2088 3491 2384 2013
internal_value=-3.05637e-05 -6.83325e-05 1.07419e-05 -0.000108703 -0.000241637
internal_weight=15111 13089 8988 5497 4101
internal_count=15111 13089 8988 5497 4101
is_linear=0
shrinkage=0.05


Tree=166
num_leaves=6
num_cat=0
split_feature=14 3 14 3 14
split_gain=0.172983 0.0626011 0.0653662 0.0470855 0.00920393
threshold=0.037319737678589364 0.29239664450000008 0.0098511074846314734 0.44731228550000007 0.011631852661456764
decision_type=2 2 2 2 2
left_child=1 2 -1 -3 -5
right_child=-2 3 -4 4 -6
leaf_value=6.1148007181711258e-05 -0.0003834010674984045 0.00033984805776557256 -0.00029122897815214352 0.00011771078756969839 -2.5325981736820316e-05
leaf_weight=3089 3069 2049 2293 2407 2111
leaf_count=3089 3069 2049 2293 2407 2111
internal_value=-4.85647e-05 3.74352e-05 -8.89821e-05 0.000141041 5.0878e-05
internal_weight=15018 11949 5382 6567 4518
internal_count=15018 11949 5382 6567 4518
is_linear=0
shrinkage=0.05


Tree=167
num_leaves=6
num_cat=0
split_feature=4 3 4 0 3
split_gain=0.0393895 0.0617785 0.0576669 0.124182 0.0291787
threshold=2500.5000000000005 622.00000000000011 9001.0000000000018 0.30595714450000006 0.33148183250000007
decision_type=10 2 10 2 2
left_child=1 -1 3 4 -2
right_child=2 -3 -4 -5 -6
leaf_value=-0.000263540399215435 -7.4458941349360791e-05 9.6081833617922823e-05 -0.00013107014436156814 0.00047126897230977691 0.00016470986162522006
leaf_weight=2715 3430 2132 2685 2045 2030
leaf_count=2715 3430 2132 2685 2045 2030
internal_value=1.19786e-05 -0.000105357 6.77908e-05 0.000138936 1.44628e-05
internal_weight=15037 4847 10190 7505 5460
internal_count=15037 4847 10190 7505 5460
is_linear=0
shrinkage=0.05


Tree=168
num_leaves=6
num_cat=0
split_feature=5 14 3 14 14
split_gain=0.0597447 0.0999641 0.0798563 0.102783 0.00986071
threshold=4.5000000000000009 0.03753454587747914 0.59160016250000014 0.015110870123569533 0.0087396615926057467
decision_type=2 2 2 2 2
left_child=-1 2 3 4 -2
right_child=1 -3 -4 -5 -6
leaf_value=0.00022898654785087288 7.5812004821677331e-05 -0.00030331378082308559 -0.00016922583817708672 0.00042437317218586162 -7.2620227505860633e-05
leaf_weight=3030 2527 2466 2835 2235 2008
leaf_count=3030 2527 2466 2835 2235 2008
internal_value=3.04835e-05 -1.93437e-05 5.35632e-05 0.000146858 1.00894e-05
internal_weight=15101 12071 9605 6770 4535
internal_count=15101 12071 9605 6770 4535
is_linear=0
shrinkage=0.05


Tree=169
num_leaves=6
num_cat=0
split_feature=14 14 4 14 4
split_gain=0.106122 0.0633567 0.0490115 0.0402781 0.00754897
threshold=0.046476333403236529 0.025810182647400624 7602.0000000000009 0.0098511074846314734 6999.0000000000009
decision_type=2 2 10 2 8
left_child=1 2 3 4 -1
right_child=-2 -3 -4 -5 -6
leaf_value=9.316195815034441e-05 -0.00035473475568130507 0.00025410656322107702 0.00016018057229585288 -0.00020324218561377228 -4.3839168823640246e-05
leaf_weight=2016 2022 2625 2767 3732 2006
leaf_count=2016 2022 2625 2767 3732 2006
internal_value=-1.75139e-05 3.43544e-05 -2.0474e-05 -8.49403e-05 2.48317e-05
internal_weight=15168 13146 10521 7754 4022
internal_count=15168 13146 10521 7754 4022
is_linear=0
shrinkage=0.05


Tree=170
num_leaves=5
num_cat=0
split_feature=0 3 15 1
split_gain=0.0519343 0.045774 0.0542186 0.0504863
threshold=0.40980152950000004 0.37725069650000004 138.08777733978482 50.500000000000007
decision_type=2 2 2 2
left_child=1 3 -3 -1
right_child=-2 2 -4 -5
leaf_value=-0.0002278340552803646 -0.00020290223663561925 -2.2399581792349757e-05 0.00028836534177091892 5.583569956991307e-05
leaf_weight=2582 2854 2706 2916 3996
leaf_count=2582 2854 2706 2916 3996
internal_value=-1.08922e-05 3.40256e-05 0.000138787 -5.55105e-05
internal_weight=15054 12200 5622 6578
internal_count=15054 12200 5622 6578
is_linear=0
shrinkage=0.05


Tree=171
num_leaves=6
num_cat=0
split_feature=0 5 0 0 0
split_gain=0.130654 0.112532 0.156197 0.139849 0.0466727
threshold=0.53220140250000003 7.5000000000000009 0.10272698500000001 0.12531049800000002 0.03132371300000001
decision_type=2 2 2 2 2
left_child=1 2 -1 4 -3
right_child=-2 3 -4 -5 -6
leaf_value=8.1752452425254012e-05 -0.00037428986211793139 0.0001770216971023141 -0.00045733690728434859 0.00047159737231366062 -0.00015195586710168991
leaf_weight=3959 2016 2197 2034 2755 2117
leaf_count=3959 2016 2197 2034 2755 2117
internal_value=3.5437e-07 5.81773e-05 -0.000101212 0.000193306 1.55832e-05
internal_weight=15078 13062 5993 7069 4314
internal_count=15078 13062 5993 7069 4314
is_linear=0
shrinkage=0.05


Tree=172
num_leaves=6
num_cat=0
split_feature=14 15 15 14 15
split_gain=0.0380126 0.0375949 0.0548015 0.0551704 0.0462291
threshold=0.037319737678589364 303.30327684885759 103.1465783940161 0.0091480837449767032 32.717890069599996
decision_type=2 2 2 2 2
left_child=1 2 4 -4 -1
right_child=-2 -3 3 -5 -6
leaf_value=-8.0794997363953428e-05 -0.00019340106559220953 0.00016211476385358196 2.7793359098319714e-05 -0.00030443350967087295 0.0002521201406255502
leaf_weight=2055 3100 2836 2251 2809 2117
leaf_count=2055 3100 2836 2251 2809 2117
internal_value=-3.72279e-05 2.88956e-06 -4.60232e-05 -0.000156639 8.81363e-05
internal_weight=15168 12068 9232 5060 4172
internal_count=15168 12068 9232 5060 4172
is_linear=0
shrinkage=0.05


Tree=173
num_leaves=5
num_cat=0
split_feature=9 3 3 14
split_gain=0.0392667 0.0958206 0.0617047 0.043879
threshold=1.0000000180025095e-35 0.28180912450000006 0.28994148050000007 0.01729465325404151
decision_type=10 2 2 2
left_child=2 -2 -1 -4
right_child=1 -3 3 -5
leaf_value=-8.7852400979495401e-05 0.00014697302319524645 -0.0002726321933009805 4.8529754234236762e-05 0.00033132764518026573
leaf_weight=3869 2300 3331 3141 2435
leaf_count=3869 2300 3331 3141 2435
internal_value=3.26439e-06 -0.000101243 6.55705e-05 0.000172026
internal_weight=15076 5631 9445 5576
internal_count=15076 5631 9445 5576
is_linear=0
shrinkage=0.05


Tree=174
num_leaves=6
num_cat=0
split_feature=0 14 3 0 3
split_gain=0.0623623 0.0794672 0.0240017 0.0324378 0.0179865
threshold=0.52247448900000015 0.030175706505056424 0.098001507000000015 0.12764438550000004 0.47851355400000006
decision_type=2 2 2 2 2
left_child=1 2 -1 4 -4
right_child=-2 -3 3 -5 -6
leaf_value=-0.00015778049701715635 -0.00025065732116824542 0.00033108876949830627 4.7374202538512313e-05 0.00017910481155398046 -0.0001226708503826217
leaf_weight=2116 2031 2073 3340 2574 2910
leaf_count=2116 2031 2073 3340 2574 2910
internal_value=7.02419e-06 4.72418e-05 -6.54388e-06 2.97227e-05 -3.17988e-05
internal_weight=15044 13013 10940 8824 6250
internal_count=15044 13013 10940 8824 6250
is_linear=0
shrinkage=0.05


Tree=175
num_leaves=6
num_cat=0
split_feature=14 14 4 3 14
split_gain=0.074797 0.0501526 0.0467433 0.027861 0.0240581
threshold=0.046476333403236529 0.025810182647400624 7602.0000000000009 0.69932861300000015 0.0098511074846314734
decision_type=2 2 10 2 2
left_child=1 2 3 4 -1
right_child=-2 -3 -4 -5 -6
leaf_value=-2.1478418868631918e-05 -0.00028179484911056033 0.00024092712652116078 0.00017148169370451722 5.3852531577131148e-05 -0.00024553388012191137
leaf_weight=2222 2052 2569 2748 2899 2600
leaf_count=2222 2052 2569 2748 2899 2600
internal_value=-1.1971e-06 4.29651e-05 -5.61304e-06 -6.86433e-05 -0.000142288
internal_weight=15090 13038 10469 7721 4822
internal_count=15090 13038 10469 7721 4822
is_linear=0
shrinkage=0.05


Tree=176
num_leaves=5
num_cat=0
split_feature=0 5 15 15
split_gain=0.261732 0.0469281 0.0653131 0.0630154
threshold=0.46659457600000004 8.5000000000000018 156.69683954208318 153.90141356107236
decision_type=2 2 2 2
left_child=1 2 -1 -3
right_child=-2 3 -4 -5
leaf_value=0.0001022326563579753 -0.0005268893888968764 -2.4619403615597486e-05 -0.00020314693764601692 0.00030892672566895256
leaf_weight=3568 2437 2770 3438 2897
leaf_count=3568 2437 2770 3438 2897
internal_value=-5.2344e-05 3.89104e-05 -4.76239e-05 0.000145891
internal_weight=15110 12673 7006 5667
internal_count=15110 12673 7006 5667
is_linear=0
shrinkage=0.05


Tree=177
num_leaves=5
num_cat=0
split_feature=1 3 4 4
split_gain=0.0338509 0.0605148 0.0708125 0.0412935
threshold=66.500000000000014 0.5423620360000001 5401.5000000000009 7999.5000000000009
decision_type=2 2 8 8
left_child=1 2 -1 -4
right_child=-2 -3 3 -5
leaf_value=-0.00015250692248837278 0.00014394321864246671 -0.00020329508231418838 0.00032165928952069216 3.0917484407952846e-05
leaf_weight=3097 3059 3933 2085 2948
leaf_count=3097 3059 3933 2085 2948
internal_value=-4.61228e-06 -4.22838e-05 3.56077e-05 0.000151362
internal_weight=15122 12063 8130 5033
internal_count=15122 12063 8130 5033
is_linear=0
shrinkage=0.05


Tree=178
num_leaves=6
num_cat=0
split_feature=1 0 4 1 3
split_gain=0.0784034 0.100673 0.0775579 0.0606344 0.0884269
threshold=54.500000000000007 0.30595714450000006 5416.5000000000009 66.500000000000014 0.35709027950000005
decision_type=2 2 8 2 2
left_child=1 2 -1 4 -2
right_child=3 -3 -4 -5 -6
leaf_value=-0.00021830760580484091 2.4502853634481031e-05 0.000419399394420164 0.00017325174715595188 8.2027239361335148e-05 -0.00042688298550004909
leaf_weight=2061 2106 2272 3273 3078 2238
leaf_count=2061 2106 2272 3273 3078 2238
internal_value=2.78623e-05 0.000140678 2.19574e-05 -8.77501e-05 -0.000208048
internal_weight=15028 7606 5334 7422 4344
internal_count=15028 7606 5334 7422 4344
is_linear=0
shrinkage=0.05


Tree=179
num_leaves=6
num_cat=0
split_feature=14 14 0 15 3
split_gain=0.0454295 0.0520627 0.0361661 0.0311549 0.020575
threshold=0.041158150674328181 0.022207051797759766 0.035167927500000008 152.92407665822489 0.27109170750000006
decision_type=2 2 2 2 2
left_child=1 2 3 -1 -4
right_child=-2 -3 4 -5 -6
leaf_value=-0.0002122152422739216 0.00020164903767808055 -0.00020941856159094384 0.00023886762046638869 5.2505510840420013e-05 3.3363405127525222e-05
leaf_weight=2187 2489 3116 2072 2260 2955
leaf_count=2187 2489 3116 2072 2260 2955
internal_value=6.46107e-06 -3.21269e-05 2.61843e-05 -7.76821e-05 0.000118067
internal_weight=15079 12590 9474 4447 5027
internal_count=15079 12590 9474 4447 5027
is_linear=0
shrinkage=0.05


Tree=180
num_leaves=6
num_cat=0
split_feature=14 3 1 1 15
split_gain=0.0505 0.0279268 0.035892 0.0340523 0.0250701
threshold=0.041158150674328181 0.098001507000000015 46.500000000000007 56.500000000000007 145.68026571738184
decision_type=2 2 2 2 2
left_child=1 -1 -3 -4 -5
right_child=-2 2 3 4 -6
leaf_value=-0.00019627694565935107 0.00021093963184178979 0.00014490775172949593 -0.00020730450731589359 0.00013749113246451112 -8.9727855367733691e-05
leaf_weight=2254 2458 2967 2587 2292 2581
leaf_count=2254 2458 2967 2587 2292 2581
internal_value=3.51859e-06 -3.66865e-05 -2.18791e-06 -6.0691e-05 1.71439e-05
internal_weight=15139 12681 10427 7460 4873
internal_count=15139 12681 10427 7460 4873
is_linear=0
shrinkage=0.05


Tree=181
num_leaves=6
num_cat=0
split_feature=0 3 14 4 3
split_gain=0.049152 0.0458275 0.0388112 0.0200329 0.00692804
threshold=0.18427206200000004 0.43314913800000004 0.014751980416822496 10504.000000000002 0.17270063800000005
decision_type=2 2 2 8 2
left_child=2 -2 3 4 -1
right_child=1 -3 -4 -5 -6
leaf_value=3.7176094423089404e-06 -1.7644478226127335e-06 -0.00029519305993221058 0.00023595288588492758 0.00010258581313772174 -0.00012050014471655824
leaf_weight=2007 2959 2418 2265 2888 2547
leaf_count=2007 2959 2418 2265 2888 2547
internal_value=-1.24469e-05 -0.000133717 5.47284e-05 -4.27949e-07 -6.5756e-05
internal_weight=15084 5377 9707 7442 4554
internal_count=15084 5377 9707 7442 4554
is_linear=0
shrinkage=0.05


Tree=182
num_leaves=6
num_cat=0
split_feature=3 14 15 5 14
split_gain=0.0458621 0.0522422 0.05613 0.101269 0.0728908
threshold=0.082359436500000008 0.042395505382465955 303.30327684885759 9.5000000000000018 0.012070312758673211
decision_type=2 2 2 2 2
left_child=-1 2 3 4 -2
right_child=1 -3 -4 -5 -6
leaf_value=0.0001776186194745595 -9.8932755560684961e-05 -0.00029370961507208367 0.00018800732473181405 -0.00031105330425598921 0.00028504215624340266
leaf_weight=2298 3155 2089 2483 3064 2032
leaf_count=2298 3155 2089 2483 3064 2032
internal_value=-2.80778e-05 -6.49405e-05 -2.04185e-05 -8.31408e-05 5.14889e-05
internal_weight=15121 12823 10734 8251 5187
internal_count=15121 12823 10734 8251 5187
is_linear=0
shrinkage=0.05


Tree=183
num_leaves=6
num_cat=0
split_feature=4 3 4 3 15
split_gain=0.0686313 0.0908104 0.0875424 0.0581741 0.0383165
threshold=2665.0000000000005 622.00000000000011 4997.5000000000009 0.37034269150000004 208.85081630663726
decision_type=10 2 10 2 2
left_child=1 -1 -2 4 -4
right_child=2 -3 3 -5 -6
leaf_value=-0.00036611950344325267 0.00027221707982808349 6.4121788191866787e-05 0.000164806542890536 -0.00027501583134292141 -0.00011347963226734024
leaf_weight=2836 3013 2161 2798 2038 2217
leaf_count=2836 3013 2161 2798 2038 2217
internal_value=-2.85797e-05 -0.000180058 4.66175e-05 -4.97573e-05 4.17835e-05
internal_weight=15063 4997 10066 7053 5015
internal_count=15063 4997 10066 7053 5015
is_linear=0
shrinkage=0.05


Tree=184
num_leaves=6
num_cat=0
split_feature=4 3 4 14 0
split_gain=0.0365179 0.0435991 0.0429066 0.0579835 0.0156498
threshold=3443.0000000000005 0.15795920100000002 8998.5000000000018 0.01729465325404151 0.040548584500000005
decision_type=8 2 10 2 2
left_child=-1 -2 3 4 -3
right_child=1 2 -4 -5 -6
leaf_value=0.0001434367835963496 -0.00023808117754782815 1.6250168740054449e-05 -0.00021474122666043495 0.00019908688294259069 -0.0001749070305387778
leaf_weight=2731 2656 2178 2015 3388 2106
leaf_count=2731 2656 2178 2015 3388 2106
internal_value=-2.20098e-05 -5.86164e-05 -9.4104e-06 4.45184e-05 -7.77221e-05
internal_weight=15074 12343 9687 7672 4284
internal_count=15074 12343 9687 7672 4284
is_linear=0
shrinkage=0.05


Tree=185
num_leaves=5
num_cat=0
split_feature=14 5 15 15
split_gain=0.0430268 0.0540705 0.0488697 0.048846
threshold=0.037319737678589364 8.5000000000000018 175.00246349811104 173.45831997036001
decision_type=2 2 2 2
left_child=1 3 -3 -1
right_child=-2 2 -4 -5
leaf_value=6.3681248490704849e-05 -0.00017590190554565713 1.5085977451381096e-05 0.00033114721240604491 -0.00020219784263785561
leaf_weight=3858 3069 2649 2272 3128
leaf_count=3858 3069 2649 2272 3128
internal_value=-8.9681e-06 3.40587e-05 0.00016101 -5.53668e-05
internal_weight=14976 11907 4921 6986
internal_count=14976 11907 4921 6986
is_linear=0
shrinkage=0.05


Tree=186
num_leaves=6
num_cat=0
split_feature=14 14 15 15 14
split_gain=0.064637 0.0595836 0.0452318 0.0247196 0.0376954
threshold=0.040665281546811406 0.024683041463863385 335.16274652843748 103.1465783940161 0.0091480837449767032
decision_type=2 2 2 2 2
left_child=1 2 3 -1 -5
right_child=-2 -3 -4 4 -6
leaf_value=5.7553495819738629e-05 0.00023512433915836 -0.00026237595116174254 0.00021951534758151434 1.646376371585359e-05 -0.00027383396580470229
leaf_weight=3531 2550 2447 2094 2392 2100
leaf_count=3531 2550 2447 2094 2392 2100
internal_value=5.60736e-06 -4.09756e-05 1.25745e-05 -4.14369e-05 -0.00011925
internal_weight=15114 12564 10117 8023 4492
internal_count=15114 12564 10117 8023 4492
is_linear=0
shrinkage=0.05


Tree=187
num_leaves=6
num_cat=0
split_feature=5 14 14 4 14
split_gain=0.0459631 0.0740104 0.0565733 0.0634886 0.0160109
threshold=6.5000000000000009 0.016165758207530589 0.016841079476872311 5567.5000000000009 0.0084869873714340047
decision_type=2 2 2 10 2
left_child=1 -1 4 -4 -2
right_child=2 -3 3 -5 -6
leaf_value=-4.0103024694940685e-05 -7.1919886191406404e-05 0.00032818586415269872 -3.4988893277453306e-05 -0.00041847507134847202 0.00011071856627411363
leaf_weight=3729 2105 2151 2288 2043 2791
leaf_count=3729 2105 2151 2288 2043 2791
internal_value=-1.46284e-05 9.46231e-05 -8.425e-05 -0.000215885 3.21945e-05
internal_weight=15107 5880 9227 4331 4896
internal_count=15107 5880 9227 4331 4896
is_linear=0
shrinkage=0.05


Tree=188
num_leaves=6
num_cat=0
split_feature=0 4 3 3 15
split_gain=0.0836645 0.0496202 0.0314346 0.0473161 0.0413581
threshold=0.40980152950000004 3443.0000000000005 0.59160016250000014 0.31799734850000005 147.76173228180676
decision_type=2 8 2 2 2
left_child=1 -1 3 4 -3
right_child=-2 2 -4 -5 -6
leaf_value=0.00027639462093271563 -0.00024284503758652674 0.00015389570825544214 -0.00011657644744281868 0.00026826631456835511 -0.00014660928861895167
leaf_weight=2168 2817 2026 3204 2136 2633
leaf_count=2168 2817 2026 3204 2136 2633
internal_value=2.69657e-06 5.95463e-05 1.25289e-05 7.3405e-05 -1.59325e-05
internal_weight=14984 12167 9999 6795 4659
internal_count=14984 12167 9999 6795 4659
is_linear=0
shrinkage=0.05


Tree=189
num_leaves=5
num_cat=0
split_feature=14 3 0 4
split_gain=0.100156 0.0485821 0.0877463 0.0432553
threshold=0.03753454587747914 0.098001507000000015 0.12764438550000004 9901.5000000000018
decision_type=2 2 2 8
left_child=1 -1 3 -3
right_child=-2 2 -4 -5
leaf_value=-0.00017365348934910341 -0.00028276418850923098 -0.00013820104870608323 0.00029111964737839769 0.00012326055952825891
leaf_weight=2196 3028 3577 3417 2836
leaf_count=2196 3028 3577 3417 2836
internal_value=-2.57457e-05 3.89684e-05 8.64677e-05 -2.25757e-05
internal_weight=15054 12026 9830 6413
internal_count=15054 12026 9830 6413
is_linear=0
shrinkage=0.05


Tree=190
num_leaves=5
num_cat=0
split_feature=15 4 3 15
split_gain=0.0347668 0.0796326 0.228301 0.0750035
threshold=128.8068742851361 8998.5000000000018 0.30934101950000004 50.431122364653937
decision_type=2 8 2 2
left_child=3 2 -2 -1
right_child=1 -3 -4 -5
leaf_value=0.0001156936292303151 -0.00010066178636418257 -8.9972612150121702e-05 0.00058018525403299808 -0.00022467774035174037
leaf_weight=3025 2634 3663 2312 3481
leaf_count=3025 2634 3663 2312 3481
internal_value=2.08102e-05 8.6732e-05 0.000217599 -6.64202e-05
internal_weight=15115 8609 4946 6506
internal_count=15115 8609 4946 6506
is_linear=0
shrinkage=0.05


Tree=191
num_leaves=6
num_cat=0
split_feature=14 1 4 14 14
split_gain=0.0709061 0.0774761 0.0390114 0.109267 0.0102212
threshold=0.046476333403236529 41.500000000000007 3600.5000000000005 0.013226920192239202 0.0094216215310261014
decision_type=2 2 10 2 2
left_child=1 -1 4 -4 -3
right_child=-2 2 3 -5 -6
leaf_value=0.00032053748299450482 -0.00024415337045518269 5.3831181278318643e-05 9.3622340258632541e-05 -0.00033584331214755 0.00020789866165609524
leaf_weight=2471 2107 2326 3889 2392 2004
leaf_count=2471 2107 2326 3889 2392 2004
internal_value=2.50324e-05 6.83877e-05 9.66924e-06 -6.99315e-05 0.000125136
internal_weight=15189 13082 10611 6281 4330
internal_count=15189 13082 10611 6281 4330
is_linear=0
shrinkage=0.05


Tree=192
num_leaves=5
num_cat=0
split_feature=1 0 7 4
split_gain=0.0391419 0.0432451 0.0144274 0.0203132
threshold=41.500000000000007 0.18722402750000003 1.5000000000000002 4060.5000000000005
decision_type=2 2 2 10
left_child=-1 2 3 -2
right_child=1 -3 -4 -5
leaf_value=0.0001387528381727213 -0.00012044739785291028 -0.00019544598351605493 0.00011921516538238907 6.6239474474562017e-05
leaf_weight=3187 3098 3884 2135 2751
leaf_count=3187 3098 3884 2135 2751
internal_value=-1.68252e-05 -5.86037e-05 7.96632e-06 -3.26417e-05
internal_weight=15055 11868 7984 5849
internal_count=15055 11868 7984 5849
is_linear=0
shrinkage=0.05


Tree=193
num_leaves=5
num_cat=0
split_feature=3 3 3 4
split_gain=0.0447098 0.0753602 0.0672179 0.0325578
threshold=0.43314913800000004 0.92529858850000013 0.29239664450000008 5401.5000000000009
decision_type=2 2 2 10
left_child=2 -2 3 -1
right_child=1 -3 -4 -5
leaf_value=-0.00010772378170130733 -0.00027983029480585167 7.3676708372608595e-05 0.00033043233090316904 0.0001205854480699951
leaf_weight=2789 2534 3722 2408 3548
leaf_count=2789 2534 3722 2408 3548
internal_value=3.25453e-05 -6.95117e-05 0.000105555 2.01034e-05
internal_weight=15001 6256 8745 6337
internal_count=15001 6256 8745 6337
is_linear=0
shrinkage=0.05


Tree=194
num_leaves=6
num_cat=0
split_feature=15 14 3 15 5
split_gain=0.0664871 0.176305 0.036502 0.0465038 0.0397689
threshold=372.08839226053482 0.040665281546811406 0.30416070950000001 147.76173228180676 9.5000000000000018
decision_type=2 2 2 2 2
left_child=1 2 3 -1 -4
right_child=-2 -3 4 -5 -6
leaf_value=1.4570881504389195e-05 -0.00021430315850585769 0.00047838112387400079 0.00017103311809650571 -0.00030234199737343446 -0.000100482290043043
leaf_weight=2683 2550 2146 3485 2036 2200
leaf_count=2683 2550 2146 3485 2036 2200
internal_value=1.84535e-05 6.57467e-05 -1.93661e-05 -0.00012216 6.59612e-05
internal_weight=15100 12550 10404 4719 5685
internal_count=15100 12550 10404 4719 5685
is_linear=0
shrinkage=0.05


Tree=195
num_leaves=6
num_cat=0
split_feature=14 14 14 3 0
split_gain=0.13797 0.0477013 0.0500634 0.0298149 0.0203118
threshold=0.046476333403236529 0.025810182647400624 0.0098511074846314734 0.32615089550000004 0.03132371300000001
decision_type=2 2 2 2 2
left_child=1 2 4 -4 -1
right_child=-2 -3 3 -5 -6
leaf_value=-1.4759841782448758e-05 -0.00042273304956257199 0.00021227853879532264 -0.00029105197996684965 -3.883338701990595e-05 0.00017601396964135133
leaf_weight=3037 2043 2569 2055 2726 2581
leaf_count=3037 2043 2569 2055 2726 2581
internal_value=-4.08237e-05 1.93429e-05 -2.83205e-05 -0.000147244 7.28847e-05
internal_weight=15011 12968 10399 4781 5618
internal_count=15011 12968 10399 4781 5618
is_linear=0
shrinkage=0.05


Tree=196
num_leaves=6
num_cat=0
split_feature=5 0 4 5 4
split_gain=0.0570937 0.116592 0.0521617 0.0472244 0.0343116
threshold=9.5000000000000018 0.16066407400000002 4250.5000000000009 5.5000000000000009 7250.5000000000009
decision_type=2 2 10 2 10
left_child=2 -2 3 -1 -4
right_child=1 -3 4 -5 -6
leaf_value=-5.7941892392207537e-06 -2.7049336139803605e-05 0.00045431174176157251 0.00021580111760802299 -0.00030228432629554667 -5.9790176522039033e-05
leaf_weight=2855 3176 2083 2378 2536 2151
leaf_count=2855 3176 2083 2378 2536 2151
internal_value=3.04271e-05 0.00016361 -4.01783e-05 -0.000145267 8.4912e-05
internal_weight=15179 5259 9920 5391 4529
internal_count=15179 5259 9920 5391 4529
is_linear=0
shrinkage=0.05


Tree=197
num_leaves=5
num_cat=0
split_feature=14 5 4 15
split_gain=0.0270615 0.0487322 0.0740784 0.0671093
threshold=0.037319737678589364 7.5000000000000009 6455.0000000000009 158.20769384683535
decision_type=2 2 8 2
left_child=1 3 -3 -1
right_child=-2 2 -4 -5
leaf_value=9.7875842787561887e-05 -0.00012904910311357045 0.00036093235105244791 1.2498940251487054e-06 -0.00023675952925105847
leaf_weight=3103 3058 2300 3791 2897
leaf_count=3103 3058 2300 3791 2897
internal_value=3.83306e-06 3.7441e-05 0.000137068 -6.36973e-05
internal_weight=15149 12091 6091 6000
internal_count=15149 12091 6091 6000
is_linear=0
shrinkage=0.05


Tree=198
num_leaves=6
num_cat=0
split_feature=14 4 0 0 4
split_gain=0.104559 0.029929 0.0546087 0.0262563 0.0176391
threshold=0.041158150674328181 5351.5000000000009 0.063453909000000017 0.097127906000000014 10504.000000000002
decision_type=2 8 2 2 8
left_child=1 2 -1 4 -3
right_child=-2 3 -4 -5 -6
leaf_value=4.3056765211458375e-05 0.00033700508465809897 -0.00014162040880736946 -0.00031578476867674671 0.00014317030926489467 4.8477212846006808e-05
leaf_weight=2240 2469 2228 2013 3398 2698
leaf_count=2240 2469 2228 2013 3398 2698
internal_value=3.95183e-05 -1.88816e-05 -0.000126788 3.62511e-05 -3.75028e-05
internal_weight=15046 12577 4253 8324 4926
internal_count=15046 12577 4253 8324 4926
is_linear=0
shrinkage=0.05


Tree=199
num_leaves=6
num_cat=0
split_feature=3 14 15 15 15
split_gain=0.0480954 0.0916884 0.0641604 0.0377512 0.024107
threshold=0.082359436500000008 0.042395505382465955 303.30327684885759 103.1465783940161 185.08651479539785
decision_type=2 2 2 2 2
left_child=-1 2 3 -2 -5
right_child=1 -3 -4 4 -6
leaf_value=0.00020538267627000998 6.5259108211437024e-05 -0.00034863065388930013 0.00023658798402901378 -0.00026114431852218692 -2.856180419510445e-05
leaf_weight=2285 3712 2066 2506 2342 2125
leaf_count=2285 3712 2066 2506 2342 2125
internal_value=-5.86154e-06 -4.37168e-05 1.52398e-05 -5.258e-05 -0.000150502
internal_weight=15036 12751 10685 8179 4467
internal_count=15036 12751 10685 8179 4467
is_linear=0
shrinkage=0.05


Tree=200
num_leaves=6
num_cat=0
split_feature=4 15 14 4 14
split_gain=0.0772674 0.0477763 0.0548455 0.0967831 0.0915928
threshold=3443.0000000000005 76.872127059277872 0.032002048131080395 6751.0000000000009 0.0091480837449767032
decision_type=8 2 2 10 2
left_child=-1 -2 3 4 -3
right_child=1 2 -4 -5 -6
leaf_value=0.00024963325619462441 -0.00021344342171274717 3.2929353452909454e-05 0.00024069986811624058 0.00017260070597216606 -0.00042639045410845436
leaf_weight=2732 3118 2130 2055 2882 2213
leaf_count=2732 3118 2130 2055 2882 2213
internal_value=8.92878e-06 -4.41124e-05 1.27813e-05 -5.20453e-05 -0.00020112
internal_weight=15130 12398 9280 7225 4343
internal_count=15130 12398 9280 7225 4343
is_linear=0
shrinkage=0.05


Tree=201
num_leaves=6
num_cat=0
split_feature=14 1 1 1 4
split_gain=0.0931329 0.04325 0.0296421 0.072531 0.0456962
threshold=0.046476333403236529 41.500000000000007 70.500000000000014 62.500000000000007 7000.5000000000009
decision_type=2 2 2 2 10
left_child=1 -1 3 4 -3
right_child=-2 2 -4 -5 -6
leaf_value=0.00020033859277880721 -0.00034588842649697552 -9.0337561489352476e-05 0.00013687311088744639 -0.00031840622668003789 0.00018676879885254667
leaf_weight=2469 2113 3988 2093 2229 2373
leaf_count=2469 2113 3988 2093 2229 2373
internal_value=-3.77689e-05 1.17336e-05 -3.18558e-05 -7.29676e-05 1.30382e-05
internal_weight=15265 13152 10683 8590 6361
internal_count=15265 13152 10683 8590 6361
is_linear=0
shrinkage=0.05


Tree=202
num_leaves=6
num_cat=0
split_feature=15 5 15 15 4
split_gain=0.0264538 0.0483146 0.130647 0.0403124 0.0413958
threshold=39.49006424203268 5.5000000000000009 131.92818940762405 354.79508085464039 7700.5000000000009
decision_type=2 2 2 2 8
left_child=-1 -2 -3 4 -4
right_child=1 2 3 -5 -6
leaf_value=0.00011665637494622404 9.9214999832581178e-05 -0.00040793420444092685 0.00026075444392604325 -0.00017283136100597888 -5.8326637286700601e-05
leaf_weight=2708 3571 2706 2022 2022 2044
leaf_count=2708 3571 2706 2022 2022 2044
internal_value=-2.4886e-05 -5.58845e-05 -0.000118866 9.61906e-06 0.000100351
internal_weight=15073 12365 8794 6088 4066
internal_count=15073 12365 8794 6088 4066
is_linear=0
shrinkage=0.05


Tree=203
num_leaves=5
num_cat=0
split_feature=15 14 14 14
split_gain=0.034975 0.125252 0.0917563 0.0468986
threshold=129.93111859274003 0.025810182647400624 0.021446501348364729 0.0091480837449767032
decision_type=2 2 2 2
left_child=2 3 -1 -2
right_child=1 -3 -4 -5
leaf_value=6.8717213400031667e-05 8.0225322848449104e-05 0.00036436585813373991 -0.00031442523877417682 -0.00019963561804848802
leaf_weight=3951 3122 2550 2585 2876
leaf_count=3951 3122 2550 2585 2876
internal_value=4.2533e-06 7.08288e-05 -8.28163e-05 -5.39661e-05
internal_weight=15084 8548 6536 5998
internal_count=15084 8548 6536 5998
is_linear=0
shrinkage=0.05


Tree=204
num_leaves=6
num_cat=0
split_feature=15 14 1 1 3
split_gain=0.0388666 0.0597555 0.0401588 0.0524067 0.0738912
threshold=41.537058601297772 0.039578543350886307 46.500000000000007 65.500000000000014 0.35709027950000005
decision_type=2 2 2 2 2
left_child=-1 2 -2 4 -4
right_child=1 -3 3 -5 -6
leaf_value=0.00014655820430873332 0.0001556533902577151 -0.00028694480532929286 1.9791168165181149e-05 0.00011155571020254652 -0.00038145574347579086
leaf_weight=2813 2771 2338 2431 2590 2173
leaf_count=2813 2771 2338 2431 2590 2173
internal_value=-2.11137e-05 -5.94508e-05 -6.07588e-06 -6.83711e-05 -0.00016959
internal_weight=15116 12303 9965 7194 4604
internal_count=15116 12303 9965 7194 4604
is_linear=0
shrinkage=0.05


Tree=205
num_leaves=6
num_cat=0
split_feature=4 1 0 4 4
split_gain=0.0433002 0.0444562 0.0369174 0.0655187 0.0161376
threshold=2998.5000000000005 61.500000000000007 0.30595714450000006 8402.0000000000018 8998.5000000000018
decision_type=8 2 2 8 8
left_child=-1 2 3 -2 -3
right_child=1 4 -4 -5 -6
leaf_value=-0.00016199191852395907 -7.4779870645754951e-05 4.8998681823271779e-05 0.00030791649103544872 0.00024751941011413121 -0.00014774149631631737
leaf_weight=2102 3251 2032 2520 3062 2140
leaf_count=2102 3251 2032 2520 3062 2140
internal_value=4.85627e-05 8.25946e-05 0.000146128 8.15452e-05 -5.19179e-05
internal_weight=15107 13005 8833 6313 4172
internal_count=15107 13005 8833 6313 4172
is_linear=0
shrinkage=0.05


Tree=206
num_leaves=6
num_cat=0
split_feature=4 0 1 14 15
split_gain=0.0629338 0.109678 0.0959908 0.0887808 0.0134435
threshold=2665.0000000000005 0.30055582750000004 57.500000000000007 0.013226920192239202 145.68026571738184
decision_type=10 2 2 2 2
left_child=2 3 -1 4 -2
right_child=1 -3 -4 -5 -6
leaf_value=-0.00040912347208995714 0.00014646315038736724 0.00028969838791362729 2.7958226222987834e-05 -0.00031577646042948299 -2.3282175724586356e-05
leaf_weight=2534 2045 2807 2491 2554 2715
leaf_count=2534 2045 2807 2491 2554 2715
internal_value=-4.78066e-05 2.40091e-05 -0.000192453 -7.79583e-05 4.96441e-05
internal_weight=15146 10121 5025 7314 4760
internal_count=15146 10121 5025 7314 4760
is_linear=0
shrinkage=0.05


Tree=207
num_leaves=5
num_cat=0
split_feature=3 3 14 14
split_gain=0.0543286 0.0896058 0.149272 0.0380431
threshold=0.81300265300000019 0.12071710450000002 0.033964007344617006 0.010684573751964429
decision_type=2 2 2 2
left_child=1 -1 3 -3
right_child=-2 2 -4 -5
leaf_value=0.00019753816165931764 0.00017012960580597329 -0.00013032476639743867 -0.00048347133462905165 0.00011931136784157824
leaf_weight=2811 3917 2973 2188 3136
leaf_count=2811 3917 2973 2188 3136
internal_value=1.00198e-05 -4.64396e-05 -0.000129099 -2.17631e-06
internal_weight=15025 11108 8297 6109
internal_count=15025 11108 8297 6109
is_linear=0
shrinkage=0.05


Tree=208
num_leaves=6
num_cat=0
split_feature=1 15 1 14 15
split_gain=0.0393414 0.0723929 0.0721251 0.0685181 0.0378677
threshold=61.500000000000007 192.45629773935647 70.500000000000014 0.02412407935488747 329.17065811819378
decision_type=2 2 2 2 2
left_child=1 3 -2 -1 -3
right_child=2 4 -4 -5 -6
leaf_value=6.0251718214298977e-05 -0.00024593986738635646 -0.00021867568359071988 0.00014111455839856761 0.00039846516007174143 8.4356296571335527e-05
leaf_weight=3497 2749 2046 2141 2619 2078
leaf_count=3497 2749 2046 2141 2619 2078
internal_value=4.01983e-05 9.59143e-05 -7.64749e-05 0.000205082 -6.5984e-05
internal_weight=15130 10240 4890 6116 4124
internal_count=15130 10240 4890 6116 4124
is_linear=0
shrinkage=0.05


Tree=209
num_leaves=6
num_cat=0
split_feature=3 3 0 4 15
split_gain=0.0468962 0.0776135 0.105582 0.0561023 0.0240536
threshold=0.082359436500000008 0.30416070950000001 0.030698496000000002 7000.5000000000009 163.70562771812314
decision_type=2 2 2 8 2
left_child=-1 4 -3 -4 -2
right_child=1 2 3 -5 -6
leaf_value=0.0002144192974189936 -8.6135576621334327e-05 0.00034769041917142809 -0.00021119545452323127 8.7963269632959743e-05 -0.00032316424774627312
leaf_weight=2265 2114 2261 2919 3384 2168
leaf_count=2265 2114 2261 2919 3384 2168
internal_value=4.64994e-06 -3.23365e-05 5.45675e-05 -5.0581e-05 -0.000206144
internal_weight=15111 12846 8564 6303 4282
internal_count=15111 12846 8564 6303 4282
is_linear=0
shrinkage=0.05


Tree=210
num_leaves=7
num_cat=0
split_feature=14 14 4 3 14 4
split_gain=0.0656763 0.057478 0.0286331 0.0259091 0.0162711 0.0104589
threshold=0.046476333403236529 0.025810182647400624 8402.0000000000018 0.14336010850000003 0.0080045998427901843 3499.5000000000005
decision_type=2 2 10 2 2 10
left_child=1 2 3 -1 -5 -6
right_child=-2 -3 -4 4 5 -7
leaf_value=-0.00015969879255749893 -0.0002146547639908656 0.00030341906119105226 0.00019680165418879764 -6.4856497242050286e-05 0.00018676404426078527 2.5622400930849291e-05
leaf_weight=2024 2033 2557 2253 2143 2001 2027
leaf_count=2024 2033 2557 2253 2143 2001 2027
internal_value=4.96261e-05 9.09397e-05 3.89383e-05 -4.46203e-06 4.64534e-05 0.000105673
internal_weight=15038 13005 10448 8195 6171 4028
internal_count=15038 13005 10448 8195 6171 4028
is_linear=0
shrinkage=0.05


Tree=211
num_leaves=6
num_cat=0
split_feature=3 15 3 1 4
split_gain=0.0643791 0.0657694 0.0644712 0.0862512 0.0342822
threshold=0.082359436500000008 375.92857016900012 0.49425377900000006 55.500000000000007 5703.0000000000009
decision_type=2 2 2 2 10
left_child=-1 2 4 -4 -2
right_child=1 -3 3 -5 -6
leaf_value=0.00023675308800303308 -0.00025213542575781129 -0.0003081013280615171 0.00034428949268871812 -8.2325657502005487e-05 -9.8567844726497512e-06
leaf_weight=2282 2493 2090 2430 2312 3524
leaf_count=2282 2493 2090 2430 2312 3524
internal_value=-7.97592e-06 -5.14401e-05 -1.58215e-06 0.00013629 -0.000110239
internal_weight=15131 12849 10759 4742 6017
internal_count=15131 12849 10759 4742 6017
is_linear=0
shrinkage=0.05


Tree=212
num_leaves=6
num_cat=0
split_feature=5 0 3 3 5
split_gain=0.0562579 0.127094 0.103749 0.0396581 0.014186
threshold=12.500000000000002 0.18427206200000004 0.38337337400000004 0.5061935915000001 6.5000000000000009
decision_type=2 2 2 2 2
left_child=1 3 -3 4 -1
right_child=-2 2 -4 -5 -6
leaf_value=5.9459199089571293e-05 0.00018604766609545047 -4.5806979526012806e-05 -0.00053436884191710484 0.00020593875363556077 -0.00010481716789018272
leaf_weight=2498 2756 2253 2099 2798 2773
leaf_count=2498 2756 2253 2099 2798 2773
internal_value=-1.83177e-05 -6.36628e-05 -0.000281444 5.3797e-05 -2.69643e-05
internal_weight=15177 12421 4352 8069 5271
internal_count=15177 12421 4352 8069 5271
is_linear=0
shrinkage=0.05


Tree=213
num_leaves=5
num_cat=0
split_feature=14 0 0 0
split_gain=0.0827686 0.0332726 0.0749921 0.0224856
threshold=0.040665281546811406 0.18427206200000004 0.051562532000000008 0.021831676500000004
decision_type=2 2 2 2
left_child=1 2 3 -1
right_child=-2 -3 -4 -5
leaf_value=-2.2258926743573066e-05 0.00028279472160963072 -0.00017101525224621423 0.00019686879760059522 -0.00022803053984765773
leaf_weight=3788 2516 3185 3559 2044
leaf_count=3788 2516 3185 3559 2044
internal_value=2.10093e-05 -3.13644e-05 1.59988e-05 -9.43778e-05
internal_weight=15092 12576 9391 5832
internal_count=15092 12576 9391 5832
is_linear=0
shrinkage=0.05


Tree=214
num_leaves=6
num_cat=0
split_feature=1 15 1 15 1
split_gain=0.0653901 0.0562981 0.0517097 0.0532253 0.0384016
threshold=48.500000000000007 103.1465783940161 55.500000000000007 220.93481647201696 65.500000000000014
decision_type=2 2 2 2 2
left_child=1 -1 -2 4 -4
right_child=2 -3 3 -5 -6
leaf_value=4.6160115158085357e-05 0.00024754870697710565 -0.00028590851043169699 -0.00025990284606163992 0.00016822902593336786 3.0569590411802671e-05
leaf_weight=2015 2502 3482 2342 2503 2213
leaf_count=2015 2502 3482 2342 2503 2213
internal_value=-2.67728e-05 -0.000164184 5.22387e-05 -1.6997e-05 -0.00011878
internal_weight=15057 5497 9560 7058 4555
internal_count=15057 5497 9560 7058 4555
is_linear=0
shrinkage=0.05


Tree=215
num_leaves=6
num_cat=0
split_feature=15 15 4 15 0
split_gain=0.0531099 0.088369 0.0506279 0.0383324 0.0766125
threshold=255.38272760957088 150.10323666306311 5757.0000000000009 39.49006424203268 0.093754162500000016
decision_type=2 2 10 2 2
left_child=1 3 -2 -1 -5
right_child=2 -3 -4 4 -6
leaf_value=0.00013402314362804957 -0.00028399113767474366 0.00029837644661071146 5.5532646702544932e-05 9.7605149317697446e-05 -0.00030721952108168172
leaf_weight=2736 2355 3241 2057 2375 2301
leaf_count=2736 2355 3241 2057 2375 2301
internal_value=2.0183e-05 8.05994e-05 -0.000125695 -1.46266e-05 -0.000101604
internal_weight=15065 10653 4412 7412 4676
internal_count=15065 10653 4412 7412 4676
is_linear=0
shrinkage=0.05


Tree=216
num_leaves=6
num_cat=0
split_feature=1 1 14 14 14
split_gain=0.0659603 0.076647 0.141629 0.0589697 0.0238437
threshold=54.500000000000007 39.500000000000007 0.024683041463863385 0.01443215099251546 0.0061485369884320016
decision_type=2 2 2 2 2
left_child=1 -1 -3 4 -2
right_child=3 2 -4 -5 -6
leaf_value=-8.7321195615180236e-05 -8.4104316988436225e-05 2.5578077404088982e-05 0.00056537028347270282 -0.00028671419649695004 0.00013150733473558026
leaf_weight=2638 2744 2984 2050 2325 2407
leaf_count=2638 2744 2984 2050 2325 2407
internal_value=2.79988e-05 0.000130993 0.000245398 -7.76959e-05 1.66484e-05
internal_weight=15148 7672 5034 7476 5151
internal_count=15148 7672 5034 7476 5151
is_linear=0
shrinkage=0.05


Tree=217
num_leaves=6
num_cat=0
split_feature=15 4 0 4 3
split_gain=0.0444512 0.0581237 0.115685 0.0495024 0.0485273
threshold=76.872127059277872 9001.0000000000018 0.30595714450000006 3750.5000000000005 0.32861532700000001
decision_type=2 10 2 10 2
left_child=3 2 4 -1 -2
right_child=1 -3 -4 -5 -6
leaf_value=-0.00029834971945733404 -0.00012558068593952756 -0.00016455244993897366 0.00044266397366930034 4.8377235918641943e-05 0.00014543302497681127
leaf_weight=2011 2987 2104 2195 2109 3695
leaf_count=2011 2987 2104 2195 2109 3695
internal_value=1.91869e-05 7.17325e-05 0.000127736 -0.000120863 2.4284e-05
internal_weight=15101 10981 8877 4120 6682
internal_count=15101 10981 8877 4120 6682
is_linear=0
shrinkage=0.05


Tree=218
num_leaves=6
num_cat=0
split_feature=15 14 1 15 3
split_gain=0.0573306 0.109533 0.0756149 0.0725578 0.0127287
threshold=202.05606833267842 0.022207051797759766 55.500000000000007 76.872127059277872 0.37374536950000004
decision_type=2 2 2 2 2
left_child=2 -2 3 -1 -4
right_child=1 -3 4 -5 -6
leaf_value=-1.3375613707523316e-05 3.2097807289316851e-05 -0.0004212571944989022 4.882143577748397e-06 0.0003753262493738814 -0.00016626567189725687
leaf_weight=2119 3765 2062 2196 2770 2150
leaf_count=2119 3765 2062 2196 2770 2150
internal_value=-5.52538e-06 -0.000128331 7.19611e-05 0.000206854 -7.9786e-05
internal_weight=15062 5827 9235 4889 4346
internal_count=15062 5827 9235 4889 4346
is_linear=0
shrinkage=0.05


Tree=219
num_leaves=6
num_cat=0
split_feature=14 0 0 4 4
split_gain=0.0447379 0.0303767 0.0481132 0.0400602 0.0140487
threshold=0.041158150674328181 0.18427206200000004 0.059212309500000004 5190.5000000000009 11404.000000000002
decision_type=2 2 2 8 8
left_child=1 2 3 -1 -5
right_child=-2 -3 -4 4 -6
leaf_value=0.00010811425729713767 0.0001994939815134478 -0.0001660608065853611 0.00017011830683266523 -0.00025396585911456084 -6.9404237643820192e-05
leaf_weight=2119 2471 3207 3188 2011 2116
leaf_count=2119 2471 3207 3188 2011 2116
internal_value=4.9126e-06 -3.31232e-05 1.20677e-05 -6.86024e-05 -0.000159337
internal_weight=15112 12641 9434 6246 4127
internal_count=15112 12641 9434 6246 4127
is_linear=0
shrinkage=0.05


Tree=220
num_leaves=5
num_cat=0
split_feature=5 1 14 4
split_gain=0.0549489 0.0822015 0.0771243 0.0687722
threshold=5.5000000000000009 49.500000000000007 0.011232086651081066 8651.5000000000018
decision_type=2 2 2 8
left_child=2 -2 -1 -3
right_child=1 3 -4 -5
leaf_value=-6.14265112335604e-05 -0.00025752585271551163 0.00017569918293629868 0.00035827045711308301 -0.00014497090352151091
leaf_weight=2354 3944 3676 2046 3067
leaf_count=2354 3944 3676 2046 3067
internal_value=-1.49807e-05 -7.62082e-05 0.000133733 2.98449e-05
internal_weight=15087 10687 4400 6743
internal_count=15087 10687 4400 6743
is_linear=0
shrinkage=0.05


Tree=221
num_leaves=6
num_cat=0
split_feature=0 0 15 4 4
split_gain=0.0585296 0.0812757 0.100939 0.0288133 0.0231904
threshold=0.44394948050000005 0.18427206200000004 81.476483848458386 5190.5000000000009 10753.000000000002
decision_type=2 2 2 8 8
left_child=1 2 -1 -4 -5
right_child=-2 -3 3 4 -6
leaf_value=-0.00024730595666651707 0.00020276212309545158 -0.0002999595538754354 0.00025826157332778474 -7.286615651844594e-05 0.00014588171684447388
leaf_weight=2794 2541 2762 2193 2351 2500
leaf_count=2794 2541 2762 2193 2351 2500
internal_value=-1.61468e-05 -6.02935e-05 6.99235e-06 0.00010786 3.98672e-05
internal_weight=15141 12600 9838 7044 4851
internal_count=15141 12600 9838 7044 4851
is_linear=0
shrinkage=0.05


Tree=222
num_leaves=6
num_cat=0
split_feature=4 4 15 15 15
split_gain=0.0554641 0.0687735 0.046399 0.0787308 0.0625354
threshold=3301.5000000000005 3702.5000000000005 155.23527848362593 72.104927149872509 270.456259926276
decision_type=8 10 2 2 2
left_child=-1 -2 3 -3 -4
right_child=1 2 4 -5 -6
leaf_value=0.00020267034374625494 -0.00023342786710690117 0.00012009089465353505 0.00033690764749738221 -0.00032014004280270735 -3.0844196873408849e-05
leaf_weight=2485 3803 2007 2034 2056 2678
leaf_count=2485 3803 2007 2034 2056 2678
internal_value=-1.31851e-05 -5.5831e-05 2.11378e-05 -0.000102679 0.000127901
internal_weight=15063 12578 8775 4063 4712
internal_count=15063 12578 8775 4063 4712
is_linear=0
shrinkage=0.05


Tree=223
num_leaves=6
num_cat=0
split_feature=15 14 4 14 1
split_gain=0.0632634 0.0560084 0.0437251 0.095274 0.0170275
threshold=241.99105517080818 0.015396367575775815 5567.5000000000009 0.024683041463863385 58.500000000000007
decision_type=2 2 10 2 2
left_child=2 -2 3 4 -1
right_child=1 -3 -4 -5 -6
leaf_value=-0.00011056376410605645 -1.9154790872647055e-05 -0.00036568205002100105 -7.9809474235382756e-05 0.00039723157175255405 8.9373610819527729e-05
leaf_weight=2039 2729 2036 3887 2228 2229
leaf_count=2039 2729 2036 3887 2228 2229
internal_value=-1.6386e-05 -0.00016722 5.28351e-05 0.000132205 -6.14474e-06
internal_weight=15148 4765 10383 6496 4268
internal_count=15148 4765 10383 6496 4268
is_linear=0
shrinkage=0.05


Tree=224
num_leaves=5
num_cat=0
split_feature=14 14 15 3
split_gain=0.0427416 0.0238685 0.0293096 0.0597266
threshold=0.030828982106189499 0.0068735729270814738 145.68026571738184 0.32334034500000003
decision_type=2 2 2 2
left_child=1 -1 -3 -4
right_child=-2 2 3 -5
leaf_value=-5.9734345801646331e-05 -0.00014070604218612023 0.00019989314043481778 -0.00018519080656279391 0.00019303915030514281
leaf_weight=3246 3718 3876 2033 2145
leaf_count=3246 3718 3876 2033 2145
internal_value=6.34699e-06 5.47313e-05 0.000100864 8.99379e-06
internal_weight=15018 11300 8054 4178
internal_count=15018 11300 8054 4178
is_linear=0
shrinkage=0.05


Tree=225
num_leaves=6
num_cat=0
split_feature=1 1 4 7 4
split_gain=0.0715408 0.107896 0.0886845 0.0423496 0.0472257
threshold=48.500000000000007 54.500000000000007 5416.5000000000009 1.0000000180025095e-35 8998.5000000000018
decision_type=2 2 10 2 8
left_child=2 -2 -1 -3 -5
right_child=1 3 -4 4 -6
leaf_value=-0.00032452641526892678 0.00038385958894253863 0.00013555572180943756 8.4765559376559442e-05 3.9045821500974224e-05 -0.00028144957454331496
leaf_weight=3180 2159 2803 2267 2458 2159
leaf_count=3180 2159 2803 2267 2458 2159
internal_value=-9.50286e-06 7.27676e-05 -0.000154182 -1.7751e-05 -0.000110824
internal_weight=15026 9579 5447 7420 4617
internal_count=15026 9579 5447 7420 4617
is_linear=0
shrinkage=0.05


Tree=226
num_leaves=6
num_cat=0
split_feature=15 14 15 15 1
split_gain=0.0411323 0.0665648 0.0387066 0.0457803 0.0194042
threshold=257.45869476310025 0.038414166067966431 57.196012733428454 158.20769384683535 55.500000000000007
decision_type=2 2 2 2 2
left_child=1 2 -1 -4 -2
right_child=4 -3 3 -5 -6
leaf_value=-0.00015062121874297228 -0.00020975034052513947 0.00031998585641401935 0.0001931477214572523 -8.9477464957719486e-05 4.2766981804822936e-07
leaf_weight=2652 2339 2138 3549 2403 2070
leaf_count=2652 2339 2138 3549 2403 2070
internal_value=1.75189e-05 7.02988e-05 8.25424e-06 7.90435e-05 -0.000111073
internal_weight=15151 10742 8604 5952 4409
internal_count=15151 10742 8604 5952 4409
is_linear=0
shrinkage=0.05


Tree=227
num_leaves=6
num_cat=0
split_feature=1 14 0 0 1
split_gain=0.0533424 0.1244 0.0676363 0.0340543 0.0202127
threshold=48.500000000000007 0.022835292694238878 0.18427206200000004 0.081013630500000017 65.500000000000014
decision_type=2 2 2 2 2
left_child=2 3 -1 4 -2
right_child=1 -3 -4 -5 -6
leaf_value=8.4711464987344645e-05 -0.00014895064144886474 0.00042232072588371588 -0.00026882341239450967 0.00018143436386314736 5.8367923852812745e-05
leaf_weight=3147 2663 2609 2373 2172 2105
leaf_count=3147 2663 2609 2373 2172 2105
internal_value=5.64595e-05 0.000127984 -6.72701e-05 1.7332e-05 -5.74226e-05
internal_weight=15069 9549 5520 6940 4768
internal_count=15069 9549 5520 6940 4768
is_linear=0
shrinkage=0.05


Tree=228
num_leaves=6
num_cat=0
split_feature=5 0 5 0 0
split_gain=0.0360722 0.0574942 0.055022 0.0851131 0.0833663
threshold=4.5000000000000009 0.40980152950000004 8.5000000000000018 0.060249866000000006 0.046023174000000007
decision_type=2 2 2 2 2
left_child=-1 2 4 -4 -2
right_child=1 -3 3 -5 -6
leaf_value=0.0001595830157692534 0.00011093770907174991 -0.00026910994335425361 -8.3041322554536744e-05 0.00031394580858293037 -0.0003192629748971469
leaf_weight=3004 2170 2140 2587 2824 2341
leaf_count=3004 2170 2140 2587 2824 2341
internal_value=4.55246e-06 -3.40574e-05 1.66393e-05 0.000124146 -0.000112317
internal_weight=15066 12062 9922 5411 4511
internal_count=15066 12062 9922 5411 4511
is_linear=0
shrinkage=0.05


Tree=229
num_leaves=6
num_cat=0
split_feature=14 14 15 15 15
split_gain=0.0685341 0.0750815 0.0210282 0.0359048 0.0343431
threshold=0.041158150674328181 0.022207051797759766 82.431973513092785 158.20769384683535 303.30327684885759
decision_type=2 2 2 2 2
left_child=1 2 -1 -4 -5
right_child=-2 -3 3 4 -6
leaf_value=-8.2802638592912258e-05 0.00025445018098772375 -0.00024559876085843656 0.00025696780726269092 -0.0001201954460882976 0.00014810834294892451
leaf_weight=2668 2465 3143 2064 2507 2275
leaf_count=2668 2465 3143 2064 2507 2275
internal_value=1.32511e-05 -3.37233e-05 3.62708e-05 8.26757e-05 7.44803e-06
internal_weight=15122 12657 9514 6846 4782
internal_count=15122 12657 9514 6846 4782
is_linear=0
shrinkage=0.05


Tree=230
num_leaves=6
num_cat=0
split_feature=14 1 14 15 1
split_gain=0.0558443 0.083398 0.051069 0.0183285 0.0159273
threshold=0.046476333403236529 41.500000000000007 0.022207051797759766 177.79618684417935 60.500000000000007
decision_type=2 2 2 2 2
left_child=1 -1 3 4 -3
right_child=-2 2 -4 -5 -6
leaf_value=0.00027014863838688432 -0.0002708137730120198 3.7758788703240088e-05 -0.00025196951693658869 8.7971993221366075e-05 -0.00015303283587060271
leaf_weight=2445 2102 2081 2488 3754 2306
leaf_count=2445 2102 2081 2488 3754 2306
internal_value=-3.16097e-05 6.84889e-06 -5.37182e-05 6.87006e-06 -6.25297e-05
internal_weight=15176 13074 10629 8141 4387
internal_count=15176 13074 10629 8141 4387
is_linear=0
shrinkage=0.05


Tree=231
num_leaves=7
num_cat=0
split_feature=14 0 0 14 9 0
split_gain=0.0462163 0.0648862 0.0391663 0.0363901 0.0236642 0.0182934
threshold=0.046476333403236529 0.30595714450000006 0.0046648860000000009 0.0098511074846314734 1.0000000180025095e-35 0.041238561000000014
decision_type=2 2 2 2 10 2
left_child=1 2 -1 5 -5 -4
right_child=-2 -3 3 4 -6 -7
leaf_value=0.00016406517507936506 -0.00024146452923567508 0.0002658072461146404 -7.9409866882188088e-05 -7.763944504801364e-05 -0.00030573366826550362 0.00012507498483041042
leaf_weight=2009 2057 2133 2180 2582 2032 2195
leaf_count=2009 2057 2133 2180 2582 2032 2195
internal_value=-2.10962e-05 1.3425e-05 -3.55231e-05 -8.01301e-05 -0.000178092 2.31831e-05
internal_weight=15188 13131 10998 8989 4614 4375
internal_count=15188 13131 10998 8989 4614 4375
is_linear=0
shrinkage=0.05


Tree=232
num_leaves=6
num_cat=0
split_feature=5 14 3 4 14
split_gain=0.0931085 0.110946 0.0636754 0.100551 0.0678527
threshold=9.5000000000000018 0.02412407935488747 0.24800291700000002 5351.5000000000009 0.022835292694238878
decision_type=2 2 2 10 2
left_child=2 -2 3 -1 -4
right_child=1 -3 4 -5 -6
leaf_value=-0.00017430718972344001 -1.2928979745179424e-05 0.00045332762888650652 -6.3648508022652548e-05 0.00032004045385929613 -0.0004226006204540258
leaf_weight=2109 3138 2150 3719 2008 2038
leaf_count=2109 3138 2150 3719 2008 2038
internal_value=7.33028e-06 0.000176642 -8.33443e-05 6.68029e-05 -0.000190719
internal_weight=15162 5288 9874 4117 5757
internal_count=15162 5288 9874 4117 5757
is_linear=0
shrinkage=0.05


Tree=233
num_leaves=6
num_cat=0
split_feature=4 3 15 15 3
split_gain=0.0516113 0.0654902 0.0545717 0.0721303 0.0310087
threshold=2665.0000000000005 35.500000000000007 67.208565310578635 138.08777733978482 0.30934101950000004
decision_type=10 2 2 2 2
left_child=1 -1 -2 -4 -5
right_child=2 -3 3 4 -6
leaf_value=-0.00035413409962199504 0.00027003051044150963 1.141714230583298e-05 -0.00026379686122979116 -1.699819738606059e-05 0.00021750480000711609
leaf_weight=2120 2255 2903 2052 3367 2425
leaf_count=2120 2255 2903 2052 3367 2425
internal_value=-1.18897e-05 -0.000142867 5.32552e-05 -9.06361e-06 8.11837e-05
internal_weight=15122 5023 10099 7844 5792
internal_count=15122 5023 10099 7844 5792
is_linear=0
shrinkage=0.05


Tree=234
num_leaves=6
num_cat=0
split_feature=4 4 3 1 1
split_gain=0.0791703 0.0349743 0.048934 0.0633613 0.0140503
threshold=3499.5000000000005 10833.500000000002 0.38026665000000009 50.500000000000007 59.500000000000007
decision_type=8 8 2 2 2
left_child=-1 2 3 -2 -3
right_child=1 4 -4 -5 -6
leaf_value=0.00025807075614436744 -0.00022208894138613387 0.00014375649846299078 -0.00029477063199787366 0.00013152485792907083 -2.904508827684714e-05
leaf_weight=2752 2214 2660 2353 2961 2109
leaf_count=2752 2214 2660 2353 2961 2109
internal_value=1.56483e-05 -3.86044e-05 -0.000105719 -1.97604e-05 6.73383e-05
internal_weight=15049 12297 7528 5175 4769
internal_count=15049 12297 7528 5175 4769
is_linear=0
shrinkage=0.05


Tree=235
num_leaves=6
num_cat=0
split_feature=1 4 0 4 4
split_gain=0.0426706 0.0511738 0.0942274 0.0481677 0.0331543
threshold=37.500000000000007 1666.5000000000002 0.23941253600000004 8402.0000000000018 5190.5000000000009
decision_type=2 10 2 10 10
left_child=-1 -2 3 4 -3
right_child=1 2 -4 -5 -6
leaf_value=0.00022466381506740875 -0.00018023780698157084 -2.9225086887177743e-05 0.00028066412401409491 0.00014147412613025147 -0.00030033527144438665
leaf_weight=2131 3497 2502 2906 2029 2053
leaf_count=2131 3497 2502 2906 2029 2053
internal_value=1.72919e-05 -1.67352e-05 4.35144e-05 -6.11571e-05 -0.000151418
internal_weight=15118 12987 9490 6584 4555
internal_count=15118 12987 9490 6584 4555
is_linear=0
shrinkage=0.05


Tree=236
num_leaves=5
num_cat=0
split_feature=14 1 7 4
split_gain=0.0654852 0.0490996 0.0468706 0.0333714
threshold=0.041158150674328181 46.500000000000007 1.5000000000000002 4250.5000000000009
decision_type=2 2 2 10
left_child=1 -1 3 -3
right_child=-2 2 -4 -5
leaf_value=0.0001570733900984189 0.0002819737006330219 -9.3963892659100847e-05 -0.00024852070718158061 0.00013225425521190331
leaf_weight=3583 2470 3626 2447 2962
leaf_count=3583 2470 3626 2447 2962
internal_value=4.65378e-05 4.5077e-07 -6.16609e-05 7.745e-06
internal_weight=15088 12618 9035 6588
internal_count=15088 12618 9035 6588
is_linear=0
shrinkage=0.05


Tree=237
num_leaves=6
num_cat=0
split_feature=4 14 3 15 14
split_gain=0.050378 0.0919275 0.0702182 0.0511955 0.0556694
threshold=2665.0000000000005 0.038414166067966431 622.00000000000011 303.30327684885759 0.011885556907931303
decision_type=10 2 2 2 2
left_child=2 3 -1 4 -2
right_child=1 -3 -4 -5 -6
leaf_value=-0.00029957902669127973 3.6426884267772239e-05 0.00035401341713075352 8.0083226767949483e-05 0.0001975367062465306 -0.00027504231292492103
leaf_weight=2835 3428 2081 2135 2024 2467
leaf_count=2835 3428 2081 2135 2024 2467
internal_value=-6.37747e-06 5.82858e-05 -0.000136485 -1.94272e-05 -9.39199e-05
internal_weight=14970 10000 4970 7919 5895
internal_count=14970 10000 4970 7919 5895
is_linear=0
shrinkage=0.05


Tree=238
num_leaves=6
num_cat=0
split_feature=15 0 1 4 3
split_gain=0.0376457 0.135208 0.0643083 0.0362362 0.0106676
threshold=245.52103595603435 0.35046535850000005 52.500000000000007 7250.5000000000009 0.30071176650000003
decision_type=2 2 2 8 2
left_child=1 2 -1 -2 -4
right_child=3 -3 4 -5 -6
leaf_value=-0.00021264715016543401 2.5591120014042804e-05 0.00037160363521227815 -1.2528734683535704e-05 -0.00025332419562071871 0.0001425004635561915
leaf_weight=3586 2130 2415 2045 2569 2426
leaf_count=3586 2130 2415 2045 2569 2426
internal_value=-9.31552e-06 4.34449e-05 -5.49172e-05 -0.000126895 7.15913e-05
internal_weight=15171 10472 8057 4699 4471
internal_count=15171 10472 8057 4699 4471
is_linear=0
shrinkage=0.05


Tree=239
num_leaves=6
num_cat=0
split_feature=0 4 14 3 15
split_gain=0.0457147 0.0557743 0.101769 0.0616884 0.0435004
threshold=0.0046648860000000009 6455.0000000000009 0.031147200123485774 0.28442242700000003 105.22205902502878
decision_type=2 10 2 2 2
left_child=-1 2 4 -3 -2
right_child=1 3 -4 -5 -6
leaf_value=0.00024805756704577203 0.00012950760629292388 2.0856313831200842e-05 0.0003397710263966159 -0.00034926982259354366 -0.0001453304605413394
leaf_weight=2006 2308 2436 2441 2093 3827
leaf_count=2006 2308 2436 2441 2093 3827
internal_value=2.57754e-05 -8.24958e-06 6.671e-05 -0.000150191 -4.19358e-05
internal_weight=15111 13105 8576 4529 6135
internal_count=15111 13105 8576 4529 6135
is_linear=0
shrinkage=0.05


Tree=240
num_leaves=6
num_cat=0
split_feature=3 3 14 15 3
split_gain=0.0415557 0.0609809 0.0803039 0.0622315 0.0535256
threshold=0.15795920100000002 0.59160016250000014 0.010684573751964429 155.23527848362593 622.00000000000011
decision_type=2 2 2 2 2
left_child=-1 2 -2 -4 -3
right_child=1 4 3 -5 -6
leaf_value=-0.00015080584433649095 -8.4630359197434811e-05 -0.00024696034232681534 8.2124568445147576e-05 0.00046083925711941246 9.1738702806783726e-05
leaf_weight=3516 2505 2567 2176 2163 2138
leaf_count=3516 2505 2567 2176 2163 2138
internal_value=-3.01618e-07 4.55182e-05 0.00014078 0.000270915 -9.3052e-05
internal_weight=15065 11549 6844 4339 4705
internal_count=15065 11549 6844 4339 4705
is_linear=0
shrinkage=0.05


Tree=241
num_leaves=6
num_cat=0
split_feature=9 15 15 15 4
split_gain=0.0468635 0.0887357 0.14831 0.0961387 0.0739982
threshold=1.0000000180025095e-35 76.872127059277872 156.69683954208318 299.92467093816492 5401.5000000000009
decision_type=10 2 2 2 10
left_child=1 -1 -3 -4 -2
right_child=4 2 3 -5 -6
leaf_value=-0.00014899008171260543 -0.00029766763950396654 0.0005199812177649791 -0.00018704437884077988 0.00027348884677982438 7.0746719067432893e-05
leaf_weight=2588 2326 2319 2419 2132 3292
leaf_count=2588 2326 2319 2419 2132 3292
internal_value=3.25943e-05 0.000100536 0.000194535 2.87009e-05 -8.17865e-05
internal_weight=15076 9458 6870 4551 5618
internal_count=15076 9458 6870 4551 5618
is_linear=0
shrinkage=0.05


Tree=242
num_leaves=6
num_cat=0
split_feature=4 1 0 4 3
split_gain=0.0375401 0.0428454 0.0954089 0.0884109 0.0435364
threshold=3301.5000000000005 48.500000000000007 0.15308867200000004 8751.5000000000018 0.76068888800000012
decision_type=8 2 2 8 2
left_child=-1 2 -2 -3 -5
right_child=1 3 -4 4 -6
leaf_value=0.00015259693503905154 3.646842616678924e-05 0.00018257603082653427 -0.0004338322115634292 -0.00031380772231924341 3.5656335352358953e-06
leaf_weight=2538 2284 3870 2043 2046 2290
leaf_count=2538 2284 3870 2043 2046 2290
internal_value=-2.27623e-05 -5.82735e-05 -0.000185585 8.85741e-06 -0.000146191
internal_weight=15071 12533 4327 8206 4336
internal_count=15071 12533 4327 8206 4336
is_linear=0
shrinkage=0.05


Tree=243
num_leaves=6
num_cat=0
split_feature=4 0 14 0 14
split_gain=0.0478998 0.117129 0.0515039 0.0418891 0.0190169
threshold=2665.0000000000005 0.30595714450000006 0.01443215099251546 0.045232297000000012 0.0084869873714340047
decision_type=10 2 2 2 2
left_child=3 2 4 -1 -2
right_child=1 -3 -4 -5 -6
leaf_value=3.5976656720388413e-05 -4.8338638879534444e-05 0.00033958556816843108 -0.00023475942357330332 -0.00025705895311734368 0.00014710476442732532
leaf_weight=2134 2557 2704 2410 2846 2425
leaf_count=2134 2557 2704 2410 2846 2425
internal_value=-4.59136e-06 5.80028e-05 -4.50004e-05 -0.000131489 4.67939e-05
internal_weight=15076 10096 7392 4980 4982
internal_count=15076 10096 7392 4980 4982
is_linear=0
shrinkage=0.05


Tree=244
num_leaves=6
num_cat=0
split_feature=5 14 3 3 14
split_gain=0.0430873 0.0532844 0.0328764 0.0733469 0.0734197
threshold=13.500000000000002 0.030828982106189499 0.098001507000000015 0.43314913800000004 0.0098511074846314734
decision_type=2 2 2 2 2
left_child=1 2 -1 4 -4
right_child=-2 -3 3 -5 -6
leaf_value=-0.00015771187191213813 0.00020804534874827743 -0.00022013784298133932 3.2178705493452379e-06 -8.9930459327071862e-05 0.00042665017260328208
leaf_weight=2056 2125 2987 2057 3855 2038
leaf_count=2056 2125 2987 2057 3855 2038
internal_value=-6.78707e-07 -3.48154e-05 2.05072e-05 6.65975e-05 0.000213952
internal_weight=15118 12993 10006 7950 4095
internal_count=15118 12993 10006 7950 4095
is_linear=0
shrinkage=0.05


Tree=245
num_leaves=6
num_cat=0
split_feature=15 14 3 3 15
split_gain=0.0422941 0.121943 0.0483174 0.0360504 0.0326703
threshold=375.92857016900012 0.041158150674328181 0.30416070950000001 0.59160016250000014 139.38605505086821
decision_type=2 2 2 2 2
left_child=1 2 4 -4 -1
right_child=-2 -3 3 -5 -6
leaf_value=-1.9102753182093714e-05 -0.00017874161114785579 0.00039089957895565924 0.00021670649426803595 -3.605099645452637e-05 -0.00028208827481052525
leaf_weight=2518 2518 2127 2484 3265 2224
leaf_count=2518 2518 2127 2484 3265 2224
internal_value=8.35752e-06 4.56943e-05 -2.42944e-05 7.31592e-05 -0.000142443
internal_weight=15136 12618 10491 5749 4742
internal_count=15136 12618 10491 5749 4742
is_linear=0
shrinkage=0.05


Tree=246
num_leaves=6
num_cat=0
split_feature=0 4 7 0 4
split_gain=0.0517629 0.0537695 0.041403 0.0198146 0.0142885
threshold=0.18427206200000004 8494.5000000000018 1.5000000000000002 0.058216802500000005 3200.5000000000005
decision_type=2 8 2 2 10
left_child=2 -2 3 4 -1
right_child=1 -3 -4 -5 -6
leaf_value=-0.00017123127484692515 -3.4280993109572155e-05 -0.00036027202357840076 0.00020881948795061899 9.6430979540877511e-05 -8.621884018041745e-07
leaf_weight=2340 3359 2029 2558 2286 2596
leaf_count=2340 3359 2029 2558 2286 2596
internal_value=-3.25989e-05 -0.000157042 3.59593e-05 -2.5267e-05 -8.16287e-05
internal_weight=15168 5388 9780 7222 4936
internal_count=15168 5388 9780 7222 4936
is_linear=0
shrinkage=0.05


Tree=247
num_leaves=6
num_cat=0
split_feature=4 15 3 15 1
split_gain=0.038394 0.0707816 0.0878933 0.0748866 0.0321703
threshold=11133.500000000002 126.9753359530703 0.26325381350000004 280.27051462622904 59.500000000000007
decision_type=8 2 2 2 2
left_child=1 2 -1 -3 -2
right_child=4 3 -4 -5 -6
leaf_value=6.9290900626844365e-05 0.00025482397169696789 0.0002415013462242038 -0.00037117513602886949 -0.00011914640238531646 -8.7438610086357358e-06
leaf_weight=2002 2627 3259 2608 2578 2070
leaf_count=2002 2627 3259 2608 2578 2070
internal_value=1.99361e-05 -3.34461e-05 -0.000179892 8.22158e-05 0.000138668
internal_weight=15144 10447 4610 5837 4697
internal_count=15144 10447 4610 5837 4697
is_linear=0
shrinkage=0.05


Tree=248
num_leaves=6
num_cat=0
split_feature=14 15 14 3 14
split_gain=0.0401976 0.0587806 0.0301878 0.0454024 0.035722
threshold=0.025810182647400624 129.93111859274003 0.0098511074846314734 0.32615089550000004 0.0068735729270814738
decision_type=2 2 2 2 2
left_child=2 -2 4 -4 -1
right_child=1 -3 3 -5 -6
leaf_value=-9.996643865023503e-05 -9.0645927540277342e-05 0.00026690695917888386 -0.00033771490963322419 -2.9062758938116261e-05 0.00015685763208337283
leaf_weight=3236 2101 2538 2107 2742 2328
leaf_count=3236 2101 2538 2107 2742 2328
internal_value=-1.74475e-05 0.000104971 -7.19852e-05 -0.000163179 7.48979e-06
internal_weight=15052 4639 10413 4849 5564
internal_count=15052 4639 10413 4849 5564
is_linear=0
shrinkage=0.05


Tree=249
num_leaves=6
num_cat=0
split_feature=15 1 15 4 4
split_gain=0.0445223 0.0745441 0.0759687 0.0321278 0.0273633
threshold=255.38272760957088 55.500000000000007 71.081389311470943 3750.5000000000005 5401.5000000000009
decision_type=2 2 2 10 10
left_child=1 2 -1 -3 -2
right_child=4 3 -4 -5 -6
leaf_value=-6.1189248498780174e-05 -0.00025346689163060462 4.694744774025951e-05 0.0003209016755434961 -0.00020748908452297233 -4.2023662797455219e-06
leaf_weight=2025 2201 2464 3638 2499 2203
leaf_count=2025 2201 2464 3638 2499 2203
internal_value=4.89401e-06 6.02951e-05 0.000184272 -8.1168e-05 -0.000128778
internal_weight=15030 10626 5663 4963 4404
internal_count=15030 10626 5663 4963 4404
is_linear=0
shrinkage=0.05


Tree=250
num_leaves=5
num_cat=0
split_feature=4 1 3 3
split_gain=0.038755 0.0391233 0.0707184 0.0482102
threshold=13504.000000000002 61.500000000000007 0.45148709850000007 0.24800291700000002
decision_type=8 2 2 2
left_child=1 2 3 -1
right_child=-2 -3 -4 -5
leaf_value=0.00018521479047424688 -0.00010313260631876578 -6.5027315300425877e-05 0.00037888370788163281 -0.00010921959885162713
leaf_weight=2921 3969 3313 2218 2653
leaf_count=2921 3969 3313 2218 2653
internal_value=3.09704e-05 7.88997e-05 0.000140095 4.50759e-05
internal_weight=15074 11105 7792 5574
internal_count=15074 11105 7792 5574
is_linear=0
shrinkage=0.05


Tree=251
num_leaves=6
num_cat=0
split_feature=9 0 0 3 3
split_gain=0.0581443 0.0517008 0.0858275 0.0209553 0.0171484
threshold=1.5000000000000002 0.40271628200000004 0.11897878600000002 0.76068888800000012 0.16706753750000003
decision_type=10 2 2 2 2
left_child=1 2 3 4 -1
right_child=-2 -3 -4 -5 -6
leaf_value=-1.8351120334640471e-06 0.00024401258936176072 -0.00021882758906041514 0.000286534667161473 8.6344321005972277e-05 -0.00019110656159284647
leaf_weight=2279 3109 2181 2759 2159 2520
leaf_count=2279 3109 2181 2759 2159 2520
internal_value=5.14805e-05 1.17102e-06 5.05501e-05 -4.30229e-05 -0.000101223
internal_weight=15007 11898 9717 6958 4799
internal_count=15007 11898 9717 6958 4799
is_linear=0
shrinkage=0.05


Tree=252
num_leaves=6
num_cat=0
split_feature=14 15 4 14 15
split_gain=0.0512505 0.0424758 0.080356 0.0932251 0.0263803
threshold=0.046476333403236529 303.30327684885759 3443.0000000000005 0.011885556907931303 105.22205902502878
decision_type=2 2 10 2 2
left_child=1 2 4 -4 -1
right_child=-2 -3 3 -5 -6
leaf_value=0.00025334309101517522 -0.00025894361352197024 0.00017422350679299902 1.9533911495392474e-05 -0.00038341647585111549 1.2603801305624379e-06
leaf_weight=2101 2038 3043 3237 2579 2051
leaf_count=2101 2038 3043 3237 2579 2051
internal_value=-2.58028e-05 1.07156e-05 -3.91995e-05 -0.000159147 0.00012882
internal_weight=15049 13011 9968 5816 4152
internal_count=15049 13011 9968 5816 4152
is_linear=0
shrinkage=0.05


Tree=253
num_leaves=6
num_cat=0
split_feature=3 14 7 15 15
split_gain=0.068028 0.195738 0.0502206 0.037054 0.0882086
threshold=0.10935375300000001 0.042395505382465955 1.0000000180025095e-35 103.1465783940161 266.04382796807391
decision_type=2 2 2 2 2
left_child=-1 2 -2 -4 -5
right_child=1 -3 3 4 -6
leaf_value=0.00021205797646492376 0.0002290002739421637 -0.00051435116531841111 0.00011311788055129007 -0.00029431807317849848 0.00011432640900911503
leaf_weight=2677 2286 2034 2740 2976 2374
leaf_count=2677 2286 2034 2740 2976 2374
internal_value=-1.65409e-05 -6.58527e-05 2.20661e-05 -3.64075e-05 -0.000112987
internal_weight=15087 12410 10376 8090 5350
internal_count=15087 12410 10376 8090 5350
is_linear=0
shrinkage=0.05


Tree=254
num_leaves=6
num_cat=0
split_feature=4 4 15 0 15
split_gain=0.0273159 0.0416625 0.110875 0.073967 0.0168716
threshold=3702.5000000000005 8651.5000000000018 122.7761702687062 0.17850927350000004 159.34793064750895
decision_type=8 8 2 2 2
left_child=-1 2 -2 4 -3
right_child=1 3 -4 -5 -6
leaf_value=-0.00016238248200281221 -0.00016697245536674573 -7.13859752203645e-05 0.00027663059893936819 -0.00033554184356013181 0.00012940281810250141
leaf_weight=3086 2343 2004 3532 2009 2189
leaf_count=3086 2343 2004 3532 2009 2189
internal_value=-2.96226e-05 4.30111e-06 9.97179e-05 -8.60849e-05 3.34379e-05
internal_weight=15163 12077 5875 6202 4193
internal_count=15163 12077 5875 6202 4193
is_linear=0
shrinkage=0.05


Tree=255
num_leaves=5
num_cat=0
split_feature=14 3 4 0
split_gain=0.0760496 0.041306 0.0477643 0.0241851
threshold=0.040665281546811406 0.92529858850000013 5351.5000000000009 0.12531049800000002
decision_type=2 2 10 2
left_child=1 2 -1 -4
right_child=-2 -3 3 -5
leaf_value=-0.0002123874838526474 0.00027466728609926925 0.00012840484436400402 -6.6490800614689815e-05 0.00015065560936194903
leaf_weight=3891 2543 3245 3323 2088
leaf_count=3891 2543 3245 3323 2088
internal_value=2.53395e-05 -2.51938e-05 -7.87766e-05 1.73018e-05
internal_weight=15090 12547 9302 5411
internal_count=15090 12547 9302 5411
is_linear=0
shrinkage=0.05


Tree=256
num_leaves=6
num_cat=0
split_feature=14 14 0 1 14
split_gain=0.0657995 0.0498469 0.0322554 0.0184485 0.0148818
threshold=0.037319737678589364 0.01729465325404151 0.041238561000000014 58.500000000000007 0.0091480837449767032
decision_type=2 2 2 2 2
left_child=1 2 3 -1 -4
right_child=-2 -3 4 -5 -6
leaf_value=-0.00021114086414701275 -0.00021124184170750001 0.00021181402323405837 0.00018533507528089232 -1.1736894575124227e-05 -6.9972992507734778e-06
leaf_weight=2158 3045 3379 2013 2508 2010
leaf_count=2158 3045 3379 2013 2508 2010
internal_value=-3.54496e-06 4.88612e-05 -1.45084e-05 -0.00010396 8.92406e-05
internal_weight=15113 12068 8689 4666 4023
internal_count=15113 12068 8689 4666 4023
is_linear=0
shrinkage=0.05


Tree=257
num_leaves=6
num_cat=0
split_feature=5 15 0 0 14
split_gain=0.036863 0.0446971 0.106269 0.0824096 0.0318762
threshold=13.500000000000002 372.08839226053482 0.37765662200000011 0.093754162500000016 0.0084869873714340047
decision_type=2 2 2 2 2
left_child=1 2 3 4 -1
right_child=-2 -3 -4 -5 -6
leaf_value=-0.00010708174229822397 0.00015988873422289915 -0.00027196959223099872 0.00027534468060136055 -0.00032393754600587338 0.00013074062525247557
leaf_weight=2977 2129 2165 2339 2859 2675
leaf_count=2977 2129 2165 2339 2859 2675
internal_value=-3.29879e-05 -6.45387e-05 -2.31481e-05 -0.00010518 5.47573e-06
internal_weight=15144 13015 10850 8511 5652
internal_count=15144 13015 10850 8511 5652
is_linear=0
shrinkage=0.05


Tree=258
num_leaves=6
num_cat=0
split_feature=4 3 15 14 4
split_gain=0.0532358 0.0441817 0.0985225 0.198466 0.020383
threshold=3499.5000000000005 0.64700834600000012 185.08651479539785 0.01443215099251546 7250.5000000000009
decision_type=8 2 2 2 10
left_child=-1 2 3 -2 -4
right_child=1 -3 4 -5 -6
leaf_value=0.00019506655950649588 4.4679475545592024e-05 0.00010051824324898468 0.00018756508138029532 -0.00060567432721170137 -3.7197083754545308e-05
leaf_weight=2810 2485 3634 2003 2222 2032
leaf_count=2810 2485 3634 2003 2222 2032
internal_value=-1.39939e-06 -4.60074e-05 -0.000106917 -0.000262328 7.43763e-05
internal_weight=15186 12376 8742 4707 4035
internal_count=15186 12376 8742 4707 4035
is_linear=0
shrinkage=0.05


Tree=259
num_leaves=6
num_cat=0
split_feature=3 5 14 0 15
split_gain=0.0709314 0.0602432 0.169453 0.0388163 0.0295196
threshold=0.76068888800000012 5.5000000000000009 0.03070752170261323 0.10646670450000002 135.63526417719677
decision_type=2 2 2 2 2
left_child=1 -1 3 -3 -2
right_child=4 2 -4 -5 -6
leaf_value=0.0001355939876421083 0.00032650108035572407 -8.8275611124399571e-05 -0.00052312882437266907 0.00017645146094676423 5.5686263275223591e-05
leaf_weight=3038 2013 3842 2011 2165 2012
leaf_count=3038 2013 3842 2011 2165 2012
internal_value=1.14099e-05 -5.40173e-05 -0.000125861 7.13543e-06 0.000191127
internal_weight=15081 11056 8018 6007 4025
internal_count=15081 11056 8018 6007 4025
is_linear=0
shrinkage=0.05


Tree=260
num_leaves=5
num_cat=0
split_feature=14 5 15 0
split_gain=0.0475749 0.0346902 0.0629034 0.0567181
threshold=0.040286726804123721 7.5000000000000009 131.92818940762405 0.10072576300000001
decision_type=2 2 2 2
left_child=1 3 -3 -1
right_child=-2 2 -4 -5
leaf_value=1.7839051213286439e-05 0.00022277784250234771 -0.00011092643602177855 0.00020958602261554241 -0.00030208045883617682
leaf_weight=3946 2686 2665 3597 2135
leaf_count=3946 2686 2665 3597 2135
internal_value=3.20776e-05 -9.42128e-06 7.31814e-05 -9.44826e-05
internal_weight=15029 12343 6262 6081
internal_count=15029 12343 6262 6081
is_linear=0
shrinkage=0.05


Tree=261
num_leaves=6
num_cat=0
split_feature=15 0 4 3 4
split_gain=0.0694819 0.126363 0.0477639 0.0790595 0.0530498
threshold=372.08839226053482 0.37765662200000011 6201.0000000000009 0.31799734850000005 10753.000000000002
decision_type=2 2 8 2 8
left_child=1 2 3 -1 -4
right_child=-2 -3 4 -5 -6
leaf_value=-6.3562057370925446e-05 -0.00019853392556828478 0.0003970929621237827 -0.00027630713455627682 0.00036093034981643328 3.9084270289028024e-05
leaf_weight=2413 2529 2627 2273 2011 3225
leaf_count=2413 2529 2627 2273 2011 3225
internal_value=4.05576e-05 8.87417e-05 7.10102e-06 0.000129398 -9.13058e-05
internal_weight=15078 12549 9922 4424 5498
internal_count=15078 12549 9922 4424 5498
is_linear=0
shrinkage=0.05


Tree=262
num_leaves=6
num_cat=0
split_feature=4 4 14 0 0
split_gain=0.0612276 0.0445301 0.0497225 0.0362097 0.0129595
threshold=2869.5000000000005 3499.5000000000005 0.011885556907931303 0.30595714450000006 0.030698496000000002
decision_type=8 10 2 2 2
left_child=-1 -2 4 -4 -3
right_child=1 2 3 -5 -6
leaf_value=-0.00026568732691420417 0.00017043402667411196 -2.5544366316371124e-06 -0.00028716279504805553 -9.8359611019630262e-06 0.00017025768316710117
leaf_weight=2016 3955 2005 2267 2448 2364
leaf_count=2016 3955 2005 2267 2448 2364
internal_value=-9.25062e-06 3.03979e-05 -3.05712e-05 -0.000143176 9.09516e-05
internal_weight=15055 13039 9084 4715 4369
internal_count=15055 13039 9084 4715 4369
is_linear=0
shrinkage=0.05


Tree=263
num_leaves=6
num_cat=0
split_feature=15 1 14 4 14
split_gain=0.0636874 0.091364 0.0770217 0.0254501 0.0252598
threshold=123.79344595002867 52.500000000000007 0.025280486192390764 6660.5000000000009 0.0091480837449767032
decision_type=2 2 2 8 2
left_child=2 -2 3 -1 -3
right_child=1 4 -4 -5 -6
leaf_value=0.00013682764840108598 0.00027541767243780777 5.8409830522389511e-05 -0.00036763471636266123 -0.00010826895663165462 -0.00017137407295577585
leaf_weight=2023 3940 2548 2003 2223 2254
leaf_count=2023 3940 2548 2003 2223 2254
internal_value=9.83556e-06 9.69683e-05 -0.000112058 8.50693e-06 -4.94479e-05
internal_weight=14991 8742 6249 4246 4802
internal_count=14991 8742 6249 4246 4802
is_linear=0
shrinkage=0.05


Tree=264
num_leaves=6
num_cat=0
split_feature=4 14 14 4 0
split_gain=0.0280188 0.0786474 0.0546421 0.0361133 0.0296318
threshold=6455.0000000000009 0.025810182647400624 0.024944268232627843 7502.0000000000009 0.045232297000000012
decision_type=8 2 2 10 2
left_child=1 4 3 -2 -1
right_child=2 -3 -4 -5 -6
leaf_value=6.3615235999212773e-05 -0.00010167051408279801 0.00028903400541199965 -0.00028186801890254989 0.00014389928025397306 -0.00019873968291666953
leaf_weight=2249 3327 2534 2206 2722 2064
leaf_count=2249 3327 2534 2206 2722 2064
internal_value=-6.82563e-06 6.79545e-05 -6.8851e-05 8.83386e-06 -6.19356e-05
internal_weight=15102 6847 8255 6049 4313
internal_count=15102 6847 8255 6049 4313
is_linear=0
shrinkage=0.05


Tree=265
num_leaves=6
num_cat=0
split_feature=4 4 1 14 1
split_gain=0.0254138 0.0701987 0.0447921 0.0402982 0.0281351
threshold=6455.0000000000009 2665.0000000000005 55.500000000000007 0.015529734670191059 60.500000000000007
decision_type=10 10 2 2 2
left_child=1 4 -3 -2 -1
right_child=3 2 -4 -5 -6
leaf_value=-0.00021153680562778707 4.4927728455801634e-06 0.00029022347533091546 -1.2576503328676145e-05 -0.00028322940075189984 2.6731205754319519e-05
leaf_weight=2853 2939 2774 2182 2077 2190
leaf_count=2853 2939 2774 2182 2077 2190
internal_value=-2.28038e-05 2.32688e-05 0.000156908 -0.000114646 -0.000108065
internal_weight=15015 9999 4956 5016 5043
internal_count=15015 9999 4956 5016 5043
is_linear=0
shrinkage=0.05


Tree=266
num_leaves=6
num_cat=0
split_feature=4 0 1 1 14
split_gain=0.0422733 0.05774 0.0426923 0.0518614 0.0285602
threshold=2122.5000000000005 0.30055582750000004 46.500000000000007 57.500000000000007 0.0098511074846314734
decision_type=10 2 2 2 2
left_child=4 2 -2 -4 -1
right_child=1 -3 3 -5 -6
leaf_value=4.399688939448184e-05 0.0001985595076976942 0.00028152440276869194 -0.00024679270863189868 6.8524708577393087e-05 -0.00021047002816848107
leaf_weight=2059 2351 2907 2159 3293 2374
leaf_count=2059 2351 2907 2159 3293 2374
internal_value=3.75728e-05 9.13194e-05 2.04588e-05 -5.63415e-05 -9.22775e-05
internal_weight=15143 10710 7803 5452 4433
internal_count=15143 10710 7803 5452 4433
is_linear=0
shrinkage=0.05


Tree=267
num_leaves=5
num_cat=0
split_feature=14 3 14 1
split_gain=0.0686306 0.0472769 0.0832623 0.0292948
threshold=0.040665281546811406 0.92529858850000013 0.0098511074846314734 46.500000000000007
decision_type=2 2 2 2
left_child=1 2 -1 -4
right_child=-2 -3 3 -5
leaf_value=7.6685527362671519e-05 0.00023969433717029753 0.00012036591670765381 -9.5514863524289882e-05 -0.00032879385520814911
leaf_weight=3829 2546 3210 2383 3092
leaf_count=3829 2546 3210 2383 3092
internal_value=3.05596e-06 -4.50886e-05 -0.000102173 -0.000227259
internal_weight=15060 12514 9304 5475
internal_count=15060 12514 9304 5475
is_linear=0
shrinkage=0.05


Tree=268
num_leaves=6
num_cat=0
split_feature=15 14 3 3 14
split_gain=0.0456397 0.10387 0.0441131 0.0653405 0.0438979
threshold=375.92857016900012 0.041158150674328181 0.30416070950000001 0.59160016250000014 0.0098511074846314734
decision_type=2 2 2 2 2
left_child=1 2 4 -4 -1
right_child=-2 -3 3 -5 -6
leaf_value=-9.9309060789199005e-07 -0.00019653673673392273 0.00035737448610782189 0.00026144708818458089 -7.9920251281077686e-05 -0.00030665204735964955
leaf_weight=2585 2496 2112 2453 3271 2153
leaf_count=2585 2496 2112 2453 3271 2153
internal_value=-1.23817e-06 3.75295e-05 -2.70387e-05 6.63715e-05 -0.000139888
internal_weight=15070 12574 10462 5724 4738
internal_count=15070 12574 10462 5724 4738
is_linear=0
shrinkage=0.05


Tree=269
num_leaves=6
num_cat=0
split_feature=15 14 3 1 5
split_gain=0.0684646 0.11932 0.0429793 0.0996394 0.0550676
threshold=372.08839226053482 0.040665281546811406 0.44731228550000007 56.500000000000007 6.5000000000000009
decision_type=2 2 2 2 2
left_child=1 2 4 -4 -1
right_child=-2 -3 3 -5 -6
leaf_value=-0.00012221534684972855 -0.00024358873271442067 0.00038341019754023102 -0.00039908366756905293 9.2396311645119461e-05 0.0001786462409907229
leaf_weight=2580 2507 2132 2056 2069 3705
leaf_count=2580 2507 2132 2056 2069 3705
internal_value=-5.05188e-06 4.26289e-05 -2.71642e-05 -0.000152569 5.51422e-05
internal_weight=15049 12542 10410 4125 6285
internal_count=15049 12542 10410 4125 6285
is_linear=0
shrinkage=0.05


Tree=270
num_leaves=6
num_cat=0
split_feature=0 15 15 0 15
split_gain=0.0430144 0.0522468 0.0871487 0.0440811 0.0369126
threshold=0.52247448900000015 303.30327684885759 203.74865566665716 0.12764438550000004 81.476483848458386
decision_type=2 2 2 2 2
left_child=1 2 3 4 -1
right_child=-2 -3 -4 -5 -6
leaf_value=-0.0002564863640286629 -0.00029329293319128738 0.00013284557924999742 -0.00039943736626387306 0.00013391371657736441 7.7012098926295911e-06
leaf_weight=2456 2103 3016 2004 2696 2864
leaf_count=2456 2103 3016 2004 2696 2864
internal_value=-8.34565e-05 -4.96052e-05 -0.000104522 -3.07938e-05 -0.000114262
internal_weight=15139 13036 10020 8016 5320
internal_count=15139 13036 10020 8016 5320
is_linear=0
shrinkage=0.05


Tree=271
num_leaves=5
num_cat=0
split_feature=9 14 14 1
split_gain=0.064388 0.0473235 0.046628 0.0321199
threshold=1.0000000180025095e-35 0.01729465325404151 0.020428012353770921 56.500000000000007
decision_type=10 2 2 2
left_child=1 3 -2 -1
right_child=2 -3 -4 -5
leaf_value=-0.0001846514478904926 -7.3863451867832659e-06 0.00020698722131208221 -0.0002961235821759842 5.9860497524747793e-05
leaf_weight=2047 2788 3523 2805 3906
leaf_count=2047 2788 3523 2805 3906
internal_value=-1.76634e-05 6.17401e-05 -0.000152194 -2.42174e-05
internal_weight=15069 9476 5593 5953
internal_count=15069 9476 5593 5953
is_linear=0
shrinkage=0.05


Tree=272
num_leaves=5
num_cat=0
split_feature=1 4 3 14
split_gain=0.0657453 0.0722815 0.0268168 0.0470687
threshold=43.500000000000007 5300.5000000000009 0.6381647935000001 0.011885556907931303
decision_type=2 8 2 2
left_child=-1 -2 3 -3
right_child=1 2 -4 -5
leaf_value=-0.0001811684974339402 0.00024666541031009056 3.2657995710851101e-05 9.8951621954944369e-05 -0.00028154465180451536
leaf_weight=3723 3584 2935 2790 2007
leaf_count=3723 3584 2935 2790 2007
internal_value=1.09214e-06 6.10565e-05 -2.49785e-05 -9.49431e-05
internal_weight=15039 11316 7732 4942
internal_count=15039 11316 7732 4942
is_linear=0
shrinkage=0.05


Tree=273
num_leaves=6
num_cat=0
split_feature=1 15 14 1 1
split_gain=0.0633195 0.0625717 0.0883216 0.0737076 0.0727358
threshold=37.500000000000007 129.93111859274003 0.021446501348364729 53.500000000000007 64.500000000000014
decision_type=2 2 2 2 2
left_child=-1 2 -2 -3 -5
right_child=1 3 -4 4 -6
leaf_value=0.00028325183359405629 9.6949973665595113e-06 0.00027520499647138786 -0.0004047378664800089 -0.00023590246491991216 0.00016785708086922309
leaf_weight=2093 3567 2965 2010 2374 2104
leaf_count=2093 3567 2965 2010 2374 2104
internal_value=2.79909e-05 -1.3043e-05 -0.00013967 8.18382e-05 -4.6195e-05
internal_weight=15113 13020 5577 7443 4478
internal_count=15113 13020 5577 7443 4478
is_linear=0
shrinkage=0.05


Tree=274
num_leaves=6
num_cat=0
split_feature=4 4 15 15 5
split_gain=0.0257826 0.0597808 0.041163 0.0275622 0.0239822
threshold=2665.0000000000005 6455.0000000000009 120.75686448354433 202.05606833267842 7.5000000000000009
decision_type=10 10 2 2 2
left_child=2 4 -1 -3 -2
right_child=1 3 -4 -5 -6
leaf_value=4.4272648008597288e-05 4.1773299004896602e-05 1.3983821425570944e-05 -0.00024354063227334267 -0.00022011136150016026 0.00026091636681735945
leaf_weight=2321 2482 2787 2673 2291 2512
leaf_count=2321 2482 2787 2673 2291 2512
internal_value=-1.68874e-05 2.91701e-05 -0.000109777 -9.1631e-05 0.000152003
internal_weight=15066 10072 4994 5078 4994
internal_count=15066 10072 4994 5078 4994
is_linear=0
shrinkage=0.05


Tree=275
num_leaves=6
num_cat=0
split_feature=0 3 14 0 4
split_gain=0.0382269 0.0456998 0.11397 0.0656324 0.0309918
threshold=0.0046648860000000009 0.12071710450000002 0.037319737678589364 0.12764438550000004 7602.0000000000009
decision_type=2 2 2 2 8
left_child=-1 -2 3 4 -3
right_child=1 2 -4 -5 -6
leaf_value=0.0001825179419225158 0.00015548653739036567 -0.00026020199750563462 -0.00038082057633728701 0.00017018157955180744 -6.5715544888211933e-06
leaf_weight=2024 2222 2151 2616 3309 2737
leaf_count=2024 2222 2151 2616 3309 2737
internal_value=-1.96473e-05 -5.10384e-05 -9.34779e-05 -1.77504e-06 -0.000118183
internal_weight=15059 13035 10813 8197 4888
internal_count=15059 13035 10813 8197 4888
is_linear=0
shrinkage=0.05


Tree=276
num_leaves=6
num_cat=0
split_feature=15 3 5 4 5
split_gain=0.0489114 0.0864329 0.0605329 0.0469636 0.0725721
threshold=372.08839226053482 0.48353485500000004 8.5000000000000018 5651.5000000000009 8.5000000000000018
decision_type=2 2 2 10 2
left_child=1 3 -3 -1 -5
right_child=-2 2 -4 4 -6
leaf_value=-0.00016066430014768007 -0.00016681770554293339 8.0932941217536124e-05 0.00043636854102362192 0.00029656305564543435 -0.00011959497222685961
leaf_weight=3579 2491 2650 2186 2070 2121
leaf_count=3579 2491 2650 2186 2070 2121
internal_value=3.56387e-05 7.5645e-05 0.000241599 -2.76439e-05 8.59519e-05
internal_weight=15097 12606 4836 7770 4191
internal_count=15097 12606 4836 7770 4191
is_linear=0
shrinkage=0.05


Tree=277
num_leaves=6
num_cat=0
split_feature=0 14 0 4 0
split_gain=0.0410579 0.0860391 0.0466778 0.0284459 0.0142885
threshold=0.35046535850000005 0.022835292694238878 0.083739414000000026 5190.5000000000009 0.018648468000000005
decision_type=2 2 2 8 2
left_child=1 2 3 -1 -5
right_child=-2 -3 -4 4 -6
leaf_value=0.00010251316165150337 0.0001572588247236199 -0.00032181092211754883 0.00019540496246877085 -0.00021276553458475132 -3.4650139929794228e-05
leaf_weight=2168 3440 2190 2844 2111 2413
leaf_count=2168 3440 2190 2844 2111 2413
internal_value=5.36897e-06 -3.91902e-05 2.57153e-05 -4.64002e-05 -0.000117763
internal_weight=15166 11726 9536 6692 4524
internal_count=15166 11726 9536 6692 4524
is_linear=0
shrinkage=0.05


Tree=278
num_leaves=5
num_cat=0
split_feature=4 15 4 4
split_gain=0.0438708 0.0874952 0.0909186 0.0593197
threshold=9001.0000000000018 185.08651479539785 3702.5000000000005 3260.5000000000005
decision_type=10 2 10 10
left_child=1 3 -3 -1
right_child=-2 2 -4 -5
leaf_value=6.9777181426759175e-05 -0.00019164826051022723 -3.0488374875973308e-05 0.0003953978183817786 -0.00021319287868623471
leaf_weight=3596 2627 2375 2653 3819
leaf_count=3596 2627 2375 2653 3819
internal_value=-5.98171e-06 3.32167e-05 0.000194228 -7.59629e-05
internal_weight=15070 12443 5028 7415
internal_count=15070 12443 5028 7415
is_linear=0
shrinkage=0.05


Tree=279
num_leaves=6
num_cat=0
split_feature=14 5 0 5 15
split_gain=0.0800923 0.0622258 0.0309575 0.0316193 0.0240573
threshold=0.028598038407648563 8.5000000000000018 0.18144118850000002 6.5000000000000009 150.10323666306311
decision_type=2 2 2 2 2
left_child=2 -2 3 -1 -5
right_child=1 -3 -4 4 -6
leaf_value=0.00011915004993686009 0.00042199449227479891 2.962003376601195e-05 -0.00020458552583445507 -0.00018368211387592104 3.1151939438091277e-05
leaf_weight=3731 2037 2005 2118 2494 2729
leaf_count=3731 2037 2005 2118 2494 2729
internal_value=3.68624e-05 0.00022736 -3.26818e-05 7.98071e-06 -7.1432e-05
internal_weight=15114 4042 11072 8954 5223
internal_count=15114 4042 11072 8954 5223
is_linear=0
shrinkage=0.05


Tree=280
num_leaves=6
num_cat=0
split_feature=4 1 14 15 4
split_gain=0.0634671 0.0753042 0.090371 0.0265166 0.0162457
threshold=2665.0000000000005 55.500000000000007 0.026258552990754341 120.75686448354433 6604.0000000000009
decision_type=10 2 2 2 10
left_child=3 2 -2 -1 -3
right_child=1 4 -4 -5 -6
leaf_value=-3.634393290983564e-06 5.04864771243672e-05 -0.00015610462028658659 0.00045760386067422894 -0.0002335255363860462 3.7439711435908386e-05
leaf_weight=2351 3470 2318 2245 2689 2037
leaf_count=2351 3470 2318 2245 2689 2037
internal_value=1.85591e-05 9.10549e-05 0.000210413 -0.000126289 -6.55765e-05
internal_weight=15110 10070 5715 5040 4355
internal_count=15110 10070 5715 5040 4355
is_linear=0
shrinkage=0.05


Tree=281
num_leaves=6
num_cat=0
split_feature=4 0 1 4 4
split_gain=0.0481582 0.078636 0.0445486 0.0441898 0.0193131
threshold=3702.5000000000005 0.30595714450000006 60.500000000000007 8402.0000000000018 5703.0000000000009
decision_type=10 2 2 10 10
left_child=2 3 -1 4 -2
right_child=1 -3 -4 -5 -6
leaf_value=-0.00019960827904845114 1.2859433909598055e-05 0.00033983886669663533 6.8696607555697694e-05 0.00017730175349828795 -0.00020415221408351687
leaf_weight=3692 2045 2367 2663 2315 2056
leaf_count=3692 2045 2367 2663 2315 2056
internal_value=1.7664e-05 9.3523e-05 -8.71778e-05 2.65183e-06 -9.59374e-05
internal_weight=15138 8783 6355 6416 4101
internal_count=15138 8783 6355 6416 4101
is_linear=0
shrinkage=0.05


Tree=282
num_leaves=7
num_cat=0
split_feature=4 5 14 3 14 15
split_gain=0.0504073 0.0646814 0.0917242 0.0451167 0.121627 0.00919442
threshold=9901.5000000000018 11.500000000000002 0.037319737678589364 0.13707213600000004 0.01443215099251546 149.08523252516849
decision_type=10 2 2 2 2 2
left_child=1 2 3 -1 5 -5
right_child=-2 -3 -4 4 -6 -7
leaf_value=-0.00025251275047875698 0.00018814682918134003 0.00015332709387433604 -0.00042724237085187795 -7.1767085384385617e-05 0.00031748439299312034 -0.00022320866182332991
leaf_weight=2108 2200 2576 2038 2000 2164 2009
leaf_count=2108 2200 2576 2038 2000 2164 2009
internal_value=-3.30604e-05 -7.08003e-05 -0.000126751 -5.27981e-05 1.54019e-05 -0.000147658
internal_weight=15095 12895 10319 8281 6173 4009
internal_count=15095 12895 10319 8281 6173 4009
is_linear=0
shrinkage=0.05


Tree=283
num_leaves=6
num_cat=0
split_feature=14 3 14 14 5
split_gain=0.0962703 0.0344344 0.0520387 0.0262067 0.0208982
threshold=0.037319737678589364 0.44731228550000007 0.015110870123569533 0.011631852661456764 8.5000000000000018
decision_type=2 2 2 2 2
left_child=1 2 4 -3 -1
right_child=-2 3 -4 -5 -6
leaf_value=-8.2958350176708445e-05 -0.00030508504812571134 1.2728946874912776e-05 0.00028901932946702615 -0.00022688995220023555 0.00012049835446812323
leaf_weight=3353 3058 2455 2063 2132 2024
leaf_count=3353 3058 2455 2063 2132 2024
internal_value=-5.45876e-05 9.10421e-06 7.55344e-05 -9.8644e-05 -6.37357e-06
internal_weight=15085 12027 7440 4587 5377
internal_count=15085 12027 7440 4587 5377
is_linear=0
shrinkage=0.05


Tree=284
num_leaves=6
num_cat=0
split_feature=0 14 0 1 0
split_gain=0.0434242 0.0626669 0.0426067 0.0205768 0.0151836
threshold=0.40980152950000004 0.018368184544794424 0.03132371300000001 56.500000000000007 0.0066562860000000008
decision_type=2 2 2 2 2
left_child=1 2 4 -4 -1
right_child=-2 -3 3 -5 -6
leaf_value=-4.1357852977996426e-05 -0.00016790937639664272 0.00022963756861435025 -3.0135580546687958e-05 0.00017952989025474383 -0.00023410653277358738
leaf_weight=2010 2818 3471 2200 2500 2078
leaf_count=2010 2818 3471 2200 2500 2078
internal_value=9.07522e-06 4.9759e-05 -2.12877e-05 8.13886e-05 -0.000139335
internal_weight=15077 12259 8788 4700 4088
internal_count=15077 12259 8788 4700 4088
is_linear=0
shrinkage=0.05


Tree=285
num_leaves=6
num_cat=0
split_feature=4 1 14 1 4
split_gain=0.0376371 0.0563936 0.116785 0.0906501 0.0281748
threshold=3443.0000000000005 48.500000000000007 0.02112089312688822 55.500000000000007 4900.5000000000009
decision_type=8 2 2 2 10
left_child=-1 2 -2 -3 -5
right_child=1 3 -4 4 -6
leaf_value=0.00016372592652558074 8.2319054550353285e-05 0.00030537868978360234 -0.00044253389229903235 4.4228971771873823e-05 -0.00017427091538274532
leaf_weight=2716 2046 2248 2199 2880 3025
leaf_count=2716 2046 2248 2199 2880 3025
internal_value=-4.85156e-06 -4.17814e-05 -0.000189566 3.51651e-05 -6.77037e-05
internal_weight=15114 12398 4245 8153 5905
internal_count=15114 12398 4245 8153 5905
is_linear=0
shrinkage=0.05


Tree=286
num_leaves=6
num_cat=0
split_feature=1 1 14 5 0
split_gain=0.0469092 0.0854497 0.100701 0.0759661 0.0378675
threshold=45.500000000000007 54.500000000000007 0.020428012353770921 6.5000000000000009 0.03132371300000001
decision_type=2 2 2 2 2
left_child=3 -2 4 -1 -3
right_child=1 2 -4 -5 -6
leaf_value=4.4388801272346152e-05 0.00023039970856404639 -0.00010365732579518488 -0.00037561401357480472 -0.00037313244344466513 0.00016075119605284783
leaf_weight=2037 3227 2575 2054 2342 2856
leaf_count=2037 3227 2575 2054 2342 2856
internal_value=-4.10364e-05 1.53264e-05 -7.73979e-05 -0.000178912 3.53872e-05
internal_weight=15091 10712 7485 4379 5431
internal_count=15091 10712 7485 4379 5431
is_linear=0
shrinkage=0.05


Tree=287
num_leaves=5
num_cat=0
split_feature=14 3 14 0
split_gain=0.0466081 0.0599678 0.0754064 0.0352418
threshold=0.041158150674328181 0.92529858850000013 0.02412407935488747 0.051562532000000008
decision_type=2 2 2 2
left_child=1 2 3 -1
right_child=-2 -3 -4 -5
leaf_value=-0.00010469664156491343 0.00022178124279403902 0.00017152658860233484 -0.00034788072130495398 0.00011491318477616693
leaf_weight=3995 2486 3209 2039 3366
leaf_count=3995 2486 3209 2039 3366
internal_value=2.39141e-05 -1.50976e-05 -7.88079e-05 -4.2746e-06
internal_weight=15095 12609 9400 7361
internal_count=15095 12609 9400 7361
is_linear=0
shrinkage=0.05


Tree=288
num_leaves=6
num_cat=0
split_feature=15 3 0 15 0
split_gain=0.0416743 0.0545046 0.0977605 0.0385718 0.0439105
threshold=39.49006424203268 0.11690437300000002 0.40980152950000004 329.17065811819378 0.032797807500000005
decision_type=2 2 2 2 2
left_child=-1 -2 3 4 -3
right_child=1 2 -4 -5 -6
leaf_value=0.00015926177472925878 0.00016269687969409596 9.1568948955626645e-05 -0.00041529370215045552 0.00016010076163549422 -0.00019181911381436177
leaf_weight=2751 2318 2114 2040 2040 3868
leaf_count=2751 2318 2114 2040 2040 3868
internal_value=-1.67677e-05 -5.58838e-05 -0.000106239 -2.76457e-05 -9.16716e-05
internal_weight=15131 12380 10062 8022 5982
internal_count=15131 12380 10062 8022 5982
is_linear=0
shrinkage=0.05


Tree=289
num_leaves=6
num_cat=0
split_feature=3 3 3 3 15
split_gain=0.0606883 0.195948 0.0274515 0.0305982 0.0179004
threshold=0.92529858850000013 0.43314913800000004 0.29239664450000008 0.082359436500000008 169.07231082259847
decision_type=2 2 2 2 2
left_child=1 2 3 -1 -5
right_child=-2 -3 -4 4 -6
leaf_value=0.00016105831300604253 0.00019124512514783018 -0.00042497327922718232 0.00021167773455693035 3.801241363960762e-05 -0.00017295277046903661
leaf_weight=2302 3736 2572 2490 2010 2012
leaf_count=2302 3736 2572 2490 2010 2012
internal_value=1.63813e-05 -4.09954e-05 7.10526e-05 1.56831e-05 -6.75226e-05
internal_weight=15122 11386 8814 6324 4022
internal_count=15122 11386 8814 6324 4022
is_linear=0
shrinkage=0.05


Tree=290
num_leaves=6
num_cat=0
split_feature=4 14 14 0 1
split_gain=0.0422556 0.0664132 0.0280983 0.015737 0.00716914
threshold=11133.500000000002 0.037319737678589364 0.018368184544794424 0.097127906000000014 56.500000000000007
decision_type=8 2 2 2 2
left_child=1 2 4 -2 -1
right_child=3 -3 -4 -5 -6
leaf_value=-0.00013442036921260936 1.8822532013963927e-05 -0.00031098499941119978 0.00012941415834990172 0.00020364064461575647 -2.1147880740217278e-05
leaf_weight=2642 2694 2440 2417 2012 2964
leaf_count=2642 2694 2440 2417 2012 2964
internal_value=-2.65935e-05 -8.25605e-05 -1.30907e-05 9.78395e-05 -7.4531e-05
internal_weight=15169 10463 8023 4706 5606
internal_count=15169 10463 8023 4706 5606
is_linear=0
shrinkage=0.05


Tree=291
num_leaves=6
num_cat=0
split_feature=4 3 0 4 15
split_gain=0.0435761 0.0568437 0.0500911 0.0162024 0.0378773
threshold=2665.0000000000005 622.00000000000011 0.30595714450000006 8402.0000000000018 183.68319461142127
decision_type=10 2 2 10 2
left_child=1 -1 3 4 -2
right_child=2 -3 -4 -5 -6
leaf_value=-0.00024544390231518733 -0.00015481350519701409 9.3132841269632301e-05 0.00026476985515364981 0.00012328489976379644 0.00012103312398029184
leaf_weight=2874 2907 2180 2700 2297 2176
leaf_count=2874 2907 2180 2700 2297 2176
internal_value=2.04185e-05 -9.94017e-05 8.0495e-05 1.30773e-05 -3.67253e-05
internal_weight=15134 5054 10080 7380 5083
internal_count=15134 5054 10080 7380 5083
is_linear=0
shrinkage=0.05


Tree=292
num_leaves=6
num_cat=0
split_feature=14 3 4 3 14
split_gain=0.032061 0.0440416 0.0404469 0.0259808 0.0207788
threshold=0.025280486192390764 0.48353485500000004 7602.0000000000009 0.69932861300000015 0.0098511074846314734
decision_type=2 2 10 2 2
left_child=2 -2 3 4 -1
right_child=1 -3 -4 -5 -6
leaf_value=-5.4654640522091518e-05 -1.8328467158452555e-05 0.00028963596387867902 0.00013024712479281663 2.4075319574264511e-05 -0.00026138468311737753
leaf_weight=2278 2575 2114 2692 2895 2606
leaf_count=2278 2575 2114 2692 2895 2606
internal_value=1.18566e-05 0.000120515 -3.68015e-05 -9.46103e-05 -0.000164961
internal_weight=15160 4689 10471 7779 4884
internal_count=15160 4689 10471 7779 4884
is_linear=0
shrinkage=0.05


Tree=293
num_leaves=6
num_cat=0
split_feature=15 14 5 15 3
split_gain=0.0465267 0.0699856 0.0561984 0.0392008 0.0346446
threshold=39.49006424203268 0.041649424711665009 4.5000000000000009 303.30327684885759 0.42990029550000003
decision_type=2 2 2 2 2
left_child=-1 2 -2 4 -4
right_child=1 -3 3 -5 -6
leaf_value=0.00017926639693600959 -0.00023019369683089622 -0.00031921871944763002 9.523129300661376e-05 0.00023154082625781675 -0.00015095536275617518
leaf_weight=2729 2059 2005 3408 2409 2461
leaf_count=2729 2059 2005 3408 2409 2461
internal_value=-7.56124e-06 -4.88716e-05 3.56584e-06 6.17092e-05 -8.00015e-06
internal_weight=15071 12342 10337 8278 5869
internal_count=15071 12342 10337 8278 5869
is_linear=0
shrinkage=0.05


Tree=294
num_leaves=5
num_cat=0
split_feature=4 1 3 3
split_gain=0.0240437 0.0444163 0.121566 0.0354947
threshold=1499.0000000000002 54.500000000000007 0.33739266800000006 0.19730019750000002
decision_type=10 2 2 2
left_child=-1 2 -2 -3
right_child=1 3 -4 -5
leaf_value=-0.00012281863825835745 -7.6027575670531842e-05 7.0707323104172187e-05 0.00038013124355323419 -0.00019379341911789395
leaf_weight=3898 3505 2153 2504 3087
leaf_count=3898 3505 2153 2504 3087
internal_value=-1.5804e-05 2.12787e-05 0.000114058 -8.51159e-05
internal_weight=15147 11249 6009 5240
internal_count=15147 11249 6009 5240
is_linear=0
shrinkage=0.05


Tree=295
num_leaves=6
num_cat=0
split_feature=0 5 4 0 4
split_gain=0.0350436 0.0450906 0.0805411 0.0655056 0.0110419
threshold=0.40980152950000004 8.5000000000000018 6300.5000000000009 0.10072576300000001 7351.5000000000009
decision_type=2 2 8 2 8
left_child=1 3 -3 4 -1
right_child=-2 2 -4 -5 -6
leaf_value=8.616706237631889e-05 -0.00020027657958940714 0.00033781277915332438 -5.6069220365406459e-05 -0.00032786028842490264 -6.7129502250021833e-05
leaf_weight=2368 2900 2155 3263 2063 2331
leaf_count=2368 2900 2155 3263 2063 2331
internal_value=-4.40703e-05 -6.87836e-06 0.000100597 -9.29919e-05 1.01223e-05
internal_weight=15080 12180 5418 6762 4699
internal_count=15080 12180 5418 6762 4699
is_linear=0
shrinkage=0.05


Tree=296
num_leaves=6
num_cat=0
split_feature=4 4 15 1 3
split_gain=0.062015 0.0560849 0.0550489 0.0422256 0.0306055
threshold=2998.5000000000005 6455.0000000000009 128.8068742851361 51.500000000000007 0.43314913800000004
decision_type=8 8 2 2 2
left_child=-1 2 -2 -3 -5
right_child=1 3 -4 4 -6
leaf_value=-0.00022297949046193836 1.6180607088449814e-05 0.0001309812673117129 0.00036145835595233596 2.605999180746545e-05 -0.00022111924164611646
leaf_weight=2090 2068 3317 2613 2475 2535
leaf_count=2090 2068 3317 2613 2475 2535
internal_value=2.98285e-05 7.04473e-05 0.00020892 -7.39449e-06 -9.90097e-05
internal_weight=15098 13008 4681 8327 5010
internal_count=15098 13008 4681 8327 5010
is_linear=0
shrinkage=0.05


Tree=297
num_leaves=6
num_cat=0
split_feature=15 14 15 14 14
split_gain=0.0561128 0.108558 0.0329545 0.0611095 0.0297159
threshold=291.15260470977756 0.040286726804123721 27.825598865248129 0.01729465325404151 0.0086638047098293435
decision_type=2 2 2 2 2
left_child=1 2 -1 4 -4
right_child=-2 -3 3 -5 -6
leaf_value=-0.00021548282887436619 -0.00018840109797682166 0.00036155265134747033 2.8874692884192182e-05 0.00023420467179546242 -0.0002133734072717724
leaf_weight=2014 3650 2100 2772 2186 2330
leaf_count=2014 3650 2100 2772 2186 2330
internal_value=-1.7774e-05 3.68471e-05 -3.64578e-05 1.30148e-05 -8.17561e-05
internal_weight=15052 11402 9302 7288 5102
internal_count=15052 11402 9302 7288 5102
is_linear=0
shrinkage=0.05


Tree=298
num_leaves=6
num_cat=0
split_feature=0 14 1 1 14
split_gain=0.0927287 0.0450838 0.0291654 0.0526003 0.0395287
threshold=0.40980152950000004 0.025810182647400624 56.500000000000007 46.500000000000007 0.0061485369884320016
decision_type=2 2 2 2 2
left_child=1 2 3 -1 -4
right_child=-2 -3 4 -5 -6
leaf_value=8.7420146481960567e-05 -0.0002512448748288415 0.0002799120261791005 -3.0214985599603436e-05 -0.00023877085907965712 0.00024530796109327972
leaf_weight=2670 2834 2053 2638 2301 2570
leaf_count=2670 2834 2053 2638 2301 2570
internal_value=6.46262e-06 6.61702e-05 2.30607e-05 -6.35687e-05 0.000105748
internal_weight=15066 12232 10179 4971 5208
internal_count=15066 12232 10179 4971 5208
is_linear=0
shrinkage=0.05


Tree=299
num_leaves=6
num_cat=0
split_feature=3 14 1 4 14
split_gain=0.025914 0.120847 0.0563277 0.0557612 0.0353975
threshold=0.12071710450000002 0.042395505382465955 46.500000000000007 2902.5000000000005 0.010159559682860938
decision_type=2 2 2 10 2
left_child=-1 2 -2 -4 -5
right_child=1 -3 3 4 -6
leaf_value=0.00015065927782419335 0.00023567410062712001 -0.00036901408122076571 0.00014746652984065647 9.5483045947983828e-06 -0.00027457945593508179
leaf_weight=2823 2979 2038 2907 2156 2230
leaf_count=2823 2979 2038 2907 2156 2230
internal_value=1.40285e-05 -1.73045e-05 5.24759e-05 -2.23558e-05 -0.000134912
internal_weight=15133 12310 10272 7293 4386
internal_count=15133 12310 10272 7293 4386
is_linear=0
shrinkage=0.05


Tree=300
num_leaves=6
num_cat=0
split_feature=14 15 15 0 15
split_gain=0.0698474 0.033817 0.049646 0.0485029 0.0458774
threshold=0.040665281546811406 107.45222548324422 303.30327684885759 0.079490163000000016 32.717890069599996
decision_type=2 2 2 2 2
left_child=1 4 3 -3 -1
right_child=-2 2 -4 -5 -6
leaf_value=-8.9346975940622107e-05 0.00025725849913409756 -4.8829537919675826e-05 7.257739751805487e-05 -0.00035926123341044206 0.00023171753637480296
leaf_weight=2098 2558 2871 2955 2240 2369
leaf_count=2098 2558 2871 2955 2240 2369
internal_value=1.91563e-05 -2.94407e-05 -9.05614e-05 -0.000184883 8.09243e-05
internal_weight=15091 12533 8066 5111 4467
internal_count=15091 12533 8066 5111 4467
is_linear=0
shrinkage=0.05


Tree=301
num_leaves=5
num_cat=0
split_feature=1 14 1 0
split_gain=0.041736 0.0730241 0.0371186 0.0176447
threshold=48.500000000000007 0.018368184544794424 41.500000000000007 0.033590811500000005
decision_type=2 2 2 2
left_child=2 3 -1 -2
right_child=1 -3 -4 -5
leaf_value=-3.8092907667048144e-05 -0.00015563550336666703 0.0002243589511069635 -0.00030237117708044369 9.7458037433870793e-06
leaf_weight=3194 3140 3106 2275 3316
leaf_count=3194 3140 3106 2275 3316
internal_value=-3.78606e-05 2.51496e-05 -0.000148028 -7.06906e-05
internal_weight=15031 9562 5469 6456
internal_count=15031 9562 5469 6456
is_linear=0
shrinkage=0.05


Tree=302
num_leaves=5
num_cat=0
split_feature=14 5 3 0
split_gain=0.0689143 0.0394578 0.0758312 0.0649179
threshold=0.046476333403236529 4.5000000000000009 0.59160016250000014 0.058216802500000005
decision_type=2 2 2 2
left_child=1 -1 3 -3
right_child=-2 2 -4 -5
leaf_value=-0.00016286964185185772 -0.00029557387585153554 -1.6727057670632221e-05 -0.00015058296407125435 0.00028187886160479668
leaf_weight=2544 2092 3372 3099 3955
leaf_count=2544 2092 3372 3099 3955
internal_value=-2.9273e-05 1.36801e-05 5.67591e-05 0.000144456
internal_weight=15062 12970 10426 7327
internal_count=15062 12970 10426 7327
is_linear=0
shrinkage=0.05


Tree=303
num_leaves=6
num_cat=0
split_feature=0 0 3 4 1
split_gain=0.0700886 0.0702586 0.0355459 0.0291908 0.0534795
threshold=0.4891812075000001 0.26179622150000004 0.81300265300000019 8333.5000000000018 50.500000000000007
decision_type=2 2 2 8 2
left_child=1 2 3 4 -1
right_child=-2 -3 -4 -5 -6
leaf_value=-0.0002193089611023303 0.00033690668999966633 -0.00023503707310268803 0.00023429297192439333 0.00018078471845557555 9.7518622111026211e-05
leaf_weight=2244 2288 2009 2969 2299 3277
leaf_count=2244 2288 2009 2969 2299 3277
internal_value=8.20186e-05 3.64502e-05 8.70033e-05 3.10823e-05 -3.12553e-05
internal_weight=15086 12798 10789 7820 5521
internal_count=15086 12798 10789 7820 5521
is_linear=0
shrinkage=0.05


Tree=304
num_leaves=6
num_cat=0
split_feature=1 3 3 15 4
split_gain=0.0405634 0.0764929 0.0703952 0.0680312 0.0588174
threshold=39.500000000000007 0.49425377900000006 275.00000000000006 297.65441488938581 7412.5000000000009
decision_type=2 2 2 2 10
left_child=-1 3 -3 4 -2
right_child=1 2 -4 -5 -6
leaf_value=-0.00013192923992666187 -0.00022815940546312501 0.00041856349577077149 2.9720006694221735e-05 0.0002364350543775307 0.00010019203010142784
leaf_weight=2634 3504 2581 2120 2030 2233
leaf_count=2634 3504 2581 2120 2030 2233
internal_value=4.6354e-05 8.40183e-05 0.000243208 -1.23315e-05 -0.000100356
internal_weight=15102 12468 4701 7767 5737
internal_count=15102 12468 4701 7767 5737
is_linear=0
shrinkage=0.05


Tree=305
num_leaves=6
num_cat=0
split_feature=1 4 14 4 3
split_gain=0.0354805 0.0424475 0.0491023 0.0367624 0.00685256
threshold=62.500000000000007 13202.000000000002 0.025810182647400624 3999.5000000000005 0.28721533600000004
decision_type=2 8 2 10 2
left_child=1 2 4 -2 -1
right_child=3 -3 -4 -5 -6
leaf_value=4.0792091732118234e-06 7.0320093684505308e-05 -7.2342867801711492e-05 0.00031206284817629531 -0.00021695317397182402 0.0001242019027775634
leaf_weight=2600 2366 2600 3195 2104 2185
leaf_count=2600 2366 2600 3195 2104 2185
internal_value=5.32122e-05 0.000103113 0.000160279 -6.48976e-05 5.89315e-05
internal_weight=15050 10580 7980 4470 4785
internal_count=15050 10580 7980 4470 4785
is_linear=0
shrinkage=0.05


Tree=306
num_leaves=6
num_cat=0
split_feature=3 4 4 1 15
split_gain=0.061759 0.0505081 0.127649 0.0845162 0.0323693
threshold=0.16093294550000001 2665.0000000000005 5190.5000000000009 58.500000000000007 182.16842377241576
decision_type=2 10 10 2 2
left_child=-1 3 -3 -2 -4
right_child=1 2 4 -5 -6
leaf_value=-0.00017309437923084816 -0.000281284066955627 0.00044173263470549884 -0.00012616410372785723 0.00016160953729836043 0.00013088458828020767
leaf_weight=3600 2276 2412 2546 2045 2360
leaf_count=3600 2276 2412 2546 2045 2360
internal_value=7.89305e-06 6.38733e-05 0.00014391 -7.16758e-05 -2.51247e-06
internal_weight=15239 11639 7318 4321 4906
internal_count=15239 11639 7318 4321 4906
is_linear=0
shrinkage=0.05


Tree=307
num_leaves=5
num_cat=0
split_feature=15 0 0 4
split_gain=0.0444276 0.108271 0.0566282 0.0217912
threshold=280.27051462622904 0.20453010800000002 0.070103120500000018 5800.5000000000009
decision_type=2 2 2 8
left_child=1 2 3 -1
right_child=-2 -3 -4 -5
leaf_value=0.00018534585106708969 -0.0001181934810204795 0.000298497425926205 -0.00023329505284612169 -2.4378348657052481e-05
leaf_weight=2118 3836 3741 2365 2983
leaf_count=2118 3836 3741 2365 2983
internal_value=2.8677e-05 7.89487e-05 -3.10609e-05 6.27018e-05
internal_weight=15043 11207 7466 5101
internal_count=15043 11207 7466 5101
is_linear=0
shrinkage=0.05


Tree=308
num_leaves=6
num_cat=0
split_feature=4 4 15 15 15
split_gain=0.057448 0.0455056 0.122973 0.148095 0.0200315
threshold=3443.0000000000005 11133.500000000002 123.79344595002867 280.27051462622904 156.69683954208318
decision_type=8 8 2 2 2
left_child=-1 2 -2 -4 -3
right_child=1 4 3 -5 -6
leaf_value=0.00024144601963859628 -0.0003342206258916273 0.0002206949757926962 0.00033176998781636797 -0.00023623027367333915 1.4243436354693959e-05
leaf_weight=2757 3024 2216 2545 2090 2501
leaf_count=2757 3024 2216 2545 2090 2501
internal_value=3.50426e-05 -1.09379e-05 -8.61796e-05 7.56491e-05 0.000111232
internal_weight=15133 12376 7659 4635 4717
internal_count=15133 12376 7659 4635 4717
is_linear=0
shrinkage=0.05


Tree=309
num_leaves=6
num_cat=0
split_feature=0 0 15 5 14
split_gain=0.039325 0.0497479 0.041953 0.0913886 0.116887
threshold=0.0046648860000000009 0.035926426500000004 67.208565310578635 5.5000000000000009 0.029531045323552531
decision_type=2 2 2 2 2
left_child=-1 -2 -3 -4 -5
right_child=1 2 3 4 -6
leaf_value=0.00019572378958982039 -0.00022089487336893351 0.00018795835555172042 0.00024141291306331881 2.1411956819998689e-05 -0.00045664696886833821
leaf_weight=2015 2984 2525 2007 3514 2010
leaf_count=2015 2984 2525 2007 3514 2010
internal_value=-9.84889e-06 -4.16149e-05 1.15843e-05 -4.75505e-05 -0.000152538
internal_weight=15055 13040 10056 7531 5524
internal_count=15055 13040 10056 7531 5524
is_linear=0
shrinkage=0.05


Tree=310
num_leaves=6
num_cat=0
split_feature=14 14 3 4 4
split_gain=0.107208 0.0698174 0.043058 0.0251549 0.0179401
threshold=0.046476333403236529 0.018368184544794424 0.42140158400000005 7602.0000000000009 6833.5000000000009
decision_type=2 2 2 10 8
left_child=1 3 -3 4 -1
right_child=-2 2 -4 -5 -6
leaf_value=-2.5379120022519425e-05 -0.00035390080630698584 3.8412906865617049e-05 0.00035861793455646643 9.2422185126708821e-05 -0.00019372189673712818
leaf_weight=3635 2082 2077 2123 2351 2803
leaf_count=3635 2082 2077 2123 2351 2803
internal_value=-2.08124e-05 3.25782e-05 0.000200269 -4.75562e-05 -9.86728e-05
internal_weight=15071 12989 4200 8789 6438
internal_count=15071 12989 4200 8789 6438
is_linear=0
shrinkage=0.05


Tree=311
num_leaves=7
num_cat=0
split_feature=4 1 1 4 15 15
split_gain=0.0466103 0.0556403 0.077672 0.0356369 0.0302686 0.0118238
threshold=5250.5000000000009 43.500000000000007 56.500000000000007 9901.5000000000018 182.16842377241576 139.38605505086821
decision_type=10 2 2 10 2 2
left_child=1 -1 -3 4 -2 -4
right_child=3 2 5 -5 -6 -7
leaf_value=-0.0001283451686681702 -0.000303939616479136 0.00040276447628644334 -5.2105494936120411e-05 6.8384437431092204e-05 -3.7397438669818455e-05 0.00011724105501693027
leaf_weight=2274 2262 2165 2053 2223 2013 2070
leaf_count=2274 2262 2165 2053 2223 2013 2070
internal_value=6.97681e-06 8.36072e-05 0.000160258 -9.39941e-05 -0.000178431 3.29169e-05
internal_weight=15060 8562 6288 6498 4275 4123
internal_count=15060 8562 6288 6498 4275 4123
is_linear=0
shrinkage=0.05


Tree=312
num_leaves=5
num_cat=0
split_feature=3 4 3 1
split_gain=0.0376752 0.0984452 0.0552174 0.0490957
threshold=0.53519797450000006 28165.500000000004 0.17590602000000002 46.500000000000007
decision_type=2 8 2 2
left_child=2 -2 -1 -4
right_child=1 -3 3 -5
leaf_value=-0.00013160811530797011 -0.0004156805010712692 3.0485374244568177e-05 0.00030527309424188643 7.0873302125186008e-06
leaf_weight=3836 2075 3059 2114 3978
leaf_count=3836 2075 3059 2114 3978
internal_value=-3.98745e-05 -0.000149841 1.69915e-05 0.000110562
internal_weight=15062 5134 9928 6092
internal_count=15062 5134 9928 6092
is_linear=0
shrinkage=0.05


Tree=313
num_leaves=5
num_cat=0
split_feature=15 0 3 5
split_gain=0.0562982 0.0577844 0.0225689 0.0423574
threshold=372.08839226053482 0.35046535850000005 1.0766018895000002 7.5000000000000009
decision_type=2 2 2 2
left_child=1 2 3 -1
right_child=-2 -3 -4 -5
leaf_value=-0.00011388888787531944 -0.00022725659303901021 0.00023160554009621871 -0.00015418403813348761 0.00012920183437014387
leaf_weight=3280 2532 2796 2546 3950
leaf_count=3280 2532 2796 2546 3950
internal_value=-1.21561e-05 3.11651e-05 -2.61621e-05 1.892e-05
internal_weight=15104 12572 9776 7230
internal_count=15104 12572 9776 7230
is_linear=0
shrinkage=0.05


Tree=314
num_leaves=6
num_cat=0
split_feature=4 4 14 15 1
split_gain=0.0217338 0.0348097 0.107269 0.0287615 0.0387223
threshold=9001.0000000000018 3915.5000000000005 0.031147200123485774 108.52738125662394 58.500000000000007
decision_type=10 8 2 2 2
left_child=1 -1 3 -3 -5
right_child=-2 2 -4 4 -6
leaf_value=-0.00014005088611136792 -0.0001602480287637993 9.4780331736015052e-05 0.00036940903825494848 -0.00025297910431301023 3.8438152480593107e-05
leaf_weight=3384 2682 2426 2016 2463 2122
leaf_count=3384 2682 2426 2016 2463 2122
internal_value=-3.11783e-05 -3.28646e-06 4.79832e-05 -4.44423e-05 -0.000118107
internal_weight=15093 12411 9027 7011 4585
internal_count=15093 12411 9027 7011 4585
is_linear=0
shrinkage=0.05


Tree=315
num_leaves=6
num_cat=0
split_feature=5 0 4 5 15
split_gain=0.0574149 0.127719 0.0465207 0.0498773 0.0458965
threshold=13.500000000000002 0.18427206200000004 4583.5000000000009 6.5000000000000009 165.20693899098117
decision_type=2 2 10 2 2
left_child=1 2 3 -1 -3
right_child=-2 4 -4 -5 -6
leaf_value=0.0001096969287244697 0.00022954003371259714 -0.00011512872005187847 0.00019340832374817671 -0.00021754599404943012 -0.00043305637017985988
leaf_weight=2510 2114 2410 3797 2172 2146
leaf_count=2510 2114 2410 3797 2172 2146
internal_value=-1.21692e-05 -5.13693e-05 6.33566e-05 -4.21125e-05 -0.000264881
internal_weight=15149 13035 8479 4682 4556
internal_count=15149 13035 8479 4682 4556
is_linear=0
shrinkage=0.05


Tree=316
num_leaves=5
num_cat=0
split_feature=14 1 14 15
split_gain=0.0861953 0.0418221 0.0370519 0.0220841
threshold=0.041158150674328181 46.500000000000007 0.011631852661456764 140.39703223182119
decision_type=2 2 2 2
left_child=1 -1 3 -3
right_child=-2 2 -4 -5
leaf_value=0.00012157235685156455 0.00029913709783969554 9.8631371746646431e-05 -0.00022296310348270912 -9.3321815389404864e-05
leaf_weight=3587 2482 2676 3026 3405
leaf_count=3587 2482 2676 3026 3405
internal_value=2.9654e-05 -2.30368e-05 -7.99945e-05 -8.85105e-06
internal_weight=15176 12694 9107 6081
internal_count=15176 12694 9107 6081
is_linear=0
shrinkage=0.05


Tree=317
num_leaves=6
num_cat=0
split_feature=4 15 15 15 3
split_gain=0.0384427 0.0533301 0.113692 0.0921632 0.0392063
threshold=11133.500000000002 50.431122364653937 123.79344595002867 263.83066313477667 479.50000000000006
decision_type=8 2 2 2 2
left_child=1 -1 -3 -4 -2
right_child=4 2 3 -5 -6
leaf_value=0.00015990459561181667 0.00024012856603918627 -0.00041750082803274384 0.00017950463326227664 -0.00021558591160049926 -4.9073409692146245e-05
leaf_weight=2165 2622 2299 3189 2748 2119
leaf_count=2165 2622 2299 3189 2748 2119
internal_value=-7.13249e-06 -6.09202e-05 -0.000118968 -3.36699e-06 0.000110869
internal_weight=15142 10401 8236 5937 4741
internal_count=15142 10401 8236 5937 4741
is_linear=0
shrinkage=0.05


Tree=318
num_leaves=6
num_cat=0
split_feature=4 0 0 14 4
split_gain=0.10017 0.105013 0.0609736 0.0545789 0.028249
threshold=4500.5000000000009 0.40271628200000004 0.12531049800000002 0.01729465325404151 10753.000000000002
decision_type=8 2 2 2 8
left_child=3 2 4 -1 -2
right_child=1 -3 -4 -5 -6
leaf_value=4.3809269156579057e-05 -0.00016316655309508394 -0.00037620594910614796 0.00023016620645934088 0.0003993531373293344 5.0027355842361735e-05
leaf_weight=2017 3214 2012 2551 2322 3008
leaf_count=2017 3214 2012 2551 2322 3008
internal_value=3.12056e-05 -5.04133e-05 2.4304e-05 0.000234077 -6.00988e-05
internal_weight=15124 10785 8773 4339 6222
internal_count=15124 10785 8773 4339 6222
is_linear=0
shrinkage=0.05


Tree=319
num_leaves=6
num_cat=0
split_feature=4 14 15 15 3
split_gain=0.0845607 0.0572782 0.121488 0.0631152 0.0447978
threshold=2869.5000000000005 0.032002048131080395 335.16274652843748 145.68026571738184 0.37034269150000004
decision_type=8 2 2 2 2
left_child=-1 2 3 4 -2
right_child=1 -3 -4 -5 -6
leaf_value=-0.00031470683928080381 0.00015256623970226295 0.00022536612868284198 0.00030684329740303888 -0.0002770296444209067 -0.00016129449947315357
leaf_weight=2025 2453 2975 2179 3414 2119
leaf_count=2025 2453 2975 2179 3414 2119
internal_value=-1.39481e-05 3.24017e-05 -2.40734e-05 -0.000114365 7.10016e-06
internal_weight=15165 13140 10165 7986 4572
internal_count=15165 13140 10165 7986 4572
is_linear=0
shrinkage=0.05


Tree=320
num_leaves=5
num_cat=0
split_feature=3 0 4 15
split_gain=0.05346 0.0734184 0.0557352 0.0347285
threshold=0.49425377900000006 0.28034580900000006 6660.5000000000009 134.15547111570802
decision_type=2 2 8 2
left_child=1 3 -2 -1
right_child=2 -3 -4 -5
leaf_value=0.00013052384545276683 0.00032368104738477485 -0.00031118872443951066 -5.552469455315178e-06 -9.4978455342740927e-05
leaf_weight=2994 2005 2560 3582 3973
leaf_count=2994 2005 2560 3582 3973
internal_value=-1.01967e-05 -8.22089e-05 0.000112599 1.92895e-06
internal_weight=15114 9527 5587 6967
internal_count=15114 9527 5587 6967
is_linear=0
shrinkage=0.05


Tree=321
num_leaves=6
num_cat=0
split_feature=7 1 1 15 5
split_gain=0.0462216 0.109994 0.0592842 0.0441303 0.0125301
threshold=1.5000000000000002 52.500000000000007 48.500000000000007 213.94254174109878 7.5000000000000009
decision_type=2 2 2 2 2
left_child=2 -2 -1 4 -4
right_child=1 -3 3 -5 -6
leaf_value=-0.00018024777766782588 0.00043548309322682791 -7.7670429817916549e-05 -0.00011043956344480037 0.00022884505041697049 5.8775288813677081e-05
leaf_weight=3972 2013 2170 2402 2522 2009
leaf_count=3972 2013 2170 2402 2522 2009
internal_value=2.79752e-05 0.000169276 -2.62259e-05 6.20151e-05 -3.33703e-05
internal_weight=15088 4183 10905 6933 4411
internal_count=15088 4183 10905 6933 4411
is_linear=0
shrinkage=0.05


Tree=322
num_leaves=5
num_cat=0
split_feature=4 0 3 3
split_gain=0.0454032 0.0677844 0.0376906 0.0322756
threshold=9001.0000000000018 0.30055582750000004 0.92529858850000013 0.26023541650000009
decision_type=10 2 2 2
left_child=1 2 3 -1
right_child=-2 -3 -4 -5
leaf_value=-4.7586981839093599e-06 -0.00020007299289113612 0.00022710431331333559 0.00010625753907138411 -0.00023109202676384447
leaf_weight=3405 2659 3172 2976 2931
leaf_count=3405 2659 3172 2976 2931
internal_value=-1.24764e-05 2.74802e-05 -4.05189e-05 -0.000109459
internal_weight=15143 12484 9312 6336
internal_count=15143 12484 9312 6336
is_linear=0
shrinkage=0.05


Tree=323
num_leaves=6
num_cat=0
split_feature=15 15 15 4 3
split_gain=0.0572368 0.0629283 0.0755988 0.109055 0.0411181
threshold=39.49006424203268 126.9753359530703 372.08839226053482 10470.000000000002 0.28994148050000007
decision_type=2 2 2 8 2
left_child=-1 -2 3 4 -3
right_child=1 2 -4 -5 -6
leaf_value=0.00019056076993942113 -0.00023910214912939862 9.5029141385494079e-05 -0.00022181182127776575 -0.00018982284769448679 0.00041315127935417174
leaf_weight=2685 3628 2028 2520 2094 2035
leaf_count=2685 3628 2028 2520 2094 2035
internal_value=-1.85977e-05 -6.42369e-05 8.87716e-06 0.000103296 0.000254364
internal_weight=14990 12305 8677 6157 4063
internal_count=14990 12305 8677 6157 4063
is_linear=0
shrinkage=0.05


Tree=324
num_leaves=5
num_cat=0
split_feature=1 15 4 1
split_gain=0.0615 0.0611224 0.0904822 0.0589782
threshold=43.500000000000007 325.91281994556545 13504.000000000002 55.500000000000007
decision_type=2 2 8 2
left_child=-1 2 3 -2
right_child=1 -3 -4 -5
leaf_value=-0.00016454085699206956 0.00029827299643503993 0.00029265231632733728 -0.00023862799430652404 -1.4251966880982785e-05
leaf_weight=3799 2516 2388 2627 3774
leaf_count=3799 2516 2388 2627 3774
internal_value=9.50445e-06 6.79917e-05 7.82687e-06 0.000110758
internal_weight=15104 11305 8917 6290
internal_count=15104 11305 8917 6290
is_linear=0
shrinkage=0.05


Tree=325
num_leaves=6
num_cat=0
split_feature=3 3 1 14 3
split_gain=0.0356764 0.0620924 0.0560204 0.0344878 0.032076
threshold=0.81300265300000019 0.21985915700000003 57.500000000000007 0.030828982106189499 0.37034269150000004
decision_type=2 2 2 2 2
left_child=1 2 -1 4 -3
right_child=-2 3 -4 -5 -6
leaf_value=0.00022904385214034189 0.00010480394961087093 3.0111845858198368e-05 -0.00011629840555838519 -0.00034257482898967373 -0.00023931106867476509
leaf_weight=2502 3885 2404 2213 2026 2044
leaf_count=2502 3885 2404 2213 2026 2044
internal_value=-2.57368e-05 -7.10627e-05 6.69564e-05 -0.000171582 -9.36967e-05
internal_weight=15074 11189 4715 6474 4448
internal_count=15074 11189 4715 6474 4448
is_linear=0
shrinkage=0.05


Tree=326
num_leaves=6
num_cat=0
split_feature=4 3 15 15 4
split_gain=0.077756 0.039823 0.0258433 0.0585523 0.0811092
threshold=3260.5000000000005 0.16093294550000001 103.1465783940161 185.08651479539785 9500.5000000000018
decision_type=8 2 2 2 8
left_child=-1 -2 -3 -4 -5
right_child=1 2 3 4 -6
leaf_value=0.00027754443903582539 -0.00019376955244103201 0.00013598694299181926 -0.00024462002790673874 0.00028580325788236092 -0.00014526232349699078
leaf_weight=2510 2793 3233 2236 2180 2185
leaf_count=2510 2793 3233 2236 2180 2185
internal_value=2.3371e-05 -2.71537e-05 2.01676e-05 -3.65577e-05 7.00236e-05
internal_weight=15137 12627 9834 6601 4365
internal_count=15137 12627 9834 6601 4365
is_linear=0
shrinkage=0.05


Tree=327
num_leaves=5
num_cat=0
split_feature=4 14 1 14
split_gain=0.0723322 0.0689236 0.0279919 0.0376339
threshold=8751.5000000000018 0.031147200123485774 53.500000000000007 0.0065607549037540753
decision_type=10 2 2 2
left_child=1 2 -1 -4
right_child=-2 -3 3 -5
leaf_value=-0.00012671104459936224 -0.00023576940126280688 0.00025201612718084553 -9.871232274744643e-05 0.00016816174511336606
leaf_weight=3856 2855 2998 2371 2983
leaf_count=3856 2855 2998 2371 2983
internal_value=-9.20106e-06 4.37849e-05 -2.39976e-05 4.99775e-05
internal_weight=15063 12208 9210 5354
internal_count=15063 12208 9210 5354
is_linear=0
shrinkage=0.05


Tree=328
num_leaves=6
num_cat=0
split_feature=5 14 1 0 14
split_gain=0.031986 0.0477604 0.0355599 0.0480028 0.0353847
threshold=5.5000000000000009 0.03753454587747914 53.500000000000007 0.059212309500000004 0.0098979294367737818
decision_type=2 2 2 2 2
left_child=4 2 -2 -4 -1
right_child=1 -3 3 -5 -6
leaf_value=-4.4978573491346245e-05 -0.0001210187325592098 -0.00026428630761223687 -6.0041286434971882e-05 0.00025498080454480792 0.00023998759613365307
leaf_weight=2072 3606 2184 2605 2257 2297
leaf_count=2072 3606 2184 2605 2257 2297
internal_value=-9.08427e-06 -5.58121e-05 -2.0441e-06 8.61958e-05 0.000104842
internal_weight=15021 10652 8468 4862 4369
internal_count=15021 10652 8468 4862 4369
is_linear=0
shrinkage=0.05


Tree=329
num_leaves=6
num_cat=0
split_feature=4 14 4 1 3
split_gain=0.0433264 0.0808388 0.0340181 0.0418289 0.0174906
threshold=11133.500000000002 0.03753454587747914 3443.0000000000005 52.500000000000007 479.50000000000006
decision_type=8 2 10 2 2
left_child=1 2 -1 -4 -2
right_child=4 -3 3 -5 -6
leaf_value=0.00020495719627537488 0.00022128050323696834 -0.00030572572157881359 -0.0001789658938371497 8.6122775256633412e-05 2.6541424563187191e-05
leaf_weight=2013 2595 2362 2693 3326 2075
leaf_count=2013 2595 2362 2693 3326 2075
internal_value=8.24749e-06 -4.85911e-05 2.70254e-05 -3.24823e-05 0.000134753
internal_weight=15064 10394 8032 6019 4670
internal_count=15064 10394 8032 6019 4670
is_linear=0
shrinkage=0.05


Tree=330
num_leaves=7
num_cat=0
split_feature=3 4 4 4 3 15
split_gain=0.0365967 0.0451723 0.0397138 0.0342426 0.0228563 0.00665622
threshold=0.21985915700000003 3801.5000000000005 5351.5000000000009 5300.5000000000009 479.50000000000006 173.45831997036001
decision_type=2 8 10 10 2 2
left_child=2 -2 -1 4 -3 -5
right_child=1 3 -4 5 -6 -7
leaf_value=-5.9752865372332867e-05 -0.00028732316837009605 0.00018255795772977509 0.00023289332255822882 -6.4466362614676244e-05 -4.6389389273195607e-05 -0.00019304744405453477
leaf_weight=2203 2011 2287 2447 2015 2083 2011
leaf_count=2203 2011 2287 2447 2015 2083 2011
internal_value=-2.23676e-05 -7.44733e-05 9.42483e-05 -2.34918e-05 7.34281e-05 -0.000128693
internal_weight=15057 10407 4650 8396 4370 4026
internal_count=15057 10407 4650 8396 4370 4026
is_linear=0
shrinkage=0.05


Tree=331
num_leaves=7
num_cat=0
split_feature=15 14 4 14 14 15
split_gain=0.0459565 0.103507 0.0598363 0.0767245 0.0221747 0.0198049
threshold=372.08839226053482 0.040665281546811406 3301.5000000000005 0.016841079476872311 0.0098979294367737818 136.96985705927355
decision_type=2 2 10 2 2 2
left_child=1 2 4 5 -1 -4
right_child=-2 -3 3 -5 -6 -7
leaf_value=1.7397178928648685e-05 -0.00018188877222679022 0.0003725776635534236 0.00012204950066309583 -0.00036122427616366225 0.00024855309479638796 -9.8755454257255671e-05
leaf_weight=2073 2537 2089 2061 2062 2077 2002
leaf_count=2073 2537 2089 2061 2062 2077 2002
internal_value=1.19565e-05 5.1732e-05 -1.34988e-05 -0.000112818 0.000133087 1.32502e-05
internal_weight=14901 12364 10275 6125 4150 4063
internal_count=14901 12364 10275 6125 4150 4063
is_linear=0
shrinkage=0.05


Tree=332
num_leaves=6
num_cat=0
split_feature=4 14 4 4 14
split_gain=0.0360413 0.0846792 0.0475436 0.037528 0.0237698
threshold=9001.0000000000018 0.032394028738634263 3563.0000000000005 5351.5000000000009 0.0098511074846314734
decision_type=10 2 8 10 2
left_child=1 2 -1 4 -4
right_child=-2 -3 3 -5 -6
leaf_value=0.00021841751525601339 -0.00012260739778547432 0.00031045282031845109 -3.5872170158607133e-05 9.0398446011923978e-05 -0.00026574586366818911
leaf_weight=2086 2612 3055 2451 2844 2078
leaf_count=2086 2612 3055 2451 2844 2078
internal_value=4.63277e-05 8.15889e-05 7.67201e-06 -5.1953e-05 -0.000141343
internal_weight=15126 12514 9459 7373 4529
internal_count=15126 12514 9459 7373 4529
is_linear=0
shrinkage=0.05


Tree=333
num_leaves=6
num_cat=0
split_feature=0 0 1 14 9
split_gain=0.0547871 0.0509167 0.0781266 0.0404909 0.0346145
threshold=0.36690783300000002 0.025310977500000005 56.500000000000007 0.0080045998427901843 1.0000000180025095e-35
decision_type=2 2 2 2 10
left_child=1 3 4 -1 -3
right_child=-2 2 -4 -5 -6
leaf_value=-1.6459762281598594e-06 0.00024661264121165501 -5.9387265573356355e-05 0.00012323764772678846 0.00030892773474426404 -0.00034012305454674728
leaf_weight=2087 3240 2195 3261 2111 2197
leaf_count=2087 3240 2195 3261 2111 2197
internal_value=6.44098e-05 1.45966e-05 -6.21622e-05 0.000154529 -0.000199819
internal_weight=15091 11851 7653 4198 4392
internal_count=15091 11851 7653 4198 4392
is_linear=0
shrinkage=0.05


Tree=334
num_leaves=6
num_cat=0
split_feature=7 1 4 14 1
split_gain=0.0386874 0.0677066 0.0666184 0.0557901 0.0464437
threshold=1.5000000000000002 53.500000000000007 2665.0000000000005 0.0098979294367737818 50.500000000000007
decision_type=2 2 10 2 2
left_child=2 -2 3 -1 -4
right_child=1 -3 4 -5 -6
leaf_value=-4.7426278135332314e-05 0.00029782110756911701 -0.00010362628007600252 -0.00012919849492135828 -0.00041614703529314272 0.00013517338822041877
leaf_weight=2031 2174 2032 2913 2073 3866
leaf_count=2031 2174 2032 2913 2073 3866
internal_value=-2.49106e-05 0.000103874 -7.46826e-05 -0.000233673 2.15703e-05
internal_weight=15089 4206 10883 4104 6779
internal_count=15089 4206 10883 4104 6779
is_linear=0
shrinkage=0.05


Tree=335
num_leaves=6
num_cat=0
split_feature=15 0 4 5 5
split_gain=0.0734271 0.0754277 0.0370507 0.108432 0.0880066
threshold=372.08839226053482 0.36690783300000002 6300.5000000000009 7.5000000000000009 9.5000000000000018
decision_type=2 2 8 2 2
left_child=1 2 3 -1 -4
right_child=-2 -3 4 -5 -6
leaf_value=-0.00014422048224740517 -0.00024000993897498022 0.00028931697394629185 6.1813383890365324e-05 0.00034905953565937111 -0.00035342419973339386
leaf_weight=2273 2536 2696 3332 2185 2068
leaf_count=2273 2536 2696 3332 2185 2068
internal_value=5.38742e-06 5.49595e-05 -9.13341e-06 9.75509e-05 -9.72072e-05
internal_weight=15090 12554 9858 4458 5400
internal_count=15090 12554 9858 4458 5400
is_linear=0
shrinkage=0.05


Tree=336
num_leaves=5
num_cat=0
split_feature=3 4 3 4
split_gain=0.0483721 0.0646105 0.0366288 0.0379227
threshold=0.53519797450000006 15438.000000000002 0.33148183250000007 5703.0000000000009
decision_type=2 8 2 10
left_child=2 -2 3 -1
right_child=1 -3 -4 -5
leaf_value=-0.00011234543385547829 -0.0003341851502963237 2.7521127613122472e-05 0.00022495382260960553 0.00011865557963630855
leaf_weight=3297 2050 3104 2819 3853
leaf_count=3297 2050 3104 2819 3853
internal_value=8.01877e-06 -0.000116347 7.23164e-05 1.21367e-05
internal_weight=15123 5154 9969 7150
internal_count=15123 5154 9969 7150
is_linear=0
shrinkage=0.05


Tree=337
num_leaves=5
num_cat=0
split_feature=4 1 0 4
split_gain=0.0230791 0.0435127 0.0754891 0.0696404
threshold=9001.0000000000018 39.500000000000007 0.30595714450000006 3499.5000000000005
decision_type=10 2 2 10
left_child=1 -1 3 -3
right_child=-2 2 -4 -5
leaf_value=-0.00012985403494635941 -0.0001016683753903052 0.0001830506444719064 0.00035527103738515128 -0.00011815292920860045
leaf_weight=2415 2658 3797 2339 3880
leaf_count=2415 2658 3797 2339 3880
internal_value=3.20602e-05 6.06541e-05 0.000106588 3.08206e-05
internal_weight=15089 12431 10016 7677
internal_count=15089 12431 10016 7677
is_linear=0
shrinkage=0.05


Tree=338
num_leaves=6
num_cat=0
split_feature=4 1 14 3 5
split_gain=0.041836 0.0833271 0.0846174 0.072316 0.0201081
threshold=2665.0000000000005 61.500000000000007 0.034660041604486054 622.00000000000011 7.5000000000000009
decision_type=10 2 2 2 2
left_child=3 2 4 -1 -2
right_child=1 -3 -4 -5 -6
leaf_value=-0.00029929300343790839 -8.9407335263134806e-05 -0.00018667992748240504 0.00040397437034361491 8.321476443618916e-05 0.00011015044555094452
leaf_weight=2875 2219 2861 2050 2167 2928
leaf_count=2875 2219 2861 2050 2167 2928
internal_value=-1.73483e-05 4.1577e-05 0.000132315 -0.000134895 2.41161e-05
internal_weight=15100 10058 7197 5042 5147
internal_count=15100 10058 7197 5042 5147
is_linear=0
shrinkage=0.05


Tree=339
num_leaves=6
num_cat=0
split_feature=3 0 4 15 15
split_gain=0.0326939 0.0957042 0.0615134 0.0856295 0.0829519
threshold=0.24800291700000002 0.029274329500000005 7602.0000000000009 118.46790799348315 208.85081630663726
decision_type=2 2 8 2 2
left_child=1 -1 3 -2 -4
right_child=2 -3 4 -5 -6
leaf_value=-0.00018607584197373732 -0.00043380807573483978 0.00025044729903730522 0.0002192781728093929 -4.135541954035644e-06 -0.00019114401671532072
leaf_weight=2016 2121 3329 3023 2558 2077
leaf_count=2016 2121 3329 3023 2558 2077
internal_value=-1.36342e-05 8.58017e-05 -6.79838e-05 -0.000198907 5.21317e-05
internal_weight=15124 5345 9779 4679 5100
internal_count=15124 5345 9779 4679 5100
is_linear=0
shrinkage=0.05


Tree=340
num_leaves=5
num_cat=0
split_feature=4 4 5 0
split_gain=0.0463602 0.0355706 0.077559 0.0548101
threshold=9901.5000000000018 6455.0000000000009 10.500000000000002 0.070103120500000018
decision_type=10 10 2 2
left_child=1 2 3 -1
right_child=-2 -3 -4 -5
leaf_value=5.9325693708258628e-05 0.00020141730066957353 -0.00020264604493409126 0.00025380061202216444 -0.00020703884928885711
leaf_weight=3751 2210 2841 2284 3981
leaf_count=3751 2210 2841 2284 3981
internal_value=-1.01278e-05 -4.64905e-05 -2.19752e-06 -7.78183e-05
internal_weight=15067 12857 10016 7732
internal_count=15067 12857 10016 7732
is_linear=0
shrinkage=0.05


Tree=341
num_leaves=5
num_cat=0
split_feature=9 5 3 14
split_gain=0.0387058 0.0444221 0.0366181 0.0592303
threshold=1.5000000000000002 10.500000000000002 0.42990029550000003 0.012070312758673211
decision_type=10 2 2 2
left_child=1 2 3 -1
right_child=-2 -3 -4 -5
leaf_value=-8.9419531849952024e-05 -0.00017397965943741485 0.00018035471718414093 -0.00015710049693890072 0.00025837961010758743
leaf_weight=3032 3125 3282 3618 2053
leaf_count=3032 3125 3282 3618 2053
internal_value=-1.72613e-05 2.36018e-05 -3.55115e-05 5.09997e-05
internal_weight=15110 11985 8703 5085
internal_count=15110 11985 8703 5085
is_linear=0
shrinkage=0.05


Tree=342
num_leaves=5
num_cat=0
split_feature=14 15 15 15
split_gain=0.12691 0.0348569 0.0716046 0.0590128
threshold=0.037319737678589364 329.17065811819378 145.68026571738184 76.872127059277872
decision_type=2 2 2 2
left_child=1 2 3 -1
right_child=-2 -3 -4 -5
leaf_value=-5.198869543811928e-05 -0.00033743360236452826 0.00018635179287145606 -0.00019126718670403625 0.00027453725375085626
leaf_weight=3193 3128 2500 3803 2442
leaf_count=3193 3128 2500 3803 2442
internal_value=-5.39348e-05 2.03477e-05 -2.36246e-05 8.95155e-05
internal_weight=15066 11938 9438 5635
internal_count=15066 11938 9438 5635
is_linear=0
shrinkage=0.05


Tree=343
num_leaves=6
num_cat=0
split_feature=4 0 5 9 1
split_gain=0.0557163 0.0623478 0.0395598 0.0340455 0.0292478
threshold=6455.0000000000009 0.24442206150000004 10.500000000000002 1.0000000180025095e-35 56.500000000000007
decision_type=8 2 2 8 2
left_child=1 4 3 -2 -1
right_child=2 -3 -4 -5 -6
leaf_value=-0.00011401961725626442 -0.00011651800359902434 0.00032968232121703667 -0.0002468289436291621 0.00013295895774251295 0.00013783922535021316
leaf_weight=2464 3250 2149 2621 2361 2166
leaf_count=2464 3250 2149 2621 2361 2166
internal_value=9.59074e-07 0.000107111 -8.6456e-05 -1.15429e-05 3.80463e-06
internal_weight=15011 6779 8232 5611 4630
internal_count=15011 6779 8232 5611 4630
is_linear=0
shrinkage=0.05


Tree=344
num_leaves=5
num_cat=0
split_feature=14 1 4 9
split_gain=0.131033 0.0249923 0.0397299 0.0422275
threshold=0.037319737678589364 46.500000000000007 13202.000000000002 1.0000000180025095e-35
decision_type=2 2 8 10
left_child=1 -1 3 -3
right_child=-2 2 -4 -5
leaf_value=0.00013966783625504273 -0.00034254222073446428 -4.5579455929613533e-05 -0.00017325981021752051 0.0002366423334990403
leaf_weight=3333 3074 3760 2879 2047
leaf_count=3333 3074 3760 2879 2047
internal_value=-5.12323e-05 2.32737e-05 -2.13892e-05 5.39053e-05
internal_weight=15093 12019 8686 5807
internal_count=15093 12019 8686 5807
is_linear=0
shrinkage=0.05


Tree=345
num_leaves=5
num_cat=0
split_feature=15 4 15 3
split_gain=0.0463791 0.0533068 0.107368 0.0362222
threshold=375.92857016900012 13504.000000000002 212.13175289516946 0.26872360250000005
decision_type=2 8 2 2
left_child=1 2 3 -1
right_child=-2 -3 -4 -5
leaf_value=0.00011439721948459992 -0.00021395515478879755 -0.00014998992854258169 0.00039217098260361269 -0.00011251079347110404
leaf_weight=3224 2457 3269 2175 3870
leaf_count=3224 2457 3269 2175 3870
internal_value=-1.5314e-05 2.36126e-05 8.48389e-05 -9.38823e-06
internal_weight=14995 12538 9269 7094
internal_count=14995 12538 9269 7094
is_linear=0
shrinkage=0.05


Tree=346
num_leaves=6
num_cat=0
split_feature=15 14 3 4 0
split_gain=0.0332076 0.0531082 0.0426476 0.0283015 0.0397383
threshold=76.872127059277872 0.025280486192390764 0.37374536950000004 6751.0000000000009 0.045232297000000012
decision_type=2 2 2 10 2
left_child=2 3 -1 4 -2
right_child=1 -3 -4 -5 -6
leaf_value=6.177903638614882e-05 4.9850990808198147e-05 0.00022867334893161351 -0.00025950993156849855 0.00012354697887719676 -0.00023341987878107664
leaf_weight=2007 2698 3347 2128 2592 2288
leaf_count=2007 2698 3347 2128 2592 2288
internal_value=1.71175e-05 6.27951e-05 -0.000103566 -1.04688e-05 -8.01377e-05
internal_weight=15060 10925 4135 7578 4986
internal_count=15060 10925 4135 7578 4986
is_linear=0
shrinkage=0.05


Tree=347
num_leaves=5
num_cat=0
split_feature=14 1 14 0
split_gain=0.0655191 0.0519121 0.038812 0.0113652
threshold=0.041158150674328181 46.500000000000007 0.011631852661456764 0.03132371300000001
decision_type=2 2 2 2
left_child=1 -1 3 -3
right_child=-2 2 -4 -5
leaf_value=0.0001423055916797082 0.00026148423084804552 -7.7902047767817886e-05 -0.00022823352862979282 5.9239945218741784e-05
leaf_weight=3544 2470 3040 3063 3003
leaf_count=3544 2470 3040 3063 3003
internal_value=2.59387e-05 -2.00532e-05 -8.32423e-05 -9.7509e-06
internal_weight=15120 12650 9106 6043
internal_count=15120 12650 9106 6043
is_linear=0
shrinkage=0.05


Tree=348
num_leaves=6
num_cat=0
split_feature=3 0 0 5 0
split_gain=0.0295571 0.0733448 0.0628822 0.0355736 0.0593327
threshold=0.22516868500000004 0.40980152950000004 0.060249866000000006 7.5000000000000009 0.058216802500000005
decision_type=2 2 2 2 2
left_child=2 3 -1 -2 -5
right_child=1 -3 -4 4 -6
leaf_value=-4.8469249187629935e-05 -9.1418002592513726e-05 -0.00028852621266773422 0.00031462894972244138 -7.8291012980352483e-05 0.00027303833495401735
leaf_weight=2576 3194 2175 2220 2098 2813
leaf_count=2576 3194 2175 2220 2098 2813
internal_value=1.71059e-05 -3.07132e-05 0.000119604 3.84717e-05 0.000122949
internal_weight=15076 10280 4796 8105 4911
internal_count=15076 10280 4796 8105 4911
is_linear=0
shrinkage=0.05


Tree=349
num_leaves=6
num_cat=0
split_feature=14 1 15 4 3
split_gain=0.0383389 0.0741718 0.0378772 0.0209173 0.0107779
threshold=0.024683041463863385 48.500000000000007 335.16274652843748 12459.500000000002 0.28721533600000004
decision_type=2 2 2 8 2
left_child=2 -2 3 4 -1
right_child=1 -3 -4 -5 -6
leaf_value=-3.0632943825622611e-05 -0.00034107640699682459 4.4863861835798399e-05 0.00021213143635397352 -0.00014613619808524636 0.00011127096137122347
leaf_weight=3241 2469 2511 2098 2510 2279
leaf_count=3241 2469 2511 2098 2510 2279
internal_value=-3.28905e-05 -0.000146479 2.29616e-05 -2.64629e-05 2.79538e-05
internal_weight=15108 4980 10128 8030 5520
internal_count=15108 4980 10128 8030 5520
is_linear=0
shrinkage=0.05


Tree=350
num_leaves=7
num_cat=0
split_feature=5 14 14 4 0 0
split_gain=0.078905 0.217105 0.0720925 0.0148674 0.0338239 0.0149214
threshold=5.5000000000000009 0.03753454587747914 0.011232086651081066 13202.000000000002 0.12531049800000002 0.028607231000000004
decision_type=2 2 2 8 2 2
left_child=2 3 -1 4 5 -2
right_child=1 -3 -4 -5 -6 -7
leaf_value=-1.0351760081523416e-05 9.1527919085401203e-05 -0.00051772733291136032 0.00039419372627197364 -6.7733819335842455e-05 0.00024337000829427957 -0.0001000400560807915
leaf_weight=2396 2039 2202 2038 2349 2094 2027
leaf_count=2396 2039 2202 2038 2349 2094 2027
internal_value=-1.79051e-06 -7.522e-05 0.00017559 3.92942e-05 8.01073e-05 -3.97338e-06
internal_weight=15145 10711 4434 8509 6160 4066
internal_count=15145 10711 4434 8509 6160 4066
is_linear=0
shrinkage=0.05


Tree=351
num_leaves=5
num_cat=0
split_feature=9 0 0 4
split_gain=0.103284 0.127601 0.0583195 0.020899
threshold=1.0000000180025095e-35 0.12531049800000002 0.11470883600000002 6201.0000000000009
decision_type=8 2 2 8
left_child=1 3 -2 -1
right_child=2 -3 -4 -5
leaf_value=8.9145579826908032e-05 2.4038560971785238e-05 0.00036779235585415303 -0.00028615273604098231 -0.0001070089903137416
leaf_weight=2474 2956 3503 3109 3010
leaf_count=2474 2956 3503 3109 3010
internal_value=2.44642e-05 0.00013206 -0.00013497 -1.85177e-05
internal_weight=15052 8987 6065 5484
internal_count=15052 8987 6065 5484
is_linear=0
shrinkage=0.05


Tree=352
num_leaves=6
num_cat=0
split_feature=3 3 3 15 15
split_gain=0.0378685 0.101863 0.0701199 0.0438718 0.0372947
threshold=0.49425377900000006 0.35380937650000005 2.0535186255000002 106.20466841726351 217.32735061272075
decision_type=2 2 2 2 2
left_child=1 3 -2 -1 -5
right_child=2 -3 -4 4 -6
leaf_value=-0.00015970125915775984 0.00031038731912424788 -0.00038972419191321225 -5.5145180183689707e-05 0.00025483949425338158 -2.2521978634519549e-05
leaf_weight=2558 2157 2042 3349 2106 2855
leaf_count=2558 2157 2042 3349 2106 2855
internal_value=-1.64012e-05 -7.65548e-05 8.80538e-05 8.49527e-06 9.52211e-05
internal_weight=15067 9561 5506 7519 4961
internal_count=15067 9561 5506 7519 4961
is_linear=0
shrinkage=0.05


Tree=353
num_leaves=6
num_cat=0
split_feature=15 14 15 15 14
split_gain=0.0312833 0.0802175 0.0256302 0.0739798 0.0361762
threshold=372.08839226053482 0.041158150674328181 24.643635872833269 103.1465783940161 0.0098511074846314734
decision_type=2 2 2 2 2
left_child=1 2 -1 -4 -5
right_child=-2 -3 3 4 -6
leaf_value=-0.00019672234548117088 -0.00017200261358434087 0.00030363050437469603 0.00023749383504546178 4.577978972607064e-05 -0.0001990621511210009
leaf_weight=2018 2567 2075 2388 2707 3408
leaf_count=2018 2567 2075 2388 2707 3408
internal_value=-1.29147e-05 1.95066e-05 -3.65296e-05 1.48858e-06 -9.0675e-05
internal_weight=15163 12596 10521 8503 6115
internal_count=15163 12596 10521 8503 6115
is_linear=0
shrinkage=0.05


Tree=354
num_leaves=5
num_cat=0
split_feature=15 15 0 5
split_gain=0.0249669 0.0554488 0.0682779 0.0561275
threshold=69.81103148410908 202.05606833267842 0.18427206200000004 8.5000000000000018
decision_type=2 2 2 2
left_child=-1 3 -3 -2
right_child=1 2 -4 -5
leaf_value=-8.5053968732867172e-05 0.0003160161035557811 8.1385061063581852e-05 -0.00027688853507453745 -1.0896245942424804e-05
leaf_weight=3841 3118 3799 2046 2268
leaf_count=3841 3118 3799 2046 2268
internal_value=2.49868e-05 6.26207e-05 -4.4026e-05 0.000178356
internal_weight=15072 11231 5845 5386
internal_count=15072 11231 5845 5386
is_linear=0
shrinkage=0.05


Tree=355
num_leaves=5
num_cat=0
split_feature=15 1 3 0
split_gain=0.0640801 0.070166 0.0698671 0.0764031
threshold=409.46245331306409 43.500000000000007 0.49425377900000006 0.15012433400000003
decision_type=2 2 2 2
left_child=1 -1 3 -3
right_child=-2 2 -4 -5
leaf_value=-0.00021923618396781845 0.00027553345193629596 7.2063057675054529e-05 0.00021765496693695475 -0.0003012589093485865
leaf_weight=3289 2143 3956 3738 2097
leaf_count=3289 2143 3956 3738 2097
internal_value=2.20939e-05 -1.94291e-05 4.76903e-05 -5.72705e-05
internal_weight=15223 13080 9791 6053
internal_count=15223 13080 9791 6053
is_linear=0
shrinkage=0.05


Tree=356
num_leaves=6
num_cat=0
split_feature=0 9 4 4 3
split_gain=0.0472642 0.0434403 0.117735 0.0658387 0.0234115
threshold=0.40980152950000004 1.0000000180025095e-35 6751.0000000000009 6201.0000000000009 0.59160016250000014
decision_type=2 10 8 8 2
left_child=1 3 -3 -1 -5
right_child=-2 2 -4 4 -6
leaf_value=0.00024807003789591425 -0.00021034146817621474 -0.00038000015621399933 0.00013749403989064056 7.8954830437676026e-05 -0.00015187669642336766
leaf_weight=3463 2885 2116 2287 2075 2334
leaf_count=3463 2885 2116 2287 2075 2334
internal_value=-2.82354e-05 1.45651e-05 -0.000111204 8.49108e-05 -4.32409e-05
internal_weight=15160 12275 4403 7872 4409
internal_count=15160 12275 4403 7872 4409
is_linear=0
shrinkage=0.05


Tree=357
num_leaves=5
num_cat=0
split_feature=3 3 3 15
split_gain=0.0339647 0.0676836 0.0477526 0.0436367
threshold=0.81300265300000019 0.43314913800000004 0.30416070950000001 202.05606833267842
decision_type=2 2 2 2
left_child=1 2 3 -1
right_child=-2 -3 -4 -5
leaf_value=2.2436055821968999e-05 9.0608972257082783e-05 -0.0003197076479446861 0.00018349075859680085 -0.00024027074705104199
leaf_weight=3864 3902 2341 2217 2675
leaf_count=3864 3902 2341 2217 2675
internal_value=-3.62765e-05 -8.08928e-05 -1.70434e-05 -8.50331e-05
internal_weight=14999 11097 8756 6539
internal_count=14999 11097 8756 6539
is_linear=0
shrinkage=0.05


Tree=358
num_leaves=5
num_cat=0
split_feature=0 1 1 4
split_gain=0.0681606 0.0473937 0.031887 0.0248261
threshold=0.40980152950000004 46.500000000000007 56.500000000000007 2466.0000000000005
decision_type=2 2 2 10
left_child=1 -1 -3 -4
right_child=-2 2 3 -5
leaf_value=0.00017618627149219529 -0.00024399619263242448 -0.0001729316407334346 0.00016875638516589158 -4.8697446410885882e-05
leaf_weight=3693 2876 2900 2072 3581
leaf_count=3693 2876 2900 2072 3581
internal_value=-2.49505e-05 2.64929e-05 -3.81415e-05 3.10061e-05
internal_weight=15122 12246 8553 5653
internal_count=15122 12246 8553 5653
is_linear=0
shrinkage=0.05


Tree=359
num_leaves=6
num_cat=0
split_feature=14 3 14 3 1
split_gain=0.0802963 0.0347335 0.0478727 0.0484679 0.0201784
threshold=0.03753454587747914 0.098001507000000015 0.012070312758673211 0.45588383850000008 55.500000000000007
decision_type=2 2 2 2 2
left_child=1 -1 4 -4 -3
right_child=-2 2 3 -5 -6
leaf_value=-0.0001586507040019751 -0.00027105078198303697 -0.00015104246680883716 0.00036614839846279147 1.9088541330280217e-05 4.0544372865310964e-05
leaf_weight=2251 2984 2223 2001 2023 3600
leaf_count=2251 2984 2223 2001 2023 3600
internal_value=-3.87526e-05 1.85443e-05 5.90506e-05 0.00019167 -3.25962e-05
internal_weight=15082 12098 9847 4024 5823
internal_count=15082 12098 9847 4024 5823
is_linear=0
shrinkage=0.05


Tree=360
num_leaves=6
num_cat=0
split_feature=9 4 14 3 4
split_gain=0.0362841 0.0670411 0.0485009 0.0190712 0.0321921
threshold=1.0000000180025095e-35 5757.0000000000009 0.026258552990754341 0.73649839350000013 5416.5000000000009
decision_type=10 8 2 2 10
left_child=2 -2 3 4 -1
right_child=1 -3 -4 -5 -6
leaf_value=-0.00017412961137331024 -0.00030812296589479945 4.9562076214199832e-05 0.0002763330829626685 0.0001267513443952357 9.0943770334853645e-05
leaf_weight=2364 2052 3623 2363 2465 2222
leaf_count=2364 2052 3623 2363 2465 2222
internal_value=2.00906e-05 -7.97718e-05 8.02902e-05 1.45904e-05 -4.56968e-05
internal_weight=15089 5675 9414 7051 4586
internal_count=15089 5675 9414 7051 4586
is_linear=0
shrinkage=0.05


Tree=361
num_leaves=5
num_cat=0
split_feature=3 1 5 1
split_gain=0.0357071 0.0428855 0.0429131 0.0879325
threshold=0.18180374650000003 46.500000000000007 10.500000000000002 58.500000000000007
decision_type=2 2 2 2
left_child=-1 -2 3 -3
right_child=1 2 -4 -5
leaf_value=-0.00012209527342379938 0.00019543479280731749 -0.00034378040591242441 0.00013830290490856977 8.8268018072099646e-05
leaf_weight=3995 3556 2148 2856 2607
leaf_count=3995 3556 2148 2856 2607
internal_value=6.19067e-06 5.2085e-05 -1.48906e-05 -0.000106903
internal_weight=15162 11167 7611 4755
internal_count=15162 11167 7611 4755
is_linear=0
shrinkage=0.05


Tree=362
num_leaves=6
num_cat=0
split_feature=14 3 1 14 1
split_gain=0.078886 0.0147756 0.0554715 0.0416327 0.0152768
threshold=0.037319737678589364 0.44731228550000007 57.500000000000007 0.015110870123569533 55.500000000000007
decision_type=2 2 2 2 2
left_child=1 3 -3 4 -1
right_child=-2 2 -4 -5 -6
leaf_value=-0.00011959374926822459 -0.00027609965646887554 -0.00023556900282440483 0.00011329688384822484 0.00024366353103021465 5.0978044654675992e-05
leaf_weight=2273 3055 2295 2263 2051 3107
leaf_count=2273 3055 2295 2263 2051 3107
internal_value=-4.92833e-05 8.51331e-06 -6.23607e-05 5.19857e-05 -2.1087e-05
internal_weight=15044 11989 4558 7431 5380
internal_count=15044 11989 4558 7431 5380
is_linear=0
shrinkage=0.05


Tree=363
num_leaves=6
num_cat=0
split_feature=0 14 15 0 0
split_gain=0.0650843 0.0638426 0.0417626 0.0170138 0.00762546
threshold=0.18427206200000004 0.014751980416822496 173.45831997036001 0.041238561000000014 0.0078977940000000014
decision_type=2 2 2 2 2
left_child=1 3 -2 4 -1
right_child=2 -3 -4 -5 -6
leaf_value=5.4871649738634117e-06 -2.3290727943365185e-05 0.00029760940440981185 -0.00030354222346847069 8.7599226346020553e-05 -0.00012561356219154484
leaf_weight=2052 2963 2305 2411 3065 2414
leaf_count=2052 2963 2305 2411 3065 2414
internal_value=-9.09539e-06 6.73556e-05 -0.000149023 -3.11776e-06 -6.53765e-05
internal_weight=15210 9836 5374 7531 4466
internal_count=15210 9836 5374 7531 4466
is_linear=0
shrinkage=0.05


Tree=364
num_leaves=6
num_cat=0
split_feature=15 4 3 4 3
split_gain=0.0555154 0.0754732 0.0655057 0.151847 0.0189909
threshold=129.93111859274003 3200.5000000000005 0.33148183250000007 9667.0000000000018 0.16706753750000003
decision_type=2 10 2 8 2
left_child=1 -1 4 -4 -2
right_child=2 -3 3 -5 -6
leaf_value=0.00011647181034973187 7.7132171932685963e-05 -0.00022604139580252388 0.00054767963182989464 -4.5126361314314738e-05 -0.00013659731925164771
leaf_weight=2810 2121 3761 2154 2167 2038
leaf_count=2810 2121 3761 2154 2167 2038
internal_value=2.95176e-05 -7.95702e-05 0.000114048 0.000250385 -2.75999e-05
internal_weight=15051 6571 8480 4321 4159
internal_count=15051 6571 8480 4321 4159
is_linear=0
shrinkage=0.05


Tree=365
num_leaves=6
num_cat=0
split_feature=4 14 15 15 15
split_gain=0.0370289 0.0356275 0.0792987 0.0685718 0.0336922
threshold=7201.0000000000009 0.032002048131080395 108.52738125662394 205.49878652182289 195.34946029896585
decision_type=10 2 2 2 2
left_child=1 2 -1 -4 -2
right_child=4 -3 3 -5 -6
leaf_value=0.00017836206065122203 -7.9818161331830774e-09 0.00019385629181330153 -0.0003587774716546233 1.6412159128354162e-05 -0.00028488882403312864
leaf_weight=3232 2138 2721 2081 2936 2017
leaf_count=3232 2138 2721 2081 2936 2017
internal_value=-1.11814e-05 3.69662e-05 -1.47853e-05 -0.000139213 -0.0001383
internal_weight=15125 10970 8249 5017 4155
internal_count=15125 10970 8249 5017 4155
is_linear=0
shrinkage=0.05


Tree=366
num_leaves=6
num_cat=0
split_feature=1 0 4 14 1
split_gain=0.0404981 0.0338964 0.0684093 0.0557198 0.0431986
threshold=37.500000000000007 0.025951136000000003 2665.0000000000005 0.028598038407648563 56.500000000000007
decision_type=2 2 10 2 2
left_child=-1 -2 -3 4 -4
right_child=1 2 3 -5 -6
leaf_value=0.00020006358589962851 9.0825997781539505e-05 -0.00029925064859860894 -0.00026364301231147403 0.00020668926792955734 5.325574244882239e-05
leaf_weight=2126 3769 2690 2130 2179 2172
leaf_count=2126 3769 2690 2130 2179 2172
internal_value=-2.17962e-06 -3.54075e-05 -8.72856e-05 6.9245e-07 -0.000103647
internal_weight=15066 12940 9171 6481 4302
internal_count=15066 12940 9171 6481 4302
is_linear=0
shrinkage=0.05


Tree=367
num_leaves=6
num_cat=0
split_feature=4 3 14 3 14
split_gain=0.0348639 0.0369232 0.130914 0.0395022 0.0577955
threshold=3702.5000000000005 0.15795920100000002 0.034660041604486054 0.58416120100000002 0.010684573751964429
decision_type=8 2 2 2 2
left_child=-1 -2 3 4 -3
right_child=1 2 -4 -5 -6
leaf_value=-0.00017578255159269798 -0.00015615979870888661 -0.000120602248283784 0.00040295919070669554 -0.0001819961951470539 0.00024499543929636444
leaf_weight=3078 2546 2259 2134 2987 2073
leaf_count=3078 2546 2259 2134 2987 2073
internal_value=-2.56625e-05 1.28464e-05 5.83653e-05 -4.21079e-05 5.43479e-05
internal_weight=15077 11999 9453 7319 4332
internal_count=15077 11999 9453 7319 4332
is_linear=0
shrinkage=0.05


Tree=368
num_leaves=6
num_cat=0
split_feature=4 14 4 1 15
split_gain=0.0522071 0.0959047 0.0296345 0.0345835 0.00788424
threshold=4389.5000000000009 0.021036385489510496 13504.000000000002 55.500000000000007 160.79729182240382
decision_type=8 2 8 2 2
left_child=1 -1 3 -2 -4
right_child=2 -3 4 -5 -6
leaf_value=7.479739711059439e-05 0.00020508514991472617 -0.00041013988258560259 -0.00013247673958031628 -2.2546044423251919e-05 7.3975706622366981e-06
leaf_weight=2068 3948 2011 2001 2890 2029
leaf_count=2068 3948 2011 2001 2890 2029
internal_value=-1.17528e-05 -0.000164283 4.54952e-05 0.00010888 -6.20537e-05
internal_weight=14947 4079 10868 6838 4030
internal_count=14947 4079 10868 6838 4030
is_linear=0
shrinkage=0.05


Tree=369
num_leaves=6
num_cat=0
split_feature=4 14 4 15 3
split_gain=0.0696963 0.149233 0.0411351 0.0262346 0.00768183
threshold=11133.500000000002 0.03753454587747914 3563.0000000000005 224.33787257743185 107.16666665000001
decision_type=8 2 10 2 2
left_child=1 2 -1 -4 -2
right_child=4 -3 3 -5 -6
leaf_value=0.00018832115693284798 0.0001990863099197091 -0.00044694089874962079 -0.00014632351424211852 7.4009623015130509e-05 7.0732572403014242e-05
leaf_weight=2195 2272 2381 3691 2131 2394
leaf_count=2195 2272 2381 3691 2131 2394
internal_value=-2.73174e-05 -9.93621e-05 3.8667e-06 -6.5676e-05 0.000133231
internal_weight=15064 10398 8017 5822 4666
internal_count=15064 10398 8017 5822 4666
is_linear=0
shrinkage=0.05


Tree=370
num_leaves=6
num_cat=0
split_feature=14 0 1 15 1
split_gain=0.0786137 0.0424506 0.0488645 0.0286778 0.0353266
threshold=0.042395505382465955 0.12764438550000004 53.500000000000007 76.872127059277872 61.500000000000007
decision_type=2 2 2 2 2
left_child=1 3 -3 -1 -5
right_child=-2 2 -4 4 -6
leaf_value=-0.00016467688710895356 -0.00026787402487115194 0.0003446258947476096 1.1444580952170933e-05 0.00014036650878770858 -0.00010595165516301606
leaf_weight=2311 2273 2187 2215 3655 2419
leaf_count=2311 2273 2187 2215 3655 2419
internal_value=3.07724e-06 5.12412e-05 0.000176976 -1.47675e-05 4.22691e-05
internal_weight=15060 12787 4402 8385 6074
internal_count=15060 12787 4402 8385 6074
is_linear=0
shrinkage=0.05


Tree=371
num_leaves=7
num_cat=0
split_feature=5 0 0 15 14 3
split_gain=0.0607059 0.0515041 0.0833592 0.0395327 0.0266164 0.00576347
threshold=13.500000000000002 0.18427206200000004 0.43731566450000009 76.872127059277872 0.010159559682860938 0.25526125450000009
decision_type=2 2 2 2 2 2
left_child=1 3 -3 -1 5 -5
right_child=-2 2 -4 4 -6 -7
leaf_value=-0.00015455676274892682 0.00023868425750225028 -0.00040876075577114704 1.8776562928106379e-05 7.3695706273741956e-05 0.00023412398695116357 -4.5848404383217645e-05
leaf_weight=2297 2099 2191 2377 2014 2078 2019
leaf_count=2297 2099 2191 2377 2014 2078 2019
internal_value=-1.07872e-05 -5.11417e-05 -0.000186288 2.22821e-05 8.87522e-05 1.38495e-05
internal_weight=15075 12976 4568 8408 6111 4033
internal_count=15075 12976 4568 8408 6111 4033
is_linear=0
shrinkage=0.05


Tree=372
num_leaves=6
num_cat=0
split_feature=15 14 1 14 14
split_gain=0.0498625 0.102658 0.035652 0.0566611 0.0139212
threshold=375.92857016900012 0.041158150674328181 46.500000000000007 0.011631852661456764 0.0061485369884320016
decision_type=2 2 2 2 2
left_child=1 2 -1 4 -4
right_child=-2 -3 3 -5 -6
leaf_value=0.00011874129471036635 -0.00021112163534108149 0.00035546022281790821 -7.7481544444279549e-05 -0.00027997355931781058 8.8615768879425207e-05
leaf_weight=2956 2461 2085 2385 2515 2678
leaf_count=2956 2461 2085 2385 2515 2678
internal_value=-5.24207e-06 3.49093e-05 -2.85376e-05 -8.59876e-05 1.03732e-05
internal_weight=15080 12619 10534 7578 5063
internal_count=15080 12619 10534 7578 5063
is_linear=0
shrinkage=0.05


Tree=373
num_leaves=6
num_cat=0
split_feature=4 3 15 15 3
split_gain=0.0425646 0.0502522 0.0727567 0.104433 0.0375851
threshold=11133.500000000002 0.12071710450000002 263.83066313477667 131.92818940762405 479.50000000000006
decision_type=8 2 2 2 2
left_child=1 -1 3 -3 -2
right_child=4 2 -4 -5 -6
leaf_value=0.00015156818660195127 0.00026011339548110129 -0.00017903613968540391 -0.00035997750304860102 0.00025907366706162162 -2.3445845981850236e-05
leaf_weight=2413 2601 3700 2118 2151 2122
leaf_count=2413 2601 3700 2118 2151 2122
internal_value=8.27132e-06 -4.83399e-05 -0.000108872 -1.79741e-05 0.000132713
internal_weight=15105 10382 7969 5851 4723
internal_count=15105 10382 7969 5851 4723
is_linear=0
shrinkage=0.05


Tree=374
num_leaves=5
num_cat=0
split_feature=3 7 15 3
split_gain=0.0512297 0.0525019 0.0603058 0.0238459
threshold=0.81300265300000019 1.5000000000000002 185.08651479539785 0.22260272850000004
decision_type=2 2 2 2
left_child=1 2 3 -1
right_child=-2 -3 -4 -5
leaf_value=-1.4653440791860847e-05 0.00014134464756819241 -0.00024445443897993434 0.00015841000402157208 -0.00024025399526390732
leaf_weight=2559 3898 3091 3395 2160
leaf_count=2559 3898 3091 3395 2160
internal_value=-1.47846e-05 -6.90989e-05 -2.29786e-06 -0.000117916
internal_weight=15103 11205 8114 4719
internal_count=15103 11205 8114 4719
is_linear=0
shrinkage=0.05


Tree=375
num_leaves=6
num_cat=0
split_feature=1 14 1 14 14
split_gain=0.0564995 0.0708803 0.0576239 0.0570764 0.0386701
threshold=48.500000000000007 0.022835292694238878 55.500000000000007 0.015396367575775815 0.0061485369884320016
decision_type=2 2 2 2 2
left_child=1 -1 -2 4 -4
right_child=2 -3 3 -5 -6
leaf_value=5.6045536919681853e-06 0.00023947226004625294 -0.00035272382703412715 -8.0557031482023228e-05 -0.00026167778756004223 0.00019843077098319968
leaf_weight=2843 2488 2682 2632 2062 2352
leaf_count=2843 2488 2682 2632 2062 2352
internal_value=-4.11157e-05 -0.000168339 3.26107e-05 -4.04338e-05 5.11001e-05
internal_weight=15059 5525 9534 7046 4984
internal_count=15059 5525 9534 7046 4984
is_linear=0
shrinkage=0.05


Tree=376
num_leaves=5
num_cat=0
split_feature=1 14 3 14
split_gain=0.0592862 0.045094 0.0413251 0.0452953
threshold=39.500000000000007 0.025810182647400624 0.6381647935000001 0.0098511074846314734
decision_type=2 2 2 2
left_child=-1 2 3 -2
right_child=1 -3 -4 -5
leaf_value=-0.00023189287836699563 1.7037104728724007e-05 0.00018596778364532809 0.00013766005083081995 -0.00025179560285639905
leaf_weight=2624 3694 3365 2652 2721
leaf_count=2624 3694 3365 2652 2721
internal_value=-1.59293e-05 2.96537e-05 -2.83585e-05 -9.69915e-05
internal_weight=15056 12432 9067 6415
internal_count=15056 12432 9067 6415
is_linear=0
shrinkage=0.05


Tree=377
num_leaves=6
num_cat=0
split_feature=3 15 1 1 3
split_gain=0.0475495 0.080816 0.0395894 0.0526981 0.015823
threshold=0.49425377900000006 108.52738125662394 50.500000000000007 61.500000000000007 0.24040928850000001
decision_type=2 2 2 2 2
left_child=2 -2 4 -4 -1
right_child=1 -3 3 -5 -6
leaf_value=-3.5113612780024254e-05 0.00040137195376025218 1.1701682479687054e-05 0.00024127586331689388 -7.1034778736426836e-05 -0.0002336574439883824
leaf_weight=2009 2236 3286 2503 2934 2005
leaf_count=2009 2236 3286 2503 2934 2005
internal_value=5.29213e-05 0.000169489 -1.51866e-05 7.27419e-05 -0.000134287
internal_weight=14973 5522 9451 5437 4014
internal_count=14973 5522 9451 5437 4014
is_linear=0
shrinkage=0.05


Tree=378
num_leaves=6
num_cat=0
split_feature=15 15 15 1 5
split_gain=0.0477602 0.0335248 0.040152 0.0911487 0.0235798
threshold=329.17065811819378 208.85081630663726 76.872127059277872 55.500000000000007 7.5000000000000009
decision_type=2 2 2 2 2
left_child=1 2 4 -4 -1
right_child=-2 -3 3 -5 -6
leaf_value=-0.0002349155183004592 0.00018057441473254461 -0.00019915657191936828 0.00028153266283717331 -0.00013146239605582759 5.8128083426332719e-06
leaf_weight=2039 3083 2595 2931 2455 2030
leaf_count=2039 3083 2595 2931 2455 2030
internal_value=4.96524e-06 -3.99645e-05 3.72706e-06 9.32848e-05 -0.000114818
internal_weight=15133 12050 9455 5386 4069
internal_count=15133 12050 9455 5386 4069
is_linear=0
shrinkage=0.05


Tree=379
num_leaves=6
num_cat=0
split_feature=3 3 3 3 0
split_gain=0.03716 0.0394437 0.046061 0.0450342 0.0727849
threshold=622.00000000000011 0.59160016250000014 0.39382508850000003 0.24800291700000002 0.028055585000000004
decision_type=2 2 2 2 2
left_child=1 2 3 4 -1
right_child=-2 -3 -4 -5 -6
leaf_value=-0.00021131384963139692 0.00017525180055942904 -0.00022472433027446266 0.00020202937397655057 -0.00022055913953632981 0.00016923895106684284
leaf_weight=2016 2147 2569 2119 2837 3335
leaf_count=2016 2147 2569 2119 2837 3335
internal_value=-1.7325e-05 -4.94361e-05 -5.74589e-06 -5.95167e-05 2.58649e-05
internal_weight=15023 12876 10307 8188 5351
internal_count=15023 12876 10307 8188 5351
is_linear=0
shrinkage=0.05


Tree=380
num_leaves=6
num_cat=0
split_feature=14 14 4 4 15
split_gain=0.0460417 0.0444053 0.0197904 0.0293782 0.0190197
threshold=0.041158150674328181 0.021446501348364729 4997.5000000000009 7602.0000000000009 149.08523252516849
decision_type=2 2 8 10 2
left_child=1 2 -1 4 -4
right_child=-2 -3 3 -5 -6
leaf_value=0.00014829113551600244 0.00021066261028156446 -0.000183420215319136 1.819020073100671e-05 0.00012363646059159307 -0.00019280535722926266
leaf_weight=2544 2437 3328 2007 2425 2283
leaf_count=2544 2437 3328 2007 2425 2283
internal_value=1.1739e-05 -2.67751e-05 2.95285e-05 -1.54651e-05 -9.40948e-05
internal_weight=15024 12587 9259 6715 4290
internal_count=15024 12587 9259 6715 4290
is_linear=0
shrinkage=0.05


Tree=381
num_leaves=6
num_cat=0
split_feature=4 4 4 14 15
split_gain=0.0359679 0.0430218 0.0732499 0.0711912 0.0125067
threshold=3499.5000000000005 5401.5000000000009 7999.5000000000009 0.02112089312688822 146.63093194419531
decision_type=8 8 8 2 2
left_child=-1 -2 -3 4 -4
right_child=1 2 3 -5 -6
leaf_value=0.00014188768996782137 -0.00023112670202133138 0.00020773391774175454 -8.0223567850098304e-05 -0.00033802145228096109 8.5681225757075138e-05
leaf_weight=2761 2773 2796 2021 2102 2594
leaf_count=2761 2773 2796 2021 2102 2594
internal_value=-2.11826e-05 -5.78289e-05 -7.31334e-06 -9.68283e-05 1.30282e-05
internal_weight=15047 12286 9513 6717 4615
internal_count=15047 12286 9513 6717 4615
is_linear=0
shrinkage=0.05


Tree=382
num_leaves=6
num_cat=0
split_feature=1 1 14 4 1
split_gain=0.037012 0.0580488 0.0535709 0.0409391 0.0325413
threshold=61.500000000000007 48.500000000000007 0.018368184544794424 5800.5000000000009 70.500000000000014
decision_type=2 2 2 10 2
left_child=1 3 -3 -1 -2
right_child=4 2 -4 -5 -6
leaf_value=-0.0001320161391953895 -0.00019857435805485755 6.7756213304115114e-05 0.00040763437387739566 0.00014869989739247781 6.1631494331823868e-05
leaf_weight=3439 2711 2723 2019 2087 2158
leaf_count=3439 2711 2723 2019 2087 2158
internal_value=3.02909e-05 8.413e-05 0.000212466 -2.59983e-05 -8.3248e-05
internal_weight=15137 10268 4742 5526 4869
internal_count=15137 10268 4742 5526 4869
is_linear=0
shrinkage=0.05


Tree=383
num_leaves=6
num_cat=0
split_feature=14 15 15 1 1
split_gain=0.0657725 0.059174 0.0338485 0.0521229 0.0328853
threshold=0.046476333403236529 303.30327684885759 103.1465783940161 58.500000000000007 55.500000000000007
decision_type=2 2 2 2 2
left_child=1 2 4 -4 -1
right_child=-2 -3 3 -5 -6
leaf_value=0.00019875288513858998 -0.00028225405084637627 0.00021067228526677382 -0.00026066503920548401 5.3791755325825493e-05 -7.1109812279462848e-05
leaf_weight=2207 2098 3085 3054 2318 2311
leaf_count=2207 2098 3085 3054 2318 2311
internal_value=-2.25114e-05 1.94879e-05 -4.01485e-05 -0.000124978 6.07155e-05
internal_weight=15073 12975 9890 5372 4518
internal_count=15073 12975 9890 5372 4518
is_linear=0
shrinkage=0.05


Tree=384
num_leaves=6
num_cat=0
split_feature=7 15 14 1 15
split_gain=0.0363216 0.0358437 0.0221476 0.0132043 0.0276572
threshold=1.5000000000000002 153.90141356107236 0.03563441594867215 52.500000000000007 203.74865566665716
decision_type=2 2 2 2 2
left_child=2 -2 3 -1 -5
right_child=1 -3 -4 4 -6
leaf_value=-7.8640976596860718e-05 -1.8273455565725198e-05 0.000273995779218024 -0.00017962662555610583 -4.3201040284449891e-05 0.00019176336610221448
leaf_weight=3426 2001 2205 2203 3249 2038
leaf_count=3426 2001 2205 2203 3249 2038
internal_value=1.01116e-05 0.000134949 -3.7989e-05 -2.17726e-06 4.73716e-05
internal_weight=15122 4206 10916 8713 5287
internal_count=15122 4206 10916 8713 5287
is_linear=0
shrinkage=0.05


Tree=385
num_leaves=5
num_cat=0
split_feature=15 15 14 5
split_gain=0.0658901 0.0771787 0.0550197 0.0258621
threshold=128.8068742851361 50.431122364653937 0.025810182647400624 8.5000000000000018
decision_type=2 2 2 2
left_child=1 -1 3 -2
right_child=2 -3 -4 -5
leaf_value=6.6298908098882326e-05 -7.3558689419108651e-05 -0.0002781790820829917 0.00028827402155504116 0.00013716602420119772
leaf_weight=3039 3635 3497 2534 2429
leaf_count=3039 3635 3497 2534 2429
internal_value=1.64973e-06 -0.000118009 9.26119e-05 1.08493e-05
internal_weight=15134 6536 8598 6064
internal_count=15134 6536 8598 6064
is_linear=0
shrinkage=0.05


Tree=386
num_leaves=5
num_cat=0
split_feature=4 1 14 1
split_gain=0.0350391 0.0509182 0.0650382 0.025845
threshold=1499.0000000000002 61.500000000000007 0.033964007344617006 50.500000000000007
decision_type=10 2 2 2
left_child=-1 2 3 -2
right_child=1 -3 -4 -5
leaf_value=-0.00014597098777830152 -8.8898364577681929e-05 -0.00013857179580923089 0.00031161150123807605 0.00013029771101539931
leaf_weight=3883 3256 3250 2435 2291
leaf_count=3883 3256 3250 2435 2291
internal_value=-1.64956e-05 2.82652e-05 9.61956e-05 1.63313e-06
internal_weight=15115 11232 7982 5547
internal_count=15115 11232 7982 5547
is_linear=0
shrinkage=0.05


Tree=387
num_leaves=6
num_cat=0
split_feature=15 14 15 1 14
split_gain=0.0957015 0.0798069 0.0278639 0.0681877 0.050604
threshold=41.537058601297772 0.040286726804123721 103.1465783940161 65.500000000000014 0.0091480837449767032
decision_type=2 2 2 2 2
left_child=-1 2 -2 4 -4
right_child=1 -3 3 -5 -6
leaf_value=0.00025405844726102247 0.00015539809020572939 -0.00034263886682726517 6.6296389475432472e-05 0.0001962201264891776 -0.00024039985879334923
leaf_weight=2821 2042 2188 2033 2069 3974
leaf_count=2821 2042 2188 2033 2069 3974
internal_value=-8.61117e-06 -6.8825e-05 -9.61318e-06 -5.13359e-05 -0.000136602
internal_weight=15127 12306 10118 8076 6007
internal_count=15127 12306 10118 8076 6007
is_linear=0
shrinkage=0.05


Tree=388
num_leaves=6
num_cat=0
split_feature=4 9 4 15 3
split_gain=0.0421525 0.0459848 0.0568438 0.0433969 0.023472
threshold=11133.500000000002 1.5000000000000002 6498.5000000000009 189.50021093070478 479.50000000000006
decision_type=8 10 10 2 2
left_child=1 2 3 -1 -2
right_child=4 -3 -4 -5 -6
leaf_value=-0.00010066327679980139 0.00025466524046862998 0.00017046694415916142 -0.00028223259160804591 0.00018882633471434872 2.9252199472003175e-05
leaf_weight=3546 2572 2286 2490 2039 2096
leaf_count=3546 2572 2286 2490 2039 2096
internal_value=2.86982e-05 -2.75077e-05 -8.35535e-05 5.02505e-06 0.000153452
internal_weight=15029 10361 8075 5585 4668
internal_count=15029 10361 8075 5585 4668
is_linear=0
shrinkage=0.05


Tree=389
num_leaves=5
num_cat=0
split_feature=0 14 0 15
split_gain=0.0932911 0.0393419 0.0272993 0.0128924
threshold=0.32079416900000007 0.022346734223007137 0.051562532000000008 152.92407665822489
decision_type=2 2 2 2
left_child=1 2 3 -1
right_child=-2 -3 -4 -5
leaf_value=-0.00015425062691703419 0.00024216197924928595 -0.00024255741838590417 9.7661666830945346e-05 6.7380866177417102e-08
leaf_weight=2690 3632 2131 3842 2724
leaf_count=2690 3632 2131 3842 2724
internal_value=2.15133e-05 -4.88649e-05 -4.27123e-06 -7.66071e-05
internal_weight=15019 11387 9256 5414
internal_count=15019 11387 9256 5414
is_linear=0
shrinkage=0.05


Tree=390
num_leaves=6
num_cat=0
split_feature=15 1 3 14 1
split_gain=0.0404119 0.0794878 0.0427484 0.0665534 0.0308857
threshold=76.872127059277872 41.500000000000007 0.45588383850000008 0.0098511074846314734 53.500000000000007
decision_type=2 2 2 2 2
left_child=4 -2 3 -3 -1
right_child=1 2 -4 -5 -6
leaf_value=-0.00027126534731846064 0.00031661164789541636 7.4489794116297566e-05 0.00012331546879081054 -0.00027803405277392236 2.651561924367468e-06
leaf_weight=2008 2266 2650 3388 2706 2111
leaf_count=2008 2266 2650 3388 2706 2111
internal_value=2.72121e-06 5.27041e-05 -1.56873e-05 -0.000103615 -0.000130882
internal_weight=15129 11010 8744 5356 4119
internal_count=15129 11010 8744 5356 4119
is_linear=0
shrinkage=0.05


Tree=391
num_leaves=7
num_cat=0
split_feature=3 3 14 1 3 14
split_gain=0.0256509 0.134796 0.0640771 0.0342715 0.0313859 0.0221425
threshold=0.69932861300000015 0.43314913800000004 0.025280486192390764 57.500000000000007 0.26325381350000004 0.0086638047098293435
decision_type=2 2 2 2 2 2
left_child=1 2 4 -2 5 -1
right_child=3 -3 -4 -5 -6 -7
leaf_value=4.918896888275532e-05 0.00029997134646240049 -0.00034568455623676001 0.00032979857893404964 1.4279014844951574e-05 0.00018194063078199446 -0.00017395017764982869
leaf_weight=2432 2158 2088 2273 2044 2087 2048
leaf_count=2432 2158 2088 2273 2044 2087 2048
internal_value=5.60116e-05 1.56415e-05 0.000100986 0.000161001 2.17889e-05 -5.28175e-05
internal_weight=15130 10928 8840 4202 6567 4480
internal_count=15130 10928 8840 4202 6567 4480
is_linear=0
shrinkage=0.05


Tree=392
num_leaves=5
num_cat=0
split_feature=14 3 14 4
split_gain=0.109342 0.0460802 0.0957636 0.0222479
threshold=0.037319737678589364 0.098001507000000015 0.01443215099251546 4166.5000000000009
decision_type=2 2 2 10
left_child=1 -1 3 -3
right_child=-2 2 -4 -5
leaf_value=-0.00015138134569347601 -0.000279989625258321 -0.00011683966617649974 0.00030303464488152105 7.4073739749081714e-05
leaf_weight=2216 3069 3014 3669 3091
leaf_count=2216 3069 3014 3669 3091
internal_value=-1.36867e-05 5.44771e-05 0.00010115 -2.0179e-05
internal_weight=15059 11990 9774 6105
internal_count=15059 11990 9774 6105
is_linear=0
shrinkage=0.05


Tree=393
num_leaves=6
num_cat=0
split_feature=1 0 15 0 4
split_gain=0.0423842 0.0428237 0.0590245 0.0793557 0.0377498
threshold=39.500000000000007 0.43731566450000009 303.30327684885759 0.10823160300000002 5832.5000000000009
decision_type=2 2 2 2 8
left_child=-1 2 3 4 -2
right_child=1 -3 -4 -5 -6
leaf_value=-0.00020522415436432102 0.00018713452172654244 0.00022459322188148143 0.00018759785209078792 -0.00032177208778118554 -8.6349029691497453e-05
leaf_weight=2601 2035 2066 2490 2540 3321
leaf_count=2601 2035 2066 2490 2540 3321
internal_value=-2.16507e-05 1.66946e-05 -2.4661e-05 -9.15967e-05 1.75604e-05
internal_weight=15053 12452 10386 7896 5356
internal_count=15053 12452 10386 7896 5356
is_linear=0
shrinkage=0.05


Tree=394
num_leaves=6
num_cat=0
split_feature=3 0 3 3 1
split_gain=0.0298235 0.0958748 0.088577 0.0520648 0.0375487
threshold=0.59160016250000014 0.11470883600000002 0.32861532700000001 0.082359436500000008 51.500000000000007
decision_type=2 2 2 2 2
left_child=2 -2 3 -1 -5
right_child=1 -3 -4 4 -6
leaf_value=0.00016390129974355345 0.00011277261826372141 -0.00034017801452722248 0.00027961441792765312 -0.00027539892865979327 5.0673418862714311e-06
leaf_weight=2278 2692 2064 3338 2247 2545
leaf_count=2278 2692 2064 3338 2247 2545
internal_value=1.99322e-05 -8.37981e-05 6.73323e-05 -3.28936e-05 -0.000126445
internal_weight=15164 4756 10408 7070 4792
internal_count=15164 4756 10408 7070 4792
is_linear=0
shrinkage=0.05


Tree=395
num_leaves=6
num_cat=0
split_feature=4 4 3 3 0
split_gain=0.0555101 0.0675234 0.0535763 0.0575445 0.0362694
threshold=2869.5000000000005 3563.0000000000005 0.34086022950000006 0.15795920100000002 0.060249866000000006
decision_type=8 10 2 2 2
left_child=-1 4 3 -3 -2
right_child=1 2 -4 -5 -6
leaf_value=-0.00025360406891083173 4.615275287217083e-05 -0.00014185978748422302 -0.00021253461436594718 0.00017961759282303895 0.00033966741340056051
leaf_weight=2025 2108 2431 3239 3257 2102
leaf_count=2025 2108 2431 3239 3257 2102
internal_value=-9.92769e-06 2.76338e-05 -5.02124e-05 4.22211e-05 0.000192701
internal_weight=15162 13137 8927 5688 4210
internal_count=15162 13137 8927 5688 4210
is_linear=0
shrinkage=0.05


Tree=396
num_leaves=5
num_cat=0
split_feature=4 15 14 4
split_gain=0.0387688 0.0636213 0.11197 0.0245195
threshold=9001.0000000000018 82.431973513092785 0.025810182647400624 2359.0000000000005
decision_type=10 2 2 10
left_child=1 -1 3 -3
right_child=-2 2 -4 -5
leaf_value=-0.00015274162965228102 -0.00018992969016196632 0.0001050554659895085 0.00036274472364381612 -0.00010437826181908302
leaf_weight=3720 2669 2232 2684 3738
leaf_count=3720 2669 2232 2684 3738
internal_value=-1.70974e-05 2.01815e-05 9.45141e-05 -2.60774e-05
internal_weight=15043 12374 8654 5970
internal_count=15043 12374 8654 5970
is_linear=0
shrinkage=0.05


Tree=397
num_leaves=5
num_cat=0
split_feature=1 15 14 15
split_gain=0.0365881 0.10274 0.0915436 0.0148495
threshold=48.500000000000007 103.1465783940161 0.022835292694238878 140.39703223182119
decision_type=2 2 2 2
left_child=1 -1 3 -2
right_child=2 -3 -4 -5
leaf_value=0.00021399413835367705 8.011101860467644e-05 -0.00023343707087581972 0.00034468603055193238 -6.7405827876784673e-05
leaf_weight=2035 3071 3472 2632 3838
leaf_count=2035 3071 3472 2632 3838
internal_value=3.45239e-05 -6.8098e-05 9.37565e-05 -1.83567e-06
internal_weight=15048 5507 9541 6909
internal_count=15048 5507 9541 6909
is_linear=0
shrinkage=0.05


Tree=398
num_leaves=6
num_cat=0
split_feature=0 14 0 3 1
split_gain=0.0465091 0.0721432 0.0422372 0.0082178 0.0130437
threshold=0.43047672050000008 0.024944268232627843 0.12764438550000004 0.60262967450000016 54.500000000000007
decision_type=2 2 2 2 2
left_child=1 2 3 4 -1
right_child=-2 -3 -4 -5 -6
leaf_value=9.1351317002290127e-05 0.00019593449880236062 -0.00028099021001137613 0.00021797689279952587 -0.00010562020339983973 -6.39513475222305e-05
leaf_weight=2444 2727 2359 2234 2395 3026
leaf_count=2444 2727 2359 2234 2395 3026
internal_value=8.90374e-06 -3.20364e-05 2.6116e-05 -2.83807e-05 5.438e-06
internal_weight=15185 12458 10099 7865 5470
internal_count=15185 12458 10099 7865 5470
is_linear=0
shrinkage=0.05


Tree=399
num_leaves=6
num_cat=0
split_feature=0 15 15 4 0
split_gain=0.0422502 0.0386358 0.0668101 0.0595114 0.0292963
threshold=0.53220140250000003 103.1465783940161 332.39902264128267 3750.5000000000005 0.079490163000000016
decision_type=2 2 2 10 2
left_child=1 3 4 -1 -3
right_child=-2 2 -4 -5 -6
leaf_value=-2.959170617385832e-05 -0.0002057888793282824 -1.6911215067527766e-05 0.00018596098780764665 0.00033077332332377869 -0.00024166932848731755
leaf_weight=2209 2011 3268 2646 2380 2606
leaf_count=2209 2011 3268 2646 2380 2606
internal_value=7.60765e-06 4.0344e-05 -2.2653e-05 0.000157305 -0.000116625
internal_weight=15120 13109 8520 4589 5874
internal_count=15120 13109 8520 4589 5874
is_linear=0
shrinkage=0.05


end of trees

feature_importances:
pd_cal=380
MonthlyIncome=342
spend_pre=314
RevolvingUtilizationOfUnsecuredLines=255
DebtRatio=235
age=229
NumberOfOpenCreditLinesAndLoans=131
NumberOfDependents=30
NumberRealEstateLoansOrLines=15

parameters:
[boosting: gbdt]
[objective: regression]
[metric: l2]
[tree_learner: serial]
[device_type: cpu]
[data_sample_strategy: bagging]
[data: ]
[valid: ]
[num_iterations: 400]
[learning_rate: 0.05]
[num_leaves: 15]
[num_threads: 8]
[seed: 20260722]
[deterministic: 0]
[force_col_wise: 0]
[force_row_wise: 0]
[histogram_pool_size: -1]
[max_depth: -1]
[min_data_in_leaf: 2000]
[min_sum_hessian_in_leaf: 0.001]
[bagging_fraction: 0.8]
[pos_bagging_fraction: 1]
[neg_bagging_fraction: 1]
[bagging_freq: 1]
[bagging_seed: 22340]
[bagging_by_query: 0]
[feature_fraction: 0.8]
[feature_fraction_bynode: 1]
[feature_fraction_seed: 15416]
[extra_trees: 0]
[extra_seed: 16664]
[early_stopping_round: 0]
[early_stopping_min_delta: 0]
[first_metric_only: 0]
[max_delta_step: 0]
[lambda_l1: 0]
[lambda_l2: 0]
[linear_lambda: 0]
[min_gain_to_split: 0]
[drop_rate: 0.1]
[max_drop: 50]
[skip_drop: 0.5]
[xgboost_dart_mode: 0]
[uniform_drop: 0]
[drop_seed: 24626]
[top_rate: 0.2]
[other_rate: 0.1]
[min_data_per_group: 100]
[max_cat_threshold: 32]
[cat_l2: 10]
[cat_smooth: 10]
[max_cat_to_onehot: 4]
[top_k: 20]
[monotone_constraints: ]
[monotone_constraints_method: basic]
[monotone_penalty: 0]
[feature_contri: ]
[forcedsplits_filename: ]
[refit_decay_rate: 0.9]
[cegb_tradeoff: 1]
[cegb_penalty_split: 0]
[cegb_penalty_feature_lazy: ]
[cegb_penalty_feature_coupled: ]
[path_smooth: 0]
[interaction_constraints: ]
[verbosity: -1]
[saved_feature_importance_type: 0]
[use_quantized_grad: 0]
[num_grad_quant_bins: 4]
[quant_train_renew_leaf: 0]
[stochastic_rounding: 1]
[linear_tree: 0]
[max_bin: 255]
[max_bin_by_feature: ]
[min_data_in_bin: 3]
[bin_construct_sample_cnt: 200000]
[data_random_seed: 4439]
[is_enable_sparse: 1]
[enable_bundle: 1]
[use_missing: 1]
[zero_as_missing: 0]
[feature_pre_filter: 1]
[pre_partition: 0]
[two_round: 0]
[header: 0]
[label_column: ]
[weight_column: ]
[group_column: ]
[ignore_column: ]
[categorical_feature: ]
[forcedbins_filename: ]
[precise_float_parser: 0]
[parser_config_file: ]
[objective_seed: 28388]
[num_class: 1]
[is_unbalance: 0]
[scale_pos_weight: 1]
[sigmoid: 1]
[boost_from_average: 1]
[reg_sqrt: 0]
[alpha: 0.9]
[fair_c: 1]
[poisson_max_delta_step: 0.7]
[tweedie_variance_power: 1.5]
[lambdarank_truncation_level: 30]
[lambdarank_norm: 1]
[label_gain: ]
[lambdarank_position_bias_regularization: 0]
[eval_at: ]
[multi_error_top_k: 1]
[auc_mu_weights: ]
[num_machines: 1]
[local_listen_port: 12400]
[time_out: 120]
[machine_list_filename: ]
[machines: ]
[gpu_platform_id: -1]
[gpu_device_id: -1]
[gpu_device_id_list: ]
[gpu_use_dp: 0]
[num_gpu: 1]

end of parameters

pandas_categorical:[]
