tree
version=v4
num_class=1
num_tree_per_iteration=1
label_index=0
max_feature_idx=15
objective=regression
feature_names=RevolvingUtilizationOfUnsecuredLines age NumberOfTime30-59DaysPastDueNotWorse DebtRatio MonthlyIncome NumberOfOpenCreditLinesAndLoans NumberOfTimes90DaysLate NumberRealEstateLoansOrLines NumberOfTime60-89DaysPastDueNotWorse NumberOfDependents dpd_sentinel_flag util_extreme_flag income_missing_flag dependents_missing_flag pd_cal spend_pre
feature_infos=[0:2] [21:102] none [0:329664] [0:3008750] [0:56] none [0:16] none [0:10] none none [0:1] none [0:0.090365448504983389] [0:4245.2617807558909]
tree_sizes=614 626 627 726 823 721 724 716 627 719 719 627 718 728 628 727 722 719 716 729 728 629 816 720 722 629 815 720 723 719 625 731 729 719 720 727 719 720 723 724 725 720 727 731 719 725 723 724 724 720 625 719 622 633 723 724 722 722 623 726 627 725 725 724 719 631 726 727 724 723 729 630 730 628 723 722 722 726 717 624 726 719 720 736 731 729 716 718 625 718 629 728 723 727 724 724 723 625 828 720 727 728 727 720 629 720 729 625 719 728 728 729 627 722 627 732 631 627 721 634 828 734 632 729 725 727 631 825 730 627 722 628 722 725 722 727 726 628 727 722 731 724 827 721 725 626 728 634 719 727 720 719 627 726 727 725 625 732 728 630 723 727 629 722 637 730 722 726 728 725 727 721 725 728 628 726 727 726 732 726 819 727 727 716 628 725 626 627 731 722 821 630 627 724 637 725 724 726 724 735 735 635 630 730 631 722 727 728 727 629 722 725 628 636 627 722 719 724 726 825 729 720 728 718 628 730 729 718 627 627 632 725 729 634 629 722 722 635 728 631 724 725 723 725 817 730 724 731 728 722 730 726 728 729 724 723 632 729 634 728 626 721 626 728 724 720 722 636 724 634 726 632 727 630 628 727 719 724 724 635 726 728 720 720 728 729 727 730 629 729 721 819 728 729 628 723 633 729 821 632 817 637 729 721 630 736 725 627 726 726 634 634 632 721 718 720 627 724 728 731 627 818 728 632 726 731 725 725 821 627 720 730 724 629 631 726 726 726 720 720 726 631 724 719 726 729 726 725 629 725 635 631 637 725 719 828 629 729 721 729 729 631 724 732 720 721 722 722 719 633 817 724 627 721 724 732 723 731 632 734 633 728 729 724 825 721 723 724 727 636 628 722 724 725 728 724 627 721 724 826

Tree=0
num_leaves=5
num_cat=0
split_feature=1 4 4 1
split_gain=0.197596 0.127925 0.22046 0.0882472
threshold=66.500000000000014 2901.5000000000005 6400.5000000000009 50.500000000000007
decision_type=2 10 10 2
left_child=1 -1 -3 -4
right_child=-2 2 3 -5
leaf_value=0.00051930194489501337 0.0012096085091457009 0.0011474365538982395 0.00039577135839390261 0.00084704357828791648
leaf_weight=3687 3145 3883 2098 2240
leaf_count=3687 3145 3883 2098 2240
internal_value=0.000857111 0.000764013 0.000873763 0.000628793
internal_weight=15053 11908 8221 4338
internal_count=15053 11908 8221 4338
is_linear=0
shrinkage=1


Tree=1
num_leaves=5
num_cat=0
split_feature=0 1 1 5
split_gain=0.158838 0.170279 0.0663122 0.0953974
threshold=0.30727947850000009 66.500000000000014 48.500000000000007 8.5000000000000018
decision_type=2 2 2 2
left_child=1 2 -1 -4
right_child=-2 -3 3 -5
leaf_value=-0.00036396617244720606 0.00027290774141292614 0.00024792107562125954 -0.00031950124149739806 0.00012913951167065448
leaf_weight=3821 3822 2677 2259 2492
leaf_count=3821 3822 2677 2259 2492
internal_value=-5.56793e-06 -0.000100184 -0.000208896 -8.41797e-05
internal_weight=15071 11249 8572 4751
internal_count=15071 11249 8572 4751
is_linear=0
shrinkage=0.05


Tree=2
num_leaves=5
num_cat=0
split_feature=15 15 14 14
split_gain=0.151613 0.229268 0.399728 0.118167
threshold=377.42664495210266 129.82476475483753 0.024360157499692388 0.015396367575775815
decision_type=2 2 2 2
left_child=1 3 -3 -1
right_child=-2 2 -4 -5
leaf_value=8.3252977564748953e-05 -0.00034449971232024479 2.0346613645565403e-05 0.00088327186070774253 -0.00033935280922823559
leaf_weight=3527 2420 3979 2025 3115
leaf_count=3527 2420 3979 2025 3115
internal_value=1.80834e-05 8.74691e-05 0.00031139 -0.000114943
internal_weight=15066 12646 6004 6642
internal_count=15066 12646 6004 6642
is_linear=0
shrinkage=0.05


Tree=3
num_leaves=6
num_cat=0
split_feature=0 1 5 0 0
split_gain=0.238626 0.109485 0.0821436 0.0612239 0.0477145
threshold=0.31808832200000003 50.500000000000007 10.500000000000002 0.070231946000000003 0.045123573500000007
decision_type=2 2 2 2 2
left_child=1 3 4 -1 -3
right_child=-2 2 -4 -5 -6
leaf_value=-0.00017111320023093147 0.00031054282573136677 -4.9062440521945642e-06 0.00022200479170173286 -0.00054607379947918262 -0.00032587510069434652
leaf_weight=2345 3757 2654 2256 2032 2054
leaf_count=2345 3757 2654 2256 2032 2054
internal_value=-3.48191e-05 -0.000149229 -2.60663e-05 -0.000345187 -0.000144938
internal_weight=15098 11341 6964 4377 4708
internal_count=15098 11341 6964 4377 4708
is_linear=0
shrinkage=0.05


Tree=4
num_leaves=7
num_cat=0
split_feature=15 15 14 9 14 4
split_gain=0.161639 0.275145 0.422229 0.154066 0.0660113 0.0283052
threshold=377.42664495210266 129.82476475483753 0.024683041463863385 1.0000000180025095e-35 0.0089424394700776625 6066.5000000000009
decision_type=2 2 2 10 2 8
left_child=1 3 4 5 -3 -1
right_child=-2 2 -4 -5 -6 -7
leaf_value=0.0001186835531657908 -0.00042310374779773376 0.00017330309563773247 0.00085154478161350881 -0.00051289015734275526 -0.00023067044088362633 -0.00014093667411872794
leaf_weight=2049 2402 2015 2049 2455 2030 2153
leaf_count=2049 2402 2015 2049 2455 2030 2153
internal_value=-4.68511e-05 2.40264e-05 0.00026678 -0.000198197 -2.94327e-05 -1.43394e-05
internal_weight=15153 12751 6094 6657 4045 4202
internal_count=15153 12751 6094 6657 4045 4202
is_linear=0
shrinkage=0.05


Tree=5
num_leaves=6
num_cat=0
split_feature=15 0 1 15 0
split_gain=0.16775 0.301207 0.100565 0.0783476 0.0401199
threshold=377.42664495210266 0.30727947850000009 66.500000000000014 172.12080103472871 0.035821592500000006
decision_type=2 2 2 2 2
left_child=1 2 3 4 -1
right_child=-2 -3 -4 -5 -6
leaf_value=-9.9583019489358923e-05 -0.00037000240439420017 0.00049909697123487863 0.00023392130121645453 7.3872423647823704e-05 -0.00039316174209040014
leaf_weight=2018 2452 3228 2238 2564 2749
leaf_count=2018 2452 3228 2238 2564 2749
internal_value=8.85328e-06 8.14448e-05 -5.94456e-05 -0.000149004 -0.000268882
internal_weight=15249 12797 9569 7331 4767
internal_count=15249 12797 9569 7331 4767
is_linear=0
shrinkage=0.05


Tree=6
num_leaves=6
num_cat=0
split_feature=9 15 14 1 0
split_gain=0.174567 0.18125 0.129267 0.0588613 0.0437325
threshold=1.0000000180025095e-35 134.30654473169639 0.025810182647400624 56.500000000000007 0.034998853500000003
decision_type=10 2 2 2 2
left_child=2 -2 3 -1 -5
right_child=1 -3 -4 4 -6
leaf_value=-0.00019074160563451123 -0.00055738248390493287 1.2174461740009287e-05 0.00041338631409760851 -5.0170264863370137e-05 0.0002673173547514198
leaf_weight=2601 2520 3134 2554 2149 2190
leaf_count=2601 2520 3134 2554 2149 2190
internal_value=-2.17303e-05 -0.000241678 0.000109256 -2.66712e-06 0.000110074
internal_weight=15148 5654 9494 6940 4339
internal_count=15148 5654 9494 6940 4339
is_linear=0
shrinkage=0.05


Tree=7
num_leaves=6
num_cat=0
split_feature=4 4 5 3 3
split_gain=0.17321 0.166228 0.14886 0.131478 0.0661002
threshold=6801.5000000000009 2677.0000000000005 5.5000000000000009 0.34554129250000004 0.24395180550000004
decision_type=10 10 2 2 2
left_child=1 2 -1 -3 -2
right_child=4 3 -4 -5 -6
leaf_value=0.00023197116435647548 -4.8103730425709632e-05 9.7339113735426795e-05 -0.0003283074455029516 0.00059299880302398776 -0.00042529784228848228
leaf_weight=2034 2180 3168 2842 2316 2486
leaf_count=2034 2180 3168 2842 2316 2486
internal_value=3.88517e-06 0.000117812 -9.45899e-05 0.000306666 -0.000249069
internal_weight=15026 10360 4876 5484 4666
internal_count=15026 10360 4876 5484 4666
is_linear=0
shrinkage=0.05


Tree=8
num_leaves=5
num_cat=0
split_feature=1 3 15 14
split_gain=0.211528 0.161361 0.147576 0.216361
threshold=66.500000000000014 0.53085146400000005 131.90649323674015 0.018368184544794424
decision_type=2 2 2 2
left_child=1 2 -1 -4
right_child=-2 -3 3 -5
leaf_value=-0.00021398458227603413 0.00036388288085129988 -0.00036056920276563608 -8.5710429845581917e-05 0.00060769621989629151
leaf_weight=3483 3150 3902 2568 2002
leaf_count=3483 3150 3902 2568 2002
internal_value=-6.29911e-07 -9.66747e-05 3.11927e-05 0.000218053
internal_weight=15105 11955 8053 4570
internal_count=15105 11955 8053 4570
is_linear=0
shrinkage=0.05


Tree=9
num_leaves=6
num_cat=0
split_feature=1 4 4 15 14
split_gain=0.159681 0.15746 0.195846 0.205837 0.12477
threshold=66.500000000000014 2677.0000000000005 6400.5000000000009 152.05899079302017 0.011631852661456764
decision_type=2 10 10 2 2
left_child=1 -1 3 -3 -4
right_child=-2 2 4 -5 -6
leaf_value=-0.00038384820317447941 0.00029881164402624261 -8.3418903290635981e-05 5.8839574011232708e-05 0.00062377164470891404 -0.00047648750634366859
leaf_weight=3503 3138 2107 2098 2011 2262
leaf_count=3503 3138 2107 2098 2011 2262
internal_value=-1.86968e-05 -0.000101857 1.46582e-05 0.000261933 -0.000218892
internal_weight=15119 11981 8478 4118 4360
internal_count=15119 11981 8478 4118 4360
is_linear=0
shrinkage=0.05


Tree=10
num_leaves=6
num_cat=0
split_feature=5 0 5 3 14
split_gain=0.147018 0.18046 0.123312 0.0916845 0.033624
threshold=9.5000000000000018 0.12925050850000003 5.5000000000000009 0.43940500900000007 0.010695651869624911
decision_type=2 2 2 2 2
left_child=2 -2 4 -4 -1
right_child=1 -3 3 -5 -6
leaf_value=-8.2551431532155661e-05 -9.3789945795914601e-05 0.00048892302900721768 -0.00014471526438585049 -0.00056694886739608059 0.00019623765705472629
leaf_weight=2320 2874 2471 3274 2117 2026
leaf_count=2320 2874 2471 3274 2117 2026
internal_value=-3.5101e-05 0.000175599 -0.000150762 -0.000310523 4.74133e-05
internal_weight=15082 5345 9737 5391 4346
internal_count=15082 5345 9737 5391 4346
is_linear=0
shrinkage=0.05


Tree=11
num_leaves=5
num_cat=0
split_feature=4 4 3 14
split_gain=0.128033 0.193982 0.0839689 0.137628
threshold=2901.5000000000005 5702.0000000000009 0.90373875200000009 0.021861494210487501
decision_type=8 8 2 2
left_child=-1 -2 3 -3
right_child=1 2 -4 -5
leaf_value=-0.00034031476050969746 0.00037937545451749156 2.9352266998973813e-05 0.00017569337937278239 -0.00046831392235735839
leaf_weight=2018 3967 3926 3024 2150
leaf_count=2018 3967 3926 3024 2150
internal_value=3.03537e-05 8.75979e-05 -3.95979e-05 -0.000146748
internal_weight=15085 13067 9100 6076
internal_count=15085 13067 9100 6076
is_linear=0
shrinkage=0.05


Tree=12
num_leaves=6
num_cat=0
split_feature=4 4 5 14 4
split_gain=0.1564 0.222203 0.169665 0.122407 0.0274855
threshold=2901.5000000000005 6400.5000000000009 8.5000000000000018 0.024944268232627843 7502.0000000000009
decision_type=8 8 2 2 10
left_child=-1 2 -2 4 -3
right_child=1 3 -4 -5 -6
leaf_value=-0.00044914072998944405 3.7794359529918374e-05 -0.00011514874755458459 0.00063687683819279401 -0.00045037186546332056 0.00010005659800607639
leaf_weight=2026 2787 3257 2052 2241 2725
leaf_count=2026 2787 3257 2052 2241 2725
internal_value=-4.03913e-05 2.30084e-05 0.000291838 -0.00013519 -1.71156e-05
internal_weight=15088 13062 4839 8223 5982
internal_count=15088 13062 4839 8223 5982
is_linear=0
shrinkage=0.05


Tree=13
num_leaves=6
num_cat=0
split_feature=1 15 14 14 15
split_gain=0.122094 0.144028 0.321731 0.0514267 0.0210976
threshold=69.500000000000014 332.68669470876813 0.040286726804123721 0.0089424394700776625 93.067960814823891
decision_type=2 2 2 2 2
left_child=1 2 3 -1 -5
right_child=-2 -3 -4 4 -6
leaf_value=8.5435647795764836e-05 0.00035485127688640236 -0.00038154575601429593 0.00059696548618195144 -6.9567417331271869e-05 -0.00026761521881413046
leaf_weight=2580 2324 2475 2089 2309 3220
leaf_count=2580 2324 2475 2089 2309 3220
internal_value=2.17031e-05 -3.93903e-05 4.3649e-05 -9.88936e-05 -0.000184907
internal_weight=14997 12673 10198 8109 5529
internal_count=14997 12673 10198 8109 5529
is_linear=0
shrinkage=0.05


Tree=14
num_leaves=5
num_cat=0
split_feature=0 1 3 3
split_gain=0.099615 0.0510515 0.0596645 0.0730727
threshold=0.29864293400000008 66.500000000000014 0.17372608700000003 0.4359293265000001
decision_type=2 2 2 2
left_child=1 2 -1 -4
right_child=-2 -3 3 -5
leaf_value=-0.00034811676734667978 0.00023604507984999526 0.00013513169059851707 0.00013543118665171477 -0.00020340755028030156
leaf_weight=2106 3897 2620 3053 3323
leaf_count=2106 3897 2620 3053 3323
internal_value=1.85564e-05 -5.77861e-05 -0.000117376 -4.11625e-05
internal_weight=14999 11102 8482 6376
internal_count=14999 11102 8482 6376
is_linear=0
shrinkage=0.05


Tree=15
num_leaves=6
num_cat=0
split_feature=15 14 15 14 3
split_gain=0.113325 0.22754 0.0426227 0.0743422 0.0135843
threshold=377.42664495210266 0.029985590778097985 104.70551943508217 0.0091480837449767032 0.33304279750000004
decision_type=2 2 2 2 2
left_child=1 2 4 -4 -1
right_child=-2 -3 3 -5 -6
leaf_value=-1.1954405561393011e-05 -0.00028828388517210913 0.00044222372184611998 6.3690230996088761e-05 -0.00031296738199363826 0.00017039224251354755
leaf_weight=2004 2405 3312 2492 2762 2083
leaf_count=2004 2405 3312 2492 2762 2083
internal_value=2.63377e-05 8.61389e-05 -4.01166e-05 -0.000134317 8.09813e-05
internal_weight=15058 12653 9341 5254 4087
internal_count=15058 12653 9341 5254 4087
is_linear=0
shrinkage=0.05


Tree=16
num_leaves=6
num_cat=0
split_feature=14 3 3 14 4
split_gain=0.224639 0.0631 0.0744459 0.0402142 0.0297756
threshold=0.02795632717770204 0.4359293265000001 0.15885799300000003 0.010159559682860938 4602.0000000000009
decision_type=2 2 2 2 10
left_child=1 2 -1 -3 -2
right_child=4 3 -4 -5 -6
leaf_value=-0.00015993553662728383 0.00051402315536239521 -6.0508679680781476e-05 0.00017549704060856948 -0.00037064113516113278 0.00024297587080551755
leaf_weight=2826 2019 2165 3989 2021 2034
leaf_count=2826 2019 2165 3989 2021 2034
internal_value=5.97873e-05 -5.74482e-05 3.6402e-05 -0.000210241 0.000377998
internal_weight=15054 11001 6815 4186 4053
internal_count=15054 11001 6815 4186 4053
is_linear=0
shrinkage=0.05


Tree=17
num_leaves=6
num_cat=0
split_feature=15 15 4 5 14
split_gain=0.174538 0.131029 0.282919 0.130784 0.149604
threshold=377.42664495210266 131.90649323674015 8651.5000000000018 5.5000000000000009 0.015396367575775815
decision_type=2 2 8 2 2
left_child=1 3 -3 -1 -5
right_child=-2 2 -4 4 -6
leaf_value=0.00022916586318068367 -0.00041998269616337169 0.000507550132689982 -0.00018973556123544493 2.9587911540592207e-05 -0.00053132780926274379
leaf_weight=2016 2433 3445 2518 2373 2382
leaf_count=2016 2433 3445 2518 2373 2382
internal_value=-3.19427e-05 4.21976e-05 0.000213107 -0.000108317 -0.000251401
internal_weight=15167 12734 5963 6771 4755
internal_count=15167 12734 5963 6771 4755
is_linear=0
shrinkage=0.05


Tree=18
num_leaves=6
num_cat=0
split_feature=5 5 4 4 4
split_gain=0.143854 0.205248 0.160829 0.0605588 0.0382125
threshold=5.5000000000000009 7.5000000000000009 6249.5000000000009 11303.500000000002 5750.5000000000009
decision_type=2 2 8 8 8
left_child=4 -2 -3 -4 -1
right_child=1 2 3 -5 -6
leaf_value=0.00043041283262757694 -0.00043727107946691106 0.00033834473338314054 -0.00029648389939580002 6.1262779363499854e-05 0.00013393722335027435
leaf_weight=2001 2815 3130 2447 2290 2379
leaf_count=2001 2815 3130 2447 2290 2379
internal_value=2.80699e-05 -7.08766e-05 6.02281e-05 -0.000123539 0.000269382
internal_weight=15062 10682 7867 4737 4380
internal_count=15062 10682 7867 4737 4380
is_linear=0
shrinkage=0.05


Tree=19
num_leaves=6
num_cat=0
split_feature=14 14 5 14 0
split_gain=0.18876 0.165177 0.0576818 0.0549186 0.0262474
threshold=0.046476333403236529 0.025810182647400624 11.500000000000002 0.0091480837449767032 0.030460168000000006
decision_type=2 2 2 2 2
left_child=1 2 3 4 -1
right_child=-2 -3 -4 -5 -6
leaf_value=-4.8162309158502425e-05 -0.00042314418591367364 0.00044945991294447428 0.00023734965867360563 -0.0001945422231779247 0.00019246206493457984
leaf_weight=2447 2032 2625 2142 3777 2111
leaf_count=2447 2032 2625 2142 3777 2111
internal_value=2.52448e-05 9.47858e-05 5.92262e-06 -5.35515e-05 6.32809e-05
internal_weight=15134 13102 10477 8335 4558
internal_count=15134 13102 10477 8335 4558
is_linear=0
shrinkage=0.05


Tree=20
num_leaves=6
num_cat=0
split_feature=14 0 14 4 14
split_gain=0.23308 0.0778365 0.07794 0.123273 0.0475633
threshold=0.04497342737474317 0.31808832200000003 0.0091480837449767032 3400.5000000000005 0.0068735729270814738
decision_type=2 2 2 10 2
left_child=1 2 4 -4 -1
right_child=-2 -3 3 -5 -6
leaf_value=-4.2308245025805014e-05 -0.00058162649137612774 0.0002738351489410329 0.0001131964139459155 -0.00037071266631105829 0.00026774948184681349
leaf_weight=3239 2066 2039 2089 3557 2001
leaf_count=3239 2066 2039 2089 3557 2001
internal_value=-8.8501e-05 -9.67717e-06 -6.27804e-05 -0.000191668 7.60936e-05
internal_weight=14991 12925 10886 5646 5240
internal_count=14991 12925 10886 5646 5240
is_linear=0
shrinkage=0.05


Tree=21
num_leaves=5
num_cat=0
split_feature=3 3 3 14
split_gain=0.0857598 0.182659 0.0979226 0.0499262
threshold=0.4359293265000001 0.80926212800000019 0.30951149650000004 0.0091480837449767032
decision_type=2 2 2 2
left_child=2 -2 3 -1
right_child=1 -3 -4 -5
leaf_value=0.0001229089620758188 -0.00052307467203152494 3.4945641458202173e-05 0.00035290407125620625 -0.00015296114189090412
leaf_weight=2973 2347 3909 2243 3658
leaf_count=2973 2347 3909 2243 3658
internal_value=-3.26248e-05 -0.000174401 6.73248e-05 -2.92751e-05
internal_weight=15130 6256 8874 6631
internal_count=15130 6256 8874 6631
is_linear=0
shrinkage=0.05


Tree=22
num_leaves=7
num_cat=0
split_feature=15 15 14 1 15 4
split_gain=0.135397 0.21941 0.320217 0.154231 0.0869531 0.0373189
threshold=377.42664495210266 129.82476475483753 0.024360157499692388 48.500000000000007 54.853344792707738 4800.5000000000009
decision_type=2 2 2 2 2 10
left_child=1 3 5 -1 -5 -3
right_child=-2 2 -4 4 -6 -7
leaf_value=-0.00046802374757398967 -0.00036593014958128067 -0.00014736514193239858 0.00077482126368666005 0.00026638434645906265 -0.00019126737158062037 0.00015668012871493666
leaf_weight=2468 2395 2026 2023 2018 2137 2011
leaf_count=2468 2395 2026 2023 2018 2137 2011
internal_value=-2.11351e-05 4.39745e-05 0.000261384 -0.000154954 3.10049e-05 4.09263e-06
internal_weight=15078 12683 6060 6623 4155 4037
internal_count=15078 12683 6060 6623 4155 4037
is_linear=0
shrinkage=0.05


Tree=23
num_leaves=6
num_cat=0
split_feature=4 5 5 14 4
split_gain=0.127324 0.225907 0.19459 0.131274 0.0409519
threshold=6362.5000000000009 10.500000000000002 5.5000000000000009 0.0098979294367737818 4999.5000000000009
decision_type=10 2 2 2 8
left_child=1 2 -1 -2 -4
right_child=3 -3 4 -5 -6
leaf_value=0.00024251350420338258 9.4342639604700677e-05 0.00052750580784342242 -0.00041943250605498201 -0.00042120286113423767 -0.00010802691275329428
leaf_weight=3449 2077 2314 2111 3045 2112
leaf_count=3449 2077 2314 2111 3045 2112
internal_value=-9.47249e-06 9.44825e-05 -3.61243e-05 -0.000212146 -0.000263693
internal_weight=15108 9986 7672 5122 4223
internal_count=15108 9986 7672 5122 4223
is_linear=0
shrinkage=0.05


Tree=24
num_leaves=6
num_cat=0
split_feature=1 1 0 0 4
split_gain=0.0531989 0.0796003 0.12916 0.0546401 0.0461572
threshold=70.500000000000014 56.500000000000007 0.29864293400000008 0.026769238500000004 4402.0000000000009
decision_type=2 2 2 2 10
left_child=1 2 3 -1 -3
right_child=-2 4 -4 -5 -6
leaf_value=0.00014592206859746318 0.00024576628613515129 -2.6053773495982518e-05 0.00036887691757062947 -0.00017556886440381813 -0.0003404348425969322
leaf_weight=2053 2129 2255 2507 3710 2421
leaf_count=2053 2129 2255 2507 3710 2421
internal_value=1.41482e-05 -2.39419e-05 6.92856e-05 -6.10416e-05 -0.000188825
internal_weight=15075 12946 8270 5763 4676
internal_count=15075 12946 8270 5763 4676
is_linear=0
shrinkage=0.05


Tree=25
num_leaves=5
num_cat=0
split_feature=14 4 3 4
split_gain=0.0901111 0.297284 0.0365919 0.0394721
threshold=0.025810182647400624 5551.0000000000009 0.4359293265000001 5459.0000000000009
decision_type=2 8 2 10
left_child=2 -2 3 -1
right_child=1 -3 -4 -5
leaf_value=-0.00012281873765995457 0.00064920512823046653 -0.00015351268510744367 -0.00016800912509476549 0.00012773902124129936
leaf_weight=2640 2154 2483 3850 3885
leaf_count=2640 2154 2483 3850 3885
internal_value=3.61315e-05 0.000219369 -4.57649e-05 2.63639e-05
internal_weight=15012 4637 10375 6525
internal_count=15012 4637 10375 6525
is_linear=0
shrinkage=0.05


Tree=26
num_leaves=7
num_cat=0
split_feature=15 15 0 1 4 15
split_gain=0.098425 0.246014 0.111856 0.0722115 0.0608779 0.0581338
threshold=129.82476475483753 253.29909621575908 0.091459408000000006 48.500000000000007 7302.0000000000009 54.853344792707738
decision_type=2 2 2 2 8 2
left_child=3 2 -2 -1 -3 -5
right_child=1 4 -4 5 -6 -7
leaf_value=-0.00037464363594990577 0.00011639633202903059 3.7155727197581292e-05 0.00064298765105177643 0.00015791835254365727 -0.00033145891172610322 -0.00021497021525155734
leaf_weight=2500 2032 2095 2002 2020 2407 2166
leaf_count=2500 2032 2095 2002 2020 2407 2166
internal_value=-1.83577e-05 9.41657e-05 0.000377734 -0.000162016 -0.000159925 -3.50288e-05
internal_weight=15222 8536 4034 6686 4502 4186
internal_count=15222 8536 4034 6686 4502 4186
is_linear=0
shrinkage=0.05


Tree=27
num_leaves=6
num_cat=0
split_feature=5 15 15 15 14
split_gain=0.0964799 0.1087 0.135703 0.101137 0.0464374
threshold=5.5000000000000009 120.12259953425534 53.428796742751636 212.35251810277796 0.010695651869624911
decision_type=2 2 2 2 2
left_child=4 2 -2 -3 -1
right_child=1 3 -4 -5 -6
leaf_value=3.4080178293432595e-05 -1.4080998483086802e-05 0.0003019116965369532 -0.00057425682083429245 -0.0001115609941536143 0.00036245308038815874
leaf_weight=2270 2249 2349 2082 3993 2048
leaf_count=2270 2249 2349 2082 3993 2048
internal_value=-9.59759e-06 -9.02786e-05 -0.000283369 4.15843e-05 0.000189825
internal_weight=14991 10673 4331 6342 4318
internal_count=14991 10673 4331 6342 4318
is_linear=0
shrinkage=0.05


Tree=28
num_leaves=6
num_cat=0
split_feature=5 5 0 14 15
split_gain=0.113475 0.128354 0.0777461 0.0680093 0.0370845
threshold=5.5000000000000009 7.5000000000000009 0.12925050850000003 0.010695651869624911 146.81976723985898
decision_type=2 2 2 2 2
left_child=3 -2 4 -1 -3
right_child=1 2 -4 -5 -6
leaf_value=9.5324671415876612e-06 -0.00039278571824359572 -0.00029651178825724968 0.00017264648610308274 0.0004065163518545307 -2.3568374659968603e-06
leaf_weight=2270 2848 2065 3540 2056 2227
leaf_count=2270 2848 2065 3540 2056 2227
internal_value=-1.78325e-05 -0.00010534 -8.14218e-07 0.000198205 -0.000143883
internal_weight=15006 10680 7832 4326 4292
internal_count=15006 10680 7832 4326 4292
is_linear=0
shrinkage=0.05


Tree=29
num_leaves=6
num_cat=0
split_feature=4 4 3 0 4
split_gain=0.155475 0.143283 0.216038 0.0596967 0.0480771
threshold=2901.5000000000005 6362.5000000000009 0.30951149650000004 0.22512837100000002 10098.000000000002
decision_type=8 8 2 2 8
left_child=-1 2 -2 4 -3
right_child=1 3 -4 -5 -6
leaf_value=-0.00042930648814984212 -5.6280517969924313e-05 -0.00018693379262011756 0.00061767993089883869 -0.00028581966865795077 0.00011365375605766925
leaf_weight=2016 2528 2077 2245 2526 3700
leaf_count=2016 2528 2077 2245 2526 3700
internal_value=-2.05931e-05 4.24206e-05 0.00026072 -8.30691e-05 5.58376e-06
internal_weight=15092 13076 4773 8303 5777
internal_count=15092 13076 4773 8303 5777
is_linear=0
shrinkage=0.05


Tree=30
num_leaves=5
num_cat=0
split_feature=0 0 15 1
split_gain=0.083087 0.0820569 0.0390939 0.0528349
threshold=0.31808832200000003 0.15676759300000001 79.365803252464019 54.500000000000007
decision_type=2 2 2 2
left_child=1 2 -1 -4
right_child=-2 -3 3 -5
leaf_value=-0.00011176121961320341 0.00025838660072285063 -0.00029415691735936871 0.00027096522412018879 -1.3090668479933524e-05
leaf_weight=2665 3697 2131 2983 3628
leaf_count=2665 3697 2131 2983 3628
internal_value=5.2394e-05 -1.4368e-05 4.99087e-05 0.00011508
internal_weight=15104 11407 9276 6611
internal_count=15104 11407 9276 6611
is_linear=0
shrinkage=0.05


Tree=31
num_leaves=6
num_cat=0
split_feature=14 0 14 4 4
split_gain=0.101908 0.136508 0.0623056 0.0946487 0.0410063
threshold=0.046476333403236529 0.31808832200000003 0.0091480837449767032 5000.5000000000009 5459.0000000000009
decision_type=2 2 2 10 10
left_child=1 2 4 -4 -1
right_child=-2 -3 3 -5 -6
leaf_value=-3.8910135456308339e-05 -0.00035450270723444318 0.00039883035344006945 1.8697737080081473e-05 -0.00039181452071420411 0.00024420445814976778
leaf_weight=3036 2033 2067 3259 2467 2210
leaf_count=3036 2033 2067 3259 2467 2210
internal_value=-2.52409e-05 2.60965e-05 -4.41223e-05 -0.000158168 8.03585e-05
internal_weight=15072 13039 10972 5726 5246
internal_count=15072 13039 10972 5726 5246
is_linear=0
shrinkage=0.05


Tree=32
num_leaves=6
num_cat=0
split_feature=14 1 3 3 14
split_gain=0.207916 0.0650269 0.0709785 0.170186 0.093871
threshold=0.046476333403236529 66.500000000000014 0.59998778050000012 0.32361857100000008 0.0098979294367737818
decision_type=2 2 2 2 2
left_child=1 2 3 4 -1
right_child=-2 -3 -4 -5 -6
leaf_value=0.00010984262721496551 -0.00053543778400131443 0.00021168070700362752 -0.00026277749239198331 0.00036570412040900873 -0.00034050803977780047
leaf_weight=2045 2018 3057 2852 2496 2665
leaf_count=2045 2018 3057 2852 2496 2665
internal_value=-6.29667e-05 9.73223e-06 -5.16474e-05 3.19139e-05 -0.000144974
internal_weight=15133 13115 10058 7206 4710
internal_count=15133 13115 10058 7206 4710
is_linear=0
shrinkage=0.05


Tree=33
num_leaves=6
num_cat=0
split_feature=5 5 1 3 3
split_gain=0.11167 0.164459 0.0792965 0.0571138 0.0447823
threshold=5.5000000000000009 11.500000000000002 48.500000000000007 0.25769870550000007 0.37712416950000011
decision_type=2 2 2 2 2
left_child=3 2 -2 -1 -4
right_child=1 -3 4 -5 -6
leaf_value=2.2047943055447983e-05 -0.00044530572765191383 0.00018332416681233143 4.2846465837541728e-05 0.00038511713652016473 -0.00027386268464798537
leaf_weight=2204 2779 3462 2385 2130 2098
leaf_count=2204 2779 3462 2385 2130 2098
internal_value=-1.37016e-05 -0.000100262 -0.000235456 0.000200483 -0.00010537
internal_weight=15058 10724 7262 4334 4483
internal_count=15058 10724 7262 4334 4483
is_linear=0
shrinkage=0.05


Tree=34
num_leaves=6
num_cat=0
split_feature=4 4 14 14 15
split_gain=0.144001 0.20213 0.158084 0.115999 0.0252439
threshold=2901.5000000000005 6362.5000000000009 0.022491581995248623 0.024944268232627843 156.92697154722825
decision_type=8 8 2 2 2
left_child=-1 2 -2 4 -3
right_child=1 3 -4 -5 -6
leaf_value=-0.00038860127460766633 8.0009012541071479e-05 0.00013742476963751488 0.00065922550520098645 -0.00039084774819938883 -6.727794623591391e-05
leaf_weight=2024 2832 2842 2017 2261 3204
leaf_count=2024 2832 2842 2017 2261 3204
internal_value=4.01912e-06 6.44223e-05 0.000320941 -8.53141e-05 2.89452e-05
internal_weight=15180 13156 4849 8307 6046
internal_count=15180 13156 4849 8307 6046
is_linear=0
shrinkage=0.05


Tree=35
num_leaves=6
num_cat=0
split_feature=5 14 14 9 0
split_gain=0.115323 0.202645 0.117784 0.0732565 0.0917951
threshold=5.5000000000000009 0.038414166067966431 0.010695651869624911 1.0000000180025095e-35 0.086327699000000022
decision_type=2 2 2 8 2
left_child=2 3 -1 4 -2
right_child=1 -3 -4 -5 -6
leaf_value=-2.0560085292973208e-05 -1.838783937087548e-05 -0.00050592847475136973 0.00050170523602860049 -0.00014149929719083057 0.0004170919106220905
leaf_weight=2267 3050 2197 2061 3568 2006
leaf_count=2267 3050 2197 2061 3568 2006
internal_value=1.00082e-05 -7.72379e-05 0.000228143 3.19729e-05 0.000154392
internal_weight=15149 10821 4328 8624 5056
internal_count=15149 10821 4328 8624 5056
is_linear=0
shrinkage=0.05


Tree=36
num_leaves=6
num_cat=0
split_feature=4 5 1 1 5
split_gain=0.126577 0.133172 0.0822951 0.0927428 0.102425
threshold=2901.5000000000005 4.5000000000000009 66.500000000000014 55.500000000000007 7.5000000000000009
decision_type=8 2 2 2 2
left_child=-1 -2 3 4 -3
right_child=1 2 -4 -5 -6
leaf_value=-0.00039573661931362577 0.00036903562015605149 -0.00027791697094680913 0.00024213715987832322 -0.00033301743375345938 0.0001665238095059538
leaf_weight=2023 2363 2014 2019 3076 3638
leaf_count=2023 2363 2014 2019 3076 3638
internal_value=-2.76179e-05 2.91864e-05 -4.55381e-05 -0.000112084 8.15443e-06
internal_weight=15133 13110 10747 8728 5652
internal_count=15133 13110 10747 8728 5652
is_linear=0
shrinkage=0.05


Tree=37
num_leaves=6
num_cat=0
split_feature=15 0 0 3 3
split_gain=0.166623 0.226986 0.138272 0.0601584 0.110517
threshold=253.29909621575908 0.36465769600000003 0.091459408000000006 0.4359293265000001 0.16180854800000002
decision_type=2 2 2 2 2
left_child=1 3 -2 4 -1
right_child=2 -3 -4 -5 -6
leaf_value=-0.00015964448076697833 2.9135365729515179e-05 0.0005600164902701811 -0.00052414940282871387 -0.00016646735587743134 0.00031750319271829002
leaf_weight=2169 2271 2269 2246 3386 2755
leaf_count=2169 2271 2269 2246 3386 2755
internal_value=8.24048e-06 0.000116785 -0.000245976 -4.23659e-06 0.000107322
internal_weight=15096 10579 4517 8310 4924
internal_count=15096 10579 4517 8310 4924
is_linear=0
shrinkage=0.05


Tree=38
num_leaves=6
num_cat=0
split_feature=15 0 1 3 15
split_gain=0.100872 0.136884 0.0708809 0.0949416 0.0168553
threshold=377.42664495210266 0.31808832200000003 66.500000000000014 0.42829415300000001 121.23792573959268
decision_type=2 2 2 2 2
left_child=1 2 3 4 -1
right_child=-2 -3 -4 -5 -6
leaf_value=8.066989327067223e-05 -0.00035402559119637441 0.00028298665400286515 0.00015158691512435791 -0.00038893153426086419 -0.00011727379528010643
leaf_weight=2086 2404 3183 2217 2968 2220
leaf_count=2086 2404 3183 2217 2968 2220
internal_value=-5.7082e-05 -7.57812e-07 -9.59173e-05 -0.000171353 -2.13819e-05
internal_weight=15078 12674 9491 7274 4306
internal_count=15078 12674 9491 7274 4306
is_linear=0
shrinkage=0.05


Tree=39
num_leaves=6
num_cat=0
split_feature=4 0 3 15 7
split_gain=0.132704 0.127956 0.0714843 0.0431263 0.062912
threshold=6801.5000000000009 0.22929057000000003 0.24395180550000004 79.365803252464019 1.0000000180025095e-35
decision_type=10 2 2 2 2
left_child=1 3 -2 -1 -5
right_child=2 -3 -4 4 -6
leaf_value=-0.00019501751980305506 4.0117465347621032e-07 0.00037353843273902314 -0.00039235598332547058 -0.00014044760283982426 0.00021914754327880578
leaf_weight=2160 2135 3161 2533 2058 2974
leaf_count=2160 2135 3161 2533 2058 2974
internal_value=8.60393e-06 0.000108396 -0.000212721 -8.1388e-06 7.20794e-05
internal_weight=15021 10353 4668 7192 5032
internal_count=15021 10353 4668 7192 5032
is_linear=0
shrinkage=0.05


Tree=40
num_leaves=6
num_cat=0
split_feature=4 4 14 14 4
split_gain=0.0799345 0.0896727 0.227652 0.0529064 0.0428441
threshold=3000.5000000000005 6801.5000000000009 0.024360157499692388 0.021861494210487501 7502.0000000000009
decision_type=8 8 2 2 10
left_child=-1 2 -2 4 -3
right_child=1 3 -4 -5 -6
leaf_value=-0.00026967320008416474 -5.4056959657642583e-05 -0.00010034813005887073 0.00063080707846088139 -0.0002510325215132867 0.00018189772660963759
leaf_weight=2254 3071 2853 2006 2363 2543
leaf_count=2254 3071 2853 2006 2363 2543
internal_value=4.94563e-06 5.31687e-05 0.000216543 -5.37334e-05 3.26673e-05
internal_weight=15090 12836 5077 7759 5396
internal_count=15090 12836 5077 7759 5396
is_linear=0
shrinkage=0.05


Tree=41
num_leaves=6
num_cat=0
split_feature=15 0 5 1 0
split_gain=0.121875 0.234424 0.0978918 0.0883933 0.0387073
threshold=253.29909621575908 0.25422703850000006 8.5000000000000018 50.500000000000007 0.028599708500000005
decision_type=2 2 2 2 2
left_child=1 3 -2 -1 -5
right_child=2 -3 -4 4 -6
leaf_value=-0.00024044120089100455 -0.00038661351187785668 0.00050045354154788942 8.2791990742834588e-05 -4.5170780025025687e-05 0.00024482478403806612
leaf_weight=2789 2487 3086 2007 2077 2580
leaf_count=2789 2487 3086 2007 2077 2580
internal_value=4.10151e-05 0.000134033 -0.000176979 -1.783e-05 0.000115488
internal_weight=15026 10532 4494 7446 4657
internal_count=15026 10532 4494 7446 4657
is_linear=0
shrinkage=0.05


Tree=42
num_leaves=6
num_cat=0
split_feature=0 1 14 5 7
split_gain=0.0606175 0.0509096 0.14919 0.0431068 0.0187397
threshold=0.52002797850000004 45.500000000000007 0.018368184544794424 9.5000000000000018 1.0000000180025095e-35
decision_type=2 2 2 2 2
left_child=1 -1 3 4 -3
right_child=-2 2 -4 -5 -6
leaf_value=-0.00013499195953598753 -0.00027349097593620174 -7.8485720976868019e-06 0.00043281017316643968 0.00014378357848266699 -0.00020956161556621663
leaf_weight=3786 2041 2073 2290 2322 2590
leaf_count=3786 2041 2073 2290 2322 2590
internal_value=-2.0084e-05 1.95151e-05 8.25839e-05 -3.22361e-05 -0.000119887
internal_weight=15102 13061 9275 6985 4663
internal_count=15102 13061 9275 6985 4663
is_linear=0
shrinkage=0.05


Tree=43
num_leaves=6
num_cat=0
split_feature=14 14 15 14 5
split_gain=0.124605 0.108896 0.0641513 0.0517685 0.0107387
threshold=0.046476333403236529 0.028598038407648563 336.93442598602138 0.010695651869624911 7.5000000000000009
decision_type=2 2 2 2 2
left_child=1 2 3 4 -1
right_child=-2 -3 -4 -5 -6
leaf_value=-3.7110318924500736e-05 -0.00037310819207406339 0.00038492818471550248 0.00023327002265828665 -0.00022092829417730362 0.00010677510909841324
leaf_weight=2983 2044 2013 2100 3578 2294
leaf_count=2983 2044 2013 2100 3578 2294
internal_value=-1.02681e-05 4.69223e-05 -1.51869e-05 -7.41095e-05 2.54391e-05
internal_weight=15012 12968 10955 8855 5277
internal_count=15012 12968 10955 8855 5277
is_linear=0
shrinkage=0.05


Tree=44
num_leaves=6
num_cat=0
split_feature=4 4 15 15 15
split_gain=0.102464 0.0963627 0.113779 0.0421788 0.0846717
threshold=2901.5000000000005 6362.5000000000009 134.30654473169639 246.75977024320181 120.12259953425534
decision_type=8 8 2 2 2
left_child=-1 2 -2 4 -3
right_child=1 3 -4 -5 -6
leaf_value=-0.00034830062436749614 -5.4654207796227012e-05 -0.0001623548481214198 0.000434010375504745 -0.00022905993750892354 0.00023440106400016703
leaf_weight=2012 2176 3073 2632 2742 2391
leaf_count=2012 2176 3073 2632 2742 2391
internal_value=-1.62345e-05 3.51039e-05 0.000212851 -6.90404e-05 1.12622e-05
internal_weight=15026 13014 4808 8206 5464
internal_count=15026 13014 4808 8206 5464
is_linear=0
shrinkage=0.05


Tree=45
num_leaves=6
num_cat=0
split_feature=15 4 14 14 5
split_gain=0.107689 0.0933894 0.3049 0.0571418 0.0310009
threshold=79.365803252464019 6400.5000000000009 0.025810182647400624 0.014272216359486589 7.5000000000000009
decision_type=2 10 2 2 2
left_child=3 2 4 -1 -2
right_child=1 -3 -4 -5 -6
leaf_value=-4.1246949603403084e-05 -0.0001524816719524996 -0.00012252320511294909 0.00066962584735131897 -0.00040675054246489629 0.00010666827440496989
leaf_weight=2182 2699 3812 2214 2097 2016
leaf_count=2182 2699 3812 2214 2097 2016
internal_value=-8.25355e-06 7.62488e-05 0.000185604 -0.000220368 -4.16765e-05
internal_weight=15020 10741 6929 4279 4715
internal_count=15020 10741 6929 4279 4715
is_linear=0
shrinkage=0.05


Tree=46
num_leaves=6
num_cat=0
split_feature=4 3 4 14 15
split_gain=0.0841447 0.0941806 0.23459 0.150084 0.0258188
threshold=2901.5000000000005 0.34554129250000004 6400.5000000000009 0.011232086651081066 163.40978988102424
decision_type=8 2 8 2 2
left_child=-1 3 -3 -2 -4
right_child=1 2 4 -5 -6
leaf_value=-0.00030601717762119527 0.00011239308684388189 0.00061600168032289202 8.9458581653335031e-05 -0.00037548936120459592 -0.00014858043032051221
leaf_weight=2031 3688 2055 2319 2753 2239
leaf_count=2031 3688 2055 2319 2753 2239
internal_value=-6.63381e-06 3.99456e-05 0.000172488 -9.61367e-05 -2.74719e-05
internal_weight=15085 13054 6613 6441 4558
internal_count=15085 13054 6613 6441 4558
is_linear=0
shrinkage=0.05


Tree=47
num_leaves=6
num_cat=0
split_feature=14 14 5 15 4
split_gain=0.16822 0.102253 0.0481286 0.0488975 0.0565182
threshold=0.046476333403236529 0.02795632717770204 11.500000000000002 114.21026222651066 5395.0000000000009
decision_type=2 2 2 2 10
left_child=1 2 3 -1 -5
right_child=-2 -3 -4 4 -6
leaf_value=9.0600383902480274e-05 -0.00042870668253305731 0.00038143265659917354 0.00020425601091735187 -0.0002908675965544451 4.284729851623661e-05
leaf_weight=3524 2023 2094 2291 3018 2189
leaf_count=3524 2023 2094 2291 3018 2189
internal_value=-4.31819e-06 6.11391e-05 2.88569e-07 -5.32322e-05 -0.000150575
internal_weight=15139 13116 11022 8731 5207
internal_count=15139 13116 11022 8731 5207
is_linear=0
shrinkage=0.05


Tree=48
num_leaves=6
num_cat=0
split_feature=5 14 3 0 14
split_gain=0.111952 0.114887 0.0909135 0.0496814 0.0427046
threshold=5.5000000000000009 0.037319737678589364 0.4359293265000001 0.062174803500000007 0.010695651869624911
decision_type=2 2 2 2 2
left_child=4 2 3 -2 -1
right_child=1 -3 -4 -5 -6
leaf_value=8.4225412234238269e-05 -8.0347365751619355e-06 -0.00038361917187252048 -0.00018927811768543914 0.00030100495857479398 0.00039786345026471612
leaf_weight=2314 2610 2286 3309 2592 2044
leaf_count=2314 2610 2286 3309 2592 2044
internal_value=1.74259e-05 -6.89118e-05 1.56166e-05 0.00014595 0.000231329
internal_weight=15155 10797 8511 5202 4358
internal_count=15155 10797 8511 5202 4358
is_linear=0
shrinkage=0.05


Tree=49
num_leaves=6
num_cat=0
split_feature=5 5 4 14 0
split_gain=0.133825 0.151643 0.0995369 0.0970689 0.0612908
threshold=5.5000000000000009 7.5000000000000009 4951.0000000000009 0.010695651869624911 0.14902680100000001
decision_type=2 2 8 2 2
left_child=3 -2 -3 -1 -4
right_child=1 2 4 -5 -6
leaf_value=4.7219443384932796e-05 -0.00037557736346632278 0.0003420409914126938 -0.00019508682233326766 0.00052396091555277635 0.00013342441612002382
leaf_weight=2284 2815 2150 3356 2005 2461
leaf_count=2284 2815 2150 3356 2005 2461
internal_value=3.38514e-05 -6.01202e-05 5.13411e-05 0.000270084 -5.61035e-05
internal_weight=15071 10782 7967 4289 5817
internal_count=15071 10782 7967 4289 5817
is_linear=0
shrinkage=0.05


Tree=50
num_leaves=5
num_cat=0
split_feature=4 14 3 5
split_gain=0.111341 0.0591932 0.0888852 0.0633904
threshold=3000.5000000000005 0.031400966183574887 0.4359293265000001 7.5000000000000009
decision_type=8 2 2 2
left_child=-1 2 3 -2
right_child=1 -3 -4 -5
leaf_value=-0.0003057891987151466 -3.2873936675585885e-05 0.00027866868332840524 -0.00017180872308761026 0.0002875587547397286
leaf_weight=2182 2895 2914 3696 3306
leaf_count=2182 2895 2914 3696 3306
internal_value=2.43649e-05 8.05975e-05 2.22789e-05 0.000137961
internal_weight=14993 12811 9897 6201
internal_count=14993 12811 9897 6201
is_linear=0
shrinkage=0.05


Tree=51
num_leaves=6
num_cat=0
split_feature=1 0 0 0 3
split_gain=0.10609 0.172531 0.146135 0.0278892 0.0248133
threshold=56.500000000000007 0.31808832200000003 0.17808802550000005 0.028599708500000005 0.32670399850000004
decision_type=2 2 2 2 2
left_child=1 4 3 -2 -1
right_child=2 -3 -4 -5 -6
leaf_value=-0.00012858235600414955 -0.00011069938460681714 0.00048544604227744679 -0.00049871496328707493 0.00012932882595182663 7.6163281043621503e-05
leaf_weight=2783 2460 2362 2022 2382 3160
leaf_count=2783 2460 2362 2022 2382 3160
internal_value=3.74408e-06 0.000123956 -0.000141705 7.38141e-06 -1.97154e-05
internal_weight=15169 8305 6864 4842 5943
internal_count=15169 8305 6864 4842 5943
is_linear=0
shrinkage=0.05


Tree=52
num_leaves=5
num_cat=0
split_feature=15 15 3 15
split_gain=0.0518414 0.109991 0.11044 0.112607
threshold=52.09446315601037 129.82476475483753 0.73562472050000005 253.29909621575908
decision_type=2 2 2 2
left_child=-1 -2 3 -3
right_child=1 2 -4 -5
leaf_value=0.0002257747717158702 -0.0002407938175320461 0.00042675972211510651 -0.00020975479572351164 4.1404877300548011e-06
leaf_weight=3106 3471 2928 2231 3414
leaf_count=3106 3471 2928 2231 3414
internal_value=4.36427e-05 -3.32698e-06 9.28176e-05 0.000199257
internal_weight=15150 12044 8573 6342
internal_count=15150 12044 8573 6342
is_linear=0
shrinkage=0.05


Tree=53
num_leaves=5
num_cat=0
split_feature=15 0 7 14
split_gain=0.0652155 0.189142 0.0450041 0.0471076
threshold=377.42664495210266 0.43209221150000005 1.5000000000000002 0.0091480837449767032
decision_type=2 2 2 2
left_child=1 2 3 -1
right_child=-2 -3 -4 -5
leaf_value=4.9856403492891509e-05 -0.00020785375387015416 0.00048848196386881704 0.00015256266296994952 -0.00020079657957642206
leaf_weight=3617 2435 2267 2876 3891
leaf_count=3617 2435 2267 2876 3891
internal_value=2.91042e-05 7.47127e-05 -1.56201e-05 -8.00438e-05
internal_weight=15086 12651 10384 7508
internal_count=15086 12651 10384 7508
is_linear=0
shrinkage=0.05


Tree=54
num_leaves=6
num_cat=0
split_feature=15 14 3 3 3
split_gain=0.0992635 0.174132 0.0420056 0.040874 0.028233
threshold=377.42664495210266 0.040665281546811406 0.17050805650000003 0.38655313450000006 3.0329670330000007
decision_type=2 2 2 2 2
left_child=1 2 -1 -4 -5
right_child=-2 -3 3 4 -6
leaf_value=-0.00015391833925565724 -0.00025472382614051894 0.00050971562332678189 0.00021246002702240833 -0.00014852754613286156 9.7791070579720141e-05
leaf_weight=2810 2425 2105 3098 2263 2394
leaf_count=2810 2425 2105 3098 2263 2394
internal_value=3.83525e-05 9.44464e-05 1.1707e-05 7.17208e-05 -2.19038e-05
internal_weight=15095 12670 10565 7755 4657
internal_count=15095 12670 10565 7755 4657
is_linear=0
shrinkage=0.05


Tree=55
num_leaves=6
num_cat=0
split_feature=14 3 14 0 4
split_gain=0.0919775 0.10728 0.123206 0.112441 0.0418884
threshold=0.046476333403236529 0.32077206050000007 0.011232086651081066 0.13194229900000001 767.50000000000011
decision_type=2 2 2 2 10
left_child=1 2 -1 4 -3
right_child=-2 3 -4 -5 -6
leaf_value=7.5166935829931334e-05 -0.00030664264137809152 0.00018332535215733386 -0.00038534451868502779 0.00044496019425038774 -0.00013381497392655432
leaf_weight=3918 2037 2142 2308 2666 2026
leaf_count=3918 2037 2142 2308 2666 2026
internal_value=5.85119e-06 5.45916e-05 -9.55463e-05 0.000191372 2.91684e-05
internal_weight=15097 13060 6226 6834 4168
internal_count=15097 13060 6226 6834 4168
is_linear=0
shrinkage=0.05


Tree=56
num_leaves=6
num_cat=0
split_feature=15 15 4 1 4
split_gain=0.0666868 0.134975 0.0758036 0.0640187 0.0734624
threshold=129.82476475483753 253.29909621575908 4800.5000000000009 45.500000000000007 4845.5000000000009
decision_type=2 2 10 2 10
left_child=3 -2 -3 -1 -5
right_child=1 2 -4 4 -6
leaf_value=-0.00033934068101022509 0.00031640501639789857 -0.00031084925585556984 0.00010117237579908899 0.00017585625540333867 -0.00022907271886253426
leaf_weight=2048 3993 2015 2503 2541 2003
leaf_count=2048 3993 2015 2503 2541 2003
internal_value=1.21384e-05 0.000104603 -8.25867e-05 -0.000107244 -2.63686e-06
internal_weight=15103 8511 4518 6592 4544
internal_count=15103 8511 4518 6592 4544
is_linear=0
shrinkage=0.05


Tree=57
num_leaves=6
num_cat=0
split_feature=4 4 14 3 14
split_gain=0.0754514 0.11212 0.198007 0.0628741 0.109317
threshold=2901.5000000000005 6362.5000000000009 0.022346734223007137 0.90373875200000009 0.016136529671151742
decision_type=8 8 2 2 2
left_child=-1 2 -2 4 -3
right_child=1 3 -4 -5 -6
leaf_value=-0.00023013832348764028 1.2243462216127358e-05 6.5666102679512778e-05 0.00065950687617009538 0.00016757785459985984 -0.00040483072714704132
leaf_weight=2013 2753 3134 2070 3016 2037
leaf_count=2013 2753 3134 2070 3016 2037
internal_value=5.47287e-05 9.88054e-05 0.000290045 -1.38546e-05 -0.000119676
internal_weight=15023 13010 4823 8187 5171
internal_count=15023 13010 4823 8187 5171
is_linear=0
shrinkage=0.05


Tree=58
num_leaves=5
num_cat=0
split_feature=1 1 0 0
split_gain=0.0461692 0.0834 0.100088 0.0857011
threshold=66.500000000000014 57.500000000000007 0.25422703850000006 0.022619970000000007
decision_type=2 2 2 2
left_child=1 2 3 -1
right_child=-2 -3 -4 -5
leaf_value=0.00022373962789657868 0.0002184069888691981 -0.00021274153727009285 0.00031981961605278989 -0.00018058924780320627
leaf_weight=2024 3136 3262 2961 3718
leaf_count=2024 3136 3262 2961 3718
internal_value=4.76369e-05 2.87849e-06 8.36957e-05 -3.80672e-05
internal_weight=15101 11965 8703 5742
internal_count=15101 11965 8703 5742
is_linear=0
shrinkage=0.05


Tree=59
num_leaves=6
num_cat=0
split_feature=14 15 1 1 14
split_gain=0.1821 0.138774 0.0575955 0.0562536 0.0849383
threshold=0.046476333403236529 313.75729423357819 66.500000000000014 42.500000000000007 0.015529734670191059
decision_type=2 2 2 2 2
left_child=1 2 3 -1 -5
right_child=-2 -3 -4 4 -6
leaf_value=0.00012664241039077483 -0.00044673323681122579 0.00037035480489366104 0.00018912772049449141 -2.9938326864090187e-05 -0.00043523265553232479
leaf_weight=2143 2046 2831 2392 3629 2008
leaf_count=2143 2046 2831 2392 3629 2008
internal_value=-8.2628e-06 6.07298e-05 -2.54429e-05 -9.14137e-05 -0.000174311
internal_weight=15049 13003 10172 7780 5637
internal_count=15049 13003 10172 7780 5637
is_linear=0
shrinkage=0.05


Tree=60
num_leaves=5
num_cat=0
split_feature=9 4 4 4
split_gain=0.0992673 0.154294 0.0964142 0.0443329
threshold=1.0000000180025095e-35 5595.5000000000009 5416.5000000000009 19815.500000000004
decision_type=10 8 10 8
left_child=1 -1 -2 -3
right_child=2 3 -4 -5
leaf_value=0.00038269586887177505 -0.00037276604297844005 -0.00016980627619493475 4.6431288509313665e-05 0.00011126063141873849
leaf_weight=3798 2356 2820 3283 2792
leaf_count=3798 2356 2820 3283 2792
internal_value=3.7176e-05 0.000136585 -0.000128711 -2.9974e-05
internal_weight=15049 9410 5639 5612
internal_count=15049 9410 5639 5612
is_linear=0
shrinkage=0.05


Tree=61
num_leaves=6
num_cat=0
split_feature=9 4 4 4 1
split_gain=0.0717019 0.0592081 0.167858 0.0521688 0.0255867
threshold=1.5000000000000002 5551.0000000000009 3847.0000000000005 1.0000000180025095e-35 58.500000000000007
decision_type=10 10 10 10 2
left_child=1 2 3 -1 -3
right_child=-2 4 -4 -5 -6
leaf_value=0.00016473109991674013 -0.00019342528979448943 4.2795138547318494e-05 0.00055329786071221039 -0.00013795579816199122 -0.00019996972288500371
leaf_weight=3035 3045 2354 2017 2681 2014
leaf_count=3035 3045 2354 2017 2681 2014
internal_value=2.34466e-05 7.80185e-05 0.000161141 2.27606e-05 -6.9139e-05
internal_weight=15146 12101 7733 5716 4368
internal_count=15146 12101 7733 5716 4368
is_linear=0
shrinkage=0.05


Tree=62
num_leaves=6
num_cat=0
split_feature=15 14 3 5 3
split_gain=0.0633781 0.121279 0.0512694 0.0386497 0.0260648
threshold=253.29909621575908 0.026258552990754341 0.4359293265000001 7.5000000000000009 0.17050805650000003
decision_type=2 2 2 2 2
left_child=1 2 4 -2 -1
right_child=3 -3 -4 -5 -6
leaf_value=-6.9949727702422562e-05 -0.00032234759677388834 0.00032668111144404193 -0.00020789803574936387 -2.6460752914813968e-05 0.00016785664937264902
leaf_weight=2133 2044 3082 2957 2399 2506
leaf_count=2133 2044 3082 2957 2399 2506
internal_value=-3.89096e-06 6.21392e-05 -4.5196e-05 -0.000162583 5.85139e-05
internal_weight=15121 10678 7596 4443 4639
internal_count=15121 10678 7596 4443 4639
is_linear=0
shrinkage=0.05


Tree=63
num_leaves=6
num_cat=0
split_feature=14 1 4 1 3
split_gain=0.077036 0.0521546 0.0593953 0.116298 0.0426617
threshold=0.041158150674328181 70.500000000000014 5459.0000000000009 46.500000000000007 0.33604233800000005
decision_type=2 2 8 2 2
left_child=1 2 -1 -4 -5
right_child=-2 -3 3 4 -6
leaf_value=-0.00023268286299614425 0.00028019374845227924 0.00020691107277532369 0.00033473736031736751 4.3534309478979716e-05 -0.00025298844071906107
leaf_weight=3643 2482 2039 2031 2261 2617
leaf_count=3643 2482 2039 2031 2261 2617
internal_value=2.56008e-05 -2.45858e-05 -6.93188e-05 1.68204e-05 -0.000115547
internal_weight=15073 12591 10552 6909 4878
internal_count=15073 12591 10552 6909 4878
is_linear=0
shrinkage=0.05


Tree=64
num_leaves=6
num_cat=0
split_feature=5 5 14 1 1
split_gain=0.0771637 0.100083 0.0655244 0.0509256 0.0852044
threshold=5.5000000000000009 7.5000000000000009 0.010695651869624911 48.500000000000007 58.500000000000007
decision_type=2 2 2 2 2
left_child=2 -2 -1 -3 -5
right_child=1 3 -4 4 -6
leaf_value=2.6462631121836773e-05 -0.00029450691651382028 -0.00013512838421794661 0.0004164016694385229 0.0003781592716400692 -2.4149930041111828e-05
leaf_weight=2278 2831 2509 2044 2194 3289
leaf_count=2278 2831 2509 2044 2194 3289
internal_value=3.22795e-05 -3.90404e-05 0.000210876 5.14534e-05 0.000136832
internal_weight=15145 10823 4322 7992 5483
internal_count=15145 10823 4322 7992 5483
is_linear=0
shrinkage=0.05


Tree=65
num_leaves=5
num_cat=0
split_feature=1 9 3 0
split_gain=0.120668 0.116781 0.139899 0.0397239
threshold=66.500000000000014 1.0000000180025095e-35 0.4359293265000001 0.11395827000000001
decision_type=2 10 2 2
left_child=1 2 -1 -3
right_child=-2 3 -4 -5
leaf_value=0.00021497190281878688 0.00021640869274413665 -0.00016212724213873804 -0.00024033002838167979 -0.00043877545636630052
leaf_weight=3671 3160 2445 3122 2765
leaf_count=3671 3160 2445 3122 2765
internal_value=-5.84919e-05 -0.000130864 5.71934e-06 -0.000308947
internal_weight=15163 12003 6793 5210
internal_count=15163 12003 6793 5210
is_linear=0
shrinkage=0.05


Tree=66
num_leaves=6
num_cat=0
split_feature=14 15 3 14 15
split_gain=0.124897 0.106296 0.0762106 0.0794357 0.0425676
threshold=0.046476333403236529 313.75729423357819 0.30700602800000004 0.0098979294367737818 146.81976723985898
decision_type=2 2 2 2 2
left_child=1 2 3 -1 -4
right_child=-2 -3 4 -5 -6
leaf_value=6.5010122822510113e-05 -0.0003243998463968233 0.0003665023848715656 3.8157645155847617e-05 -0.00035198302565688877 0.00032305067634584393
leaf_weight=2426 2053 2827 3553 2158 2078
leaf_count=2426 2053 2827 3553 2158 2078
internal_value=3.80999e-05 9.51626e-05 2.00694e-05 -0.000131297 0.000143291
internal_weight=15095 13042 10215 4584 5631
internal_count=15095 13042 10215 4584 5631
is_linear=0
shrinkage=0.05


Tree=67
num_leaves=6
num_cat=0
split_feature=14 14 4 3 15
split_gain=0.128036 0.0660002 0.0476489 0.0228814 0.020021
threshold=0.038414166067966431 0.023692233564441719 4252.5000000000009 0.84211192650000011 150.68450426681036
decision_type=2 2 10 2 2
left_child=1 2 3 -1 -4
right_child=-2 -3 4 -5 -6
leaf_value=-0.00025828271420538979 -0.00033242032497143251 0.00028526681404371671 0.0001893092672253178 -3.7461715744575485e-05 -7.1852452044156369e-06
leaf_weight=2121 3000 2128 2390 2625 2833
leaf_count=2121 3000 2128 2390 2625 2833
internal_value=-4.00261e-05 3.24863e-05 -2.14727e-05 -0.000136147 8.2729e-05
internal_weight=15097 12097 9969 4746 5223
internal_count=15097 12097 9969 4746 5223
is_linear=0
shrinkage=0.05


Tree=68
num_leaves=6
num_cat=0
split_feature=0 5 0 5 4
split_gain=0.102168 0.0753004 0.0782513 0.040931 0.0258535
threshold=0.46512612800000003 12.500000000000002 0.15676759300000001 5.5000000000000009 7499.5000000000009
decision_type=2 2 2 2 8
left_child=1 2 3 -1 -5
right_child=-2 -3 -4 4 -6
leaf_value=0.00015942652885184722 -0.00037310019824013049 0.00023264652785958968 -0.00030878801303560704 -0.00019683519252202254 3.5333341289844878e-05
leaf_weight=2766 2382 2452 2666 2426 2371
leaf_count=2766 2382 2452 2666 2426 2371
internal_value=-7.26467e-05 -1.62095e-05 -7.58629e-05 6.24447e-06 -8.20819e-05
internal_weight=15063 12681 10229 7563 4797
internal_count=15063 12681 10229 7563 4797
is_linear=0
shrinkage=0.05


Tree=69
num_leaves=6
num_cat=0
split_feature=4 14 14 15 15
split_gain=0.0854393 0.156034 0.139487 0.0647589 0.0732998
threshold=6362.5000000000009 0.016136529671151742 0.032002048131080395 107.77605053768961 240.12868397706561
decision_type=10 2 2 2 2
left_child=2 -2 3 -1 -5
right_child=1 -3 -4 4 -6
leaf_value=0.00016551877022933948 7.0320058240707766e-05 -0.00049047902333246719 0.00042332273292020192 -0.00032925661606208778 7.6708114157601501e-05
leaf_weight=3057 3077 2078 2442 2304 2149
leaf_count=3057 3077 2078 2442 2304 2149
internal_value=9.47527e-06 -0.00015574 9.50546e-05 -1.16872e-05 -0.00013334
internal_weight=15107 5155 9952 7510 4453
internal_count=15107 5155 9952 7510 4453
is_linear=0
shrinkage=0.05


Tree=70
num_leaves=6
num_cat=0
split_feature=14 15 1 3 14
split_gain=0.0519125 0.0797752 0.0469596 0.0595263 0.0188495
threshold=0.046476333403236529 319.62507219034143 41.500000000000007 0.30700602800000004 0.010159559682860938
decision_type=2 2 2 2 2
left_child=1 2 -1 -4 -5
right_child=-2 -3 3 4 -6
leaf_value=0.00023245332512784552 -0.00019131711249932061 0.00032241605123795578 -0.00018607460027286412 -2.9453166474069187e-05 0.00017285263387421376
leaf_weight=2033 2039 2693 3674 2071 2593
leaf_count=2033 2039 2693 3674 2071 2593
internal_value=4.33238e-05 7.99461e-05 1.69848e-05 -3.55515e-05 8.30209e-05
internal_weight=15103 13064 10371 8338 4664
internal_count=15103 13064 10371 8338 4664
is_linear=0
shrinkage=0.05


Tree=71
num_leaves=5
num_cat=0
split_feature=14 15 15 15
split_gain=0.0557844 0.0407618 0.0398416 0.0360538
threshold=0.03753454587747914 336.93442598602138 148.2320022013229 79.365803252464019
decision_type=2 2 2 2
left_child=1 2 3 -1
right_child=-2 -3 -4 -5
leaf_value=-6.6874454377082574e-05 -0.00023805895730305622 0.0001889786617315667 -0.00016943821298823062 0.00018456843979273307
leaf_weight=3404 3030 2346 3801 2453
leaf_count=3404 3030 2346 3801 2453
internal_value=-4.63552e-05 2.03391e-06 -4.33764e-05 3.84336e-05
internal_weight=15034 12004 9658 5857
internal_count=15034 12004 9658 5857
is_linear=0
shrinkage=0.05


Tree=72
num_leaves=6
num_cat=0
split_feature=14 1 3 3 14
split_gain=0.135706 0.0691104 0.0465552 0.124466 0.0331374
threshold=0.046476333403236529 70.500000000000014 0.54627344550000012 0.34554129250000004 0.0098979294367737818
decision_type=2 2 2 2 2
left_child=1 2 3 4 -1
right_child=-2 -3 -4 -5 -6
leaf_value=5.7248880118860378e-05 -0.00041048142903701065 0.00029379977481783822 -0.00017433603315851449 0.00037647205787470832 -0.00018874841744277355
leaf_weight=2500 2054 2043 3474 2078 3026
leaf_count=2500 2054 2043 3474 2078 3026
internal_value=-3.25707e-05 2.65885e-05 -2.26905e-05 4.65911e-05 -7.74576e-05
internal_weight=15175 13121 11078 7604 5526
internal_count=15175 13121 11078 7604 5526
is_linear=0
shrinkage=0.05


Tree=73
num_leaves=5
num_cat=0
split_feature=4 15 14 4
split_gain=0.0813334 0.081088 0.176167 0.025586
threshold=9000.5000000000018 80.615890208932868 0.025810182647400624 7055.0000000000009
decision_type=10 2 2 8
left_child=1 -1 3 -3
right_child=-2 2 -4 -5
leaf_value=-0.00013347349331698172 -0.00024361764604391691 -0.00010623845236917243 0.00047258732937600955 0.00010268573332802604
leaf_weight=3756 2668 3184 2782 2715
leaf_count=3756 2668 3184 2782 2715
internal_value=6.88303e-06 6.06207e-05 0.000144599 -1.00816e-05
internal_weight=15105 12437 8681 5899
internal_count=15105 12437 8681 5899
is_linear=0
shrinkage=0.05


Tree=74
num_leaves=6
num_cat=0
split_feature=1 1 14 1 14
split_gain=0.0839737 0.128586 0.158582 0.100736 0.113358
threshold=39.500000000000007 54.500000000000007 0.024683041463863385 66.500000000000014 0.010695651869624911
decision_type=2 2 2 2 2
left_child=-1 2 -2 4 -3
right_child=1 3 -4 -5 -6
leaf_value=-0.00026790269706875681 -1.2362127623380562e-06 -1.1320981102748243e-05 0.00057363717776468372 0.00012635437341619539 -0.00052167310426738374
leaf_weight=2710 2892 2368 2050 3108 2013
leaf_count=2710 2892 2368 2050 3108 2013
internal_value=-1.57098e-05 3.92691e-05 0.000237228 -9.13642e-05 -0.00024582
internal_weight=15141 12431 4942 7489 4381
internal_count=15141 12431 4942 7489 4381
is_linear=0
shrinkage=0.05


Tree=75
num_leaves=6
num_cat=0
split_feature=4 4 1 15 15
split_gain=0.0754724 0.0722052 0.0361776 0.0561153 0.0559562
threshold=2901.5000000000005 5551.0000000000009 55.500000000000007 190.49353908684978 200.24264976395406
decision_type=8 8 2 2 2
left_child=-1 -2 4 -4 -3
right_child=1 2 3 -5 -6
leaf_value=-0.00030807413870832958 0.00020528000670098903 0.00019161002787684766 -0.0003114481686822699 4.1651331734026999e-05 -0.00015665239911054828
leaf_weight=2003 3794 2710 2526 2029 2008
leaf_count=2003 3794 2710 2526 2029 2008
internal_value=-2.22789e-05 2.15298e-05 -5.36506e-05 -0.000154162 4.33881e-05
internal_weight=15070 13067 9273 4555 4718
internal_count=15070 13067 9273 4555 4718
is_linear=0
shrinkage=0.05


Tree=76
num_leaves=6
num_cat=0
split_feature=5 5 4 9 3
split_gain=0.0692769 0.0904523 0.0927613 0.0671711 0.041111
threshold=5.5000000000000009 11.500000000000002 5416.5000000000009 1.0000000180025095e-35 0.25769870550000007
decision_type=2 2 8 8 2
left_child=4 2 -2 -4 -1
right_child=1 -3 3 -5 -6
leaf_value=1.2957749654218127e-05 -0.00040616562543709534 0.00013807004812470494 -0.00021256704519724597 0.0001725696670669325 0.00031857787811670458
leaf_weight=2243 2686 3447 2466 2093 2160
leaf_count=2243 2686 3447 2466 2093 2160
internal_value=-4.03067e-06 -7.2768e-05 -0.00017308 -3.57539e-05 0.000162887
internal_weight=15095 10692 7245 4559 4403
internal_count=15095 10692 7245 4559 4403
is_linear=0
shrinkage=0.05


Tree=77
num_leaves=6
num_cat=0
split_feature=3 4 0 14 0
split_gain=0.0697814 0.165879 0.0665392 0.0465986 0.00692748
threshold=0.43940500900000007 3250.5000000000005 0.31808832200000003 0.0091480837449767032 0.067454713500000013
decision_type=2 10 2 2 2
left_child=2 4 3 -1 -2
right_child=1 -3 -4 -5 -6
leaf_value=0.00014020328592561566 0.00011569009438275226 -0.0005028135396625879 0.00032668741205922397 -0.00012098834385548915 -1.4955944124750432e-05
leaf_weight=3366 2011 2041 2149 3466 2048
leaf_count=3366 2011 2041 2149 3466 2048
internal_value=-4.61438e-06 -0.000135118 8.40252e-05 7.69594e-06 4.97716e-05
internal_weight=15081 6100 8981 6832 4059
internal_count=15081 6100 8981 6832 4059
is_linear=0
shrinkage=0.05


Tree=78
num_leaves=6
num_cat=0
split_feature=5 1 1 1 4
split_gain=0.0790562 0.133626 0.0901676 0.0912053 0.0684808
threshold=5.5000000000000009 48.500000000000007 56.500000000000007 66.500000000000014 5800.5000000000009
decision_type=2 2 2 2 8
left_child=4 -2 -3 -4 -1
right_child=1 2 3 -5 -6
leaf_value=0.00041592453867844465 -0.00029724811290358498 0.00034142481835234282 -0.00023276325958472002 0.00020471000436962937 1.7829088545803487e-05
leaf_weight=2003 3649 2195 2771 2090 2345
leaf_count=2003 3649 2195 2771 2090 2345
internal_value=2.14264e-05 -5.15996e-05 7.54371e-05 -4.46705e-05 0.00020122
internal_weight=15053 10705 7056 4861 4348
internal_count=15053 10705 7056 4861 4348
is_linear=0
shrinkage=0.05


Tree=79
num_leaves=5
num_cat=0
split_feature=15 14 4 5
split_gain=0.120136 0.1163 0.0377091 0.0638884
threshold=377.42664495210266 0.029985590778097985 13545.500000000002 7.5000000000000009
decision_type=2 2 8 2
left_child=1 2 3 -1
right_child=-2 -3 -4 -5
leaf_value=-9.6892357853287726e-05 -0.00029512375967270923 0.00034329336448968864 -0.00016160377947427117 0.00021128923922588447
leaf_weight=3250 2396 3357 2600 3485
leaf_count=3250 2396 3357 2600 3485
internal_value=2.95992e-05 9.09005e-05 1.36369e-07 6.2575e-05
internal_weight=15088 12692 9335 6735
internal_count=15088 12692 9335 6735
is_linear=0
shrinkage=0.05


Tree=80
num_leaves=6
num_cat=0
split_feature=5 15 15 14 14
split_gain=0.0779498 0.11214 0.101638 0.196234 0.0708077
threshold=13.500000000000002 377.42664495210266 139.32644967377772 0.014272216359486589 0.019940076820947557
decision_type=2 2 2 2 2
left_child=1 2 4 -4 -1
right_child=-2 -3 3 -5 -6
leaf_value=4.0490347967837412e-05 0.00029571701747025753 -0.00036640030065431282 -8.6623695587046987e-05 0.00055531172802649549 -0.00030992837303510466
leaf_weight=3626 2203 2038 2578 2212 2393
leaf_count=3626 2203 2038 2578 2212 2393
internal_value=2.09258e-05 -2.61953e-05 3.79492e-05 0.000209819 -9.88271e-05
internal_weight=15050 12847 10809 4790 6019
internal_count=15050 12847 10809 4790 6019
is_linear=0
shrinkage=0.05


Tree=81
num_leaves=6
num_cat=0
split_feature=15 15 3 1 15
split_gain=0.0892979 0.136047 0.116499 0.0769067 0.095347
threshold=126.11828288186051 377.42664495210266 0.30462343350000004 48.500000000000007 54.853344792707738
decision_type=2 2 2 2 2
left_child=3 2 -2 -1 -5
right_child=1 -3 -4 4 -6
leaf_value=-0.00039701867717842928 -4.8690966381908608e-05 -0.00024746797000660766 0.00038854955465957692 0.00020417475909091513 -0.00028040336094934114
leaf_weight=2417 2720 2398 3463 2008 2053
leaf_count=2417 2720 2398 3463 2008 2053
internal_value=-3.35746e-05 7.22153e-05 0.0001962 -0.000173708 -4.07991e-05
internal_weight=15059 8581 6183 6478 4061
internal_count=15059 8581 6183 6478 4061
is_linear=0
shrinkage=0.05


Tree=82
num_leaves=6
num_cat=0
split_feature=5 5 4 14 1
split_gain=0.0645692 0.173937 0.154695 0.0737614 0.0463127
threshold=5.5000000000000009 7.5000000000000009 4951.0000000000009 0.011232086651081066 54.500000000000007
decision_type=2 2 10 2 2
left_child=3 -2 -3 -1 -4
right_child=1 2 4 -5 -6
leaf_value=-5.6410874040089461e-06 -0.00038183655067648177 0.00032579080462202239 3.6056710279691259e-05 0.0004056608752834718 -0.00028500490214832685
leaf_weight=2393 2836 3456 2325 2002 2173
leaf_count=2393 2836 3456 2325 2002 2173
internal_value=2.01643e-05 -4.56385e-05 7.4233e-05 0.000181714 -0.000119049
internal_weight=15185 10790 7954 4395 4498
internal_count=15185 10790 7954 4395 4498
is_linear=0
shrinkage=0.05


Tree=83
num_leaves=6
num_cat=0
split_feature=14 15 3 9 14
split_gain=0.0711206 0.123303 0.0611586 0.0426556 0.0692565
threshold=0.046476333403236529 323.48879759797427 0.84211192650000011 1.0000000180025095e-35 0.011232086651081066
decision_type=2 2 2 10 2
left_child=1 2 3 4 -1
right_child=-2 -3 -4 -5 -6
leaf_value=-5.4685890343175619e-05 -0.00030385749366008984 0.00031493318269421196 0.00013693039722596179 3.1992601686254846e-06 -0.00044985192569172848
leaf_weight=2408 2029 2706 2779 3171 2055
leaf_count=2408 2029 2706 2779 3171 2055
internal_value=-2.83716e-05 1.42354e-05 -6.39062e-05 -0.000137017 -0.000236641
internal_weight=15148 13119 10413 7634 4463
internal_count=15148 13119 10413 7634 4463
is_linear=0
shrinkage=0.05


Tree=84
num_leaves=6
num_cat=0
split_feature=14 14 14 5 14
split_gain=0.101963 0.0810298 0.0300317 0.0709191 0.047502
threshold=0.046476333403236529 0.02795632717770204 0.0091480837449767032 7.5000000000000009 0.0060440333569308077
decision_type=2 2 2 2 2
left_child=1 2 4 -4 -1
right_child=-2 -3 3 -5 -6
leaf_value=-5.0359541938928768e-05 -0.00032661567644461846 0.00034675947676883907 -0.0002869820575094806 6.9015923360814447e-05 0.00025175981484874946
leaf_weight=2822 2016 2018 2364 3427 2414
leaf_count=2822 2016 2018 2364 3427 2414
internal_value=4.31771e-06 5.54608e-05 2.15159e-06 -7.63094e-05 8.89293e-05
internal_weight=15061 13045 11027 5791 5236
internal_count=15061 13045 11027 5791 5236
is_linear=0
shrinkage=0.05


Tree=85
num_leaves=6
num_cat=0
split_feature=14 15 3 9 14
split_gain=0.0556466 0.0854904 0.057969 0.0565677 0.072625
threshold=0.046476333403236529 296.22966935742687 0.84211192650000011 1.0000000180025095e-35 0.010159559682860938
decision_type=2 2 2 10 2
left_child=1 2 3 4 -1
right_child=-2 -3 -4 -5 -6
leaf_value=-9.093251985577721e-06 -0.00023644877360529736 0.00027323886717244461 0.00017052612487171841 6.2840514562024108e-05 -0.00042350530607018663
leaf_weight=2080 2063 3080 2682 3047 2150
leaf_count=2080 2063 3080 2682 3047 2150
internal_value=4.84423e-06 4.3021e-05 -2.8178e-05 -0.000101412 -0.000219728
internal_weight=15102 13039 9959 7277 4230
internal_count=15102 13039 9959 7277 4230
is_linear=0
shrinkage=0.05


Tree=86
num_leaves=6
num_cat=0
split_feature=9 5 4 5 4
split_gain=0.0898585 0.111804 0.0783094 0.202706 0.0956419
threshold=1.0000000180025095e-35 8.5000000000000018 5750.5000000000009 8.5000000000000018 4951.0000000000009
decision_type=10 2 10 2 8
left_child=2 -2 3 4 -1
right_child=1 -3 -4 -5 -6
leaf_value=-0.00021320764804815814 9.8852146385175433e-05 -0.0003468572384685953 -9.1254325602271359e-05 0.0006104244667128109 0.000254224400769652
leaf_weight=2147 2815 2813 2838 2233 2232
leaf_count=2147 2815 2813 2838 2233 2232
internal_value=3.42439e-05 -0.000123923 0.000128441 0.000222739 2.5045e-05
internal_weight=15078 5628 9450 6612 4379
internal_count=15078 5628 9450 6612 4379
is_linear=0
shrinkage=0.05


Tree=87
num_leaves=6
num_cat=0
split_feature=4 4 1 4 0
split_gain=0.120497 0.14535 0.0956511 0.046711 0.0803077
threshold=2901.5000000000005 4951.0000000000009 43.500000000000007 8869.0000000000018 0.12217255300000002
decision_type=8 8 2 10 2
left_child=-1 -2 -3 4 -4
right_child=1 2 3 -5 -6
leaf_value=-0.00031714583268610216 0.00041758662656325919 0.00030285354060341995 -0.00013842368152920854 -0.00026041302518899464 0.00024542405874848942
leaf_weight=2003 2815 2217 3588 2267 2197
leaf_count=2003 2815 2217 3588 2267 2197
internal_value=4.40025e-05 9.92899e-05 1.20365e-05 -6.80357e-05 7.3522e-06
internal_weight=15087 13084 10269 8052 5785
internal_count=15087 13084 10269 8052 5785
is_linear=0
shrinkage=0.05


Tree=88
num_leaves=5
num_cat=0
split_feature=4 0 15 15
split_gain=0.0718929 0.141806 0.0906605 0.0425267
threshold=8869.0000000000018 0.31291506550000009 180.84890930598294 182.45873487847169
decision_type=8 2 2 2
left_child=1 3 -2 -1
right_child=2 -3 -4 -5
leaf_value=-0.00012209894849808361 6.1356180719603629e-05 0.00042432954953342488 -0.00032863893030615396 0.00013377554837818982
leaf_weight=3997 3174 2477 2809 2735
leaf_count=3997 3174 2477 2809 2735
internal_value=1.31983e-05 0.00010087 -0.000121745 -1.81452e-05
internal_weight=15192 9209 5983 6732
internal_count=15192 9209 5983 6732
is_linear=0
shrinkage=0.05


Tree=89
num_leaves=6
num_cat=0
split_feature=4 5 14 5 4
split_gain=0.0607905 0.111132 0.0694515 0.0632516 0.0316689
threshold=6362.5000000000009 8.5000000000000018 0.021446501348364729 5.5000000000000009 7502.0000000000009
decision_type=8 2 2 2 10
left_child=1 3 4 -1 -2
right_child=2 -3 -4 -5 -6
leaf_value=0.00014253244091001237 -9.4712889580040596e-05 0.0003712794107439102 -0.00029471162896460806 -0.00024538196620017605 0.00014394960187538407
leaf_weight=2195 3030 2626 2681 2016 2568
leaf_count=2195 3030 2626 2681 2016 2568
internal_value=5.67009e-06 0.000116008 -8.54499e-05 -4.31801e-05 1.477e-05
internal_weight=15116 6837 8279 4211 5598
internal_count=15116 6837 8279 4211 5598
is_linear=0
shrinkage=0.05


Tree=90
num_leaves=5
num_cat=0
split_feature=14 3 14 4
split_gain=0.0911808 0.0398501 0.0672795 0.0206501
threshold=0.03563441594867215 0.10253778650000002 0.015110870123569533 10501.000000000002
decision_type=2 2 2 8
left_child=1 -1 3 -3
right_child=-2 2 -4 -5
leaf_value=-0.0001644721196858825 -0.00026885006737411578 -0.00010552116884500548 0.00025602434614686658 7.6414429068072119e-05
leaf_weight=2203 3338 3476 3255 2829
leaf_count=2203 3338 3476 3255 2829
internal_value=-3.821e-05 2.7239e-05 7.14167e-05 -2.38882e-05
internal_weight=15101 11763 9560 6305
internal_count=15101 11763 9560 6305
is_linear=0
shrinkage=0.05


Tree=91
num_leaves=6
num_cat=0
split_feature=5 14 14 15 0
split_gain=0.115247 0.0973254 0.0736832 0.0381513 0.0336399
threshold=5.5000000000000009 0.03753454587747914 0.010695651869624911 133.07709494862223 0.060034670000000005
decision_type=2 2 2 2 2
left_child=2 3 -1 -2 -5
right_child=1 -3 -4 4 -6
leaf_value=1.6847559987294772e-05 -0.00013732345918216561 -0.00038927246794830648 0.00042898301817075507 -5.8993664592600532e-05 0.00020762171149235005
leaf_weight=2309 3715 2222 2045 2324 2410
leaf_count=2309 3715 2222 2045 2324 2410
internal_value=-6.36817e-06 -9.48227e-05 0.000210421 -1.73854e-05 7.67358e-05
internal_weight=15025 10671 4354 8449 4734
internal_count=15025 10671 4354 8449 4734
is_linear=0
shrinkage=0.05


Tree=92
num_leaves=6
num_cat=0
split_feature=0 1 0 14 4
split_gain=0.093242 0.0469189 0.1867 0.154671 0.0480458
threshold=0.0050317810000000008 56.500000000000007 0.31808832200000003 0.014272216359486589 7502.0000000000009
decision_type=2 2 2 2 8
left_child=-1 2 4 -3 -2
right_child=1 3 -4 -5 -6
leaf_value=0.00028208713109831974 -0.00031096004292844226 9.1275064768172585e-06 0.00037430292127288661 -0.00053369096614082519 7.2605920131570494e-06
leaf_weight=2127 2655 3739 2361 2022 2144
leaf_count=2127 2655 3739 2361 2022 2144
internal_value=-2.46743e-05 -7.51721e-05 1.02929e-05 -0.000181391 -0.000168792
internal_weight=15048 12921 7160 5761 4799
internal_count=15048 12921 7160 5761 4799
is_linear=0
shrinkage=0.05


Tree=93
num_leaves=6
num_cat=0
split_feature=3 4 3 14 14
split_gain=0.0638578 0.100459 0.0721824 0.0500026 0.012862
threshold=0.43940500900000007 3400.5000000000005 0.30700602800000004 0.0091480837449767032 0.011232086651081066
decision_type=2 10 2 2 2
left_child=2 4 3 -1 -2
right_child=1 -3 -4 -5 -6
leaf_value=0.00013666259122276588 -8.6734649182076653e-05 -0.00043240373319017636 0.00030860063425248324 -0.00013984545200840709 9.0004528294718804e-05
leaf_weight=2961 2110 2000 2311 3651 2010
leaf_count=2961 2110 2000 2311 3651 2010
internal_value=-1.72605e-05 -0.000141652 6.80554e-05 -1.6019e-05 -5.09953e-07
internal_weight=15043 6120 8923 6612 4120
internal_count=15043 6120 8923 6612 4120
is_linear=0
shrinkage=0.05


Tree=94
num_leaves=6
num_cat=0
split_feature=14 1 15 4 4
split_gain=0.169201 0.118922 0.0908961 0.0443075 0.0301936
threshold=0.04497342737474317 46.500000000000007 296.22966935742687 4901.5000000000009 7055.0000000000009
decision_type=2 2 2 8 10
left_child=1 -1 3 -3 -5
right_child=-2 2 -4 4 -6
leaf_value=0.00029665743677407478 -0.00042160781748433316 6.9350744623654679e-05 0.00024315492378659665 -0.00030545456024490367 -5.5515628842622498e-05
leaf_weight=3743 2134 2091 2209 2994 2026
leaf_count=3743 2134 2091 2209 2994 2026
internal_value=-8.82979e-06 5.86025e-05 -3.70026e-05 -0.000124032 -0.000204583
internal_weight=15197 13063 9320 7111 5020
internal_count=15197 13063 9320 7111 5020
is_linear=0
shrinkage=0.05


Tree=95
num_leaves=6
num_cat=0
split_feature=5 14 3 14 14
split_gain=0.0718847 0.116073 0.0926238 0.0708151 0.0542479
threshold=5.5000000000000009 0.03753454587747914 0.54627344550000012 0.010695651869624911 0.014751980416822496
decision_type=2 2 2 2 2
left_child=3 2 4 -1 -2
right_child=1 -3 -4 -5 -6
leaf_value=-7.784869139848847e-06 2.4499729358627016e-05 -0.00037760905133009512 -0.00022130454304662551 0.00039599938075885512 0.00034240185561527654
leaf_weight=2310 3836 2255 2625 2049 2064
leaf_count=2310 3836 2255 2625 2049 2064
internal_value=1.068e-05 -5.86025e-05 2.57799e-05 0.000182019 0.000135712
internal_weight=15139 10780 8525 4359 5900
internal_count=15139 10780 8525 4359 5900
is_linear=0
shrinkage=0.05


Tree=96
num_leaves=6
num_cat=0
split_feature=14 1 3 3 15
split_gain=0.08517 0.044716 0.0694808 0.0680146 0.140784
threshold=0.041158150674328181 70.500000000000014 0.59998778050000012 0.30700602800000004 141.8707295075055
decision_type=2 2 2 2 2
left_child=1 2 3 4 -1
right_child=-2 -3 -4 -5 -6
leaf_value=0.00021970251536398251 0.00031449689425645745 0.00020872669046582222 -0.00024782127222159922 0.00023162717348704614 -0.00032667223179942261
leaf_weight=2149 2481 2035 3066 2768 2612
leaf_count=2149 2481 2035 3066 2768 2612
internal_value=4.66695e-05 -5.94175e-06 -4.71735e-05 3.45354e-05 -8.00519e-05
internal_weight=15111 12630 10595 7529 4761
internal_count=15111 12630 10595 7529 4761
is_linear=0
shrinkage=0.05


Tree=97
num_leaves=5
num_cat=0
split_feature=15 4 15 3
split_gain=0.0796304 0.0907477 0.107264 0.0602033
threshold=377.42664495210266 1600.5000000000002 169.21485183072988 0.24395180550000004
decision_type=2 10 2 2
left_child=1 -1 3 -3
right_child=-2 2 -4 -5
leaf_value=-0.00016214666118331101 -0.00025779594619894044 0.000191810299681974 0.00036213282777453396 -0.00013258256451910799
leaf_weight=3425 2377 2535 3405 3282
leaf_count=3425 2377 2535 3405 3282
internal_value=7.72312e-06 5.76274e-05 0.00013925 8.78514e-06
internal_weight=15024 12647 9222 5817
internal_count=15024 12647 9222 5817
is_linear=0
shrinkage=0.05


Tree=98
num_leaves=7
num_cat=0
split_feature=14 3 14 14 15 15
split_gain=0.134149 0.0683865 0.0766011 0.0530924 0.0101086 0.00869124
threshold=0.046476333403236529 0.48731901500000002 0.012353410193981972 0.022050957891665859 104.70551943508217 240.12868397706561
decision_type=2 2 2 2 2 2
left_child=1 3 -3 4 -1 -6
right_child=-2 2 -4 -5 5 -7
leaf_value=8.4321034331509743e-05 -0.00042830482746906084 -2.7594112426089513e-05 0.00038184039937090727 -0.00029415643870996317 -0.00012246379069061371 2.2736436452776678e-05
leaf_weight=2199 2010 2416 2167 2067 2021 2103
leaf_count=2199 2010 2416 2167 2067 2021 2103
internal_value=-4.82144e-05 1.06758e-05 0.000166001 -7.41697e-05 -2.25568e-06 -4.84201e-05
internal_weight=14983 12973 4583 8390 6323 4124
internal_count=14983 12973 4583 8390 6323 4124
is_linear=0
shrinkage=0.05


Tree=99
num_leaves=6
num_cat=0
split_feature=3 4 4 0 5
split_gain=0.0540698 0.159791 0.167804 0.0814592 0.0499215
threshold=0.32361857100000008 2000.5000000000002 5601.0000000000009 0.14677990400000004 6.5000000000000009
decision_type=2 10 10 2 2
left_child=3 -2 -3 4 -1
right_child=1 2 -4 -5 -6
leaf_value=0.00014914625194888722 -0.0002136103502952608 0.00054225345058035062 -7.3091605309320078e-05 -0.00039561804181967482 -0.00018465878978562842
leaf_weight=2022 3690 2196 2236 2408 2511
leaf_count=2022 3690 2196 2236 2408 2511
internal_value=-5.81305e-05 2.94427e-05 0.000231804 -0.000160604 -3.5761e-05
internal_weight=15063 8122 4432 6941 4533
internal_count=15063 8122 4432 6941 4533
is_linear=0
shrinkage=0.05


Tree=100
num_leaves=6
num_cat=0
split_feature=15 0 1 3 15
split_gain=0.0657575 0.0934372 0.0370725 0.0254621 0.0703424
threshold=253.29909621575908 0.25422703850000006 54.500000000000007 0.84211192650000011 129.82476475483753
decision_type=2 2 2 2 2
left_child=1 3 -2 4 -1
right_child=2 -3 -4 -5 -6
leaf_value=-0.00024058771990004654 -0.00031242508704949827 0.00028455906296812321 -2.6248742498623007e-05 0.00010639542684071041 0.00013288283573976477
leaf_weight=3314 2302 3143 2226 2116 2035
leaf_count=3314 2302 3143 2226 2116 2035
internal_value=-1.22239e-05 5.58645e-05 -0.000171739 -4.04231e-05 -9.85027e-05
internal_weight=15136 10608 4528 7465 5349
internal_count=15136 10608 4528 7465 5349
is_linear=0
shrinkage=0.05


Tree=101
num_leaves=6
num_cat=0
split_feature=15 0 0 9 4
split_gain=0.0677292 0.108213 0.0407462 0.071147 0.0385973
threshold=377.42664495210266 0.36904633450000007 0.015165319500000001 1.0000000180025095e-35 6362.5000000000009
decision_type=2 2 2 8 8
left_child=1 2 -1 4 -4
right_child=-2 -3 3 -5 -6
leaf_value=0.00013129437850771229 -0.00024479619809578579 0.00032414633578518588 0.00019216508244492534 -0.00028344751148229953 -0.00010920142328564806
leaf_weight=2763 2411 2715 2053 2946 2202
leaf_count=2763 2411 2715 2053 2946 2202
internal_value=-1.87959e-06 4.43127e-05 -3.19366e-05 -9.45678e-05 3.62053e-05
internal_weight=15090 12679 9964 7201 4255
internal_count=15090 12679 9964 7201 4255
is_linear=0
shrinkage=0.05


Tree=102
num_leaves=6
num_cat=0
split_feature=4 14 14 15 14
split_gain=0.11216 0.179511 0.0721579 0.0386121 0.0676607
threshold=6362.5000000000009 0.029985590778097985 0.0098511074846314734 104.70551943508217 0.0091480837449767032
decision_type=10 2 2 2 2
left_child=1 3 -2 -1 -5
right_child=2 -3 -4 4 -6
leaf_value=0.00011790099252948292 5.1737324561755628e-05 0.0004525837320255779 -0.00033175745573292082 8.9786490741422499e-05 -0.00030512500164371826
leaf_weight=2825 2004 2694 3162 2047 2307
leaf_count=2825 2004 2694 3162 2047 2307
internal_value=5.77598e-06 0.000104548 -0.000182992 -2.60566e-05 -0.00011946
internal_weight=15039 9873 5166 7179 4354
internal_count=15039 9873 5166 7179 4354
is_linear=0
shrinkage=0.05


Tree=103
num_leaves=6
num_cat=0
split_feature=1 4 3 1 14
split_gain=0.0805465 0.145733 0.055872 0.100934 0.0806553
threshold=48.500000000000007 5395.0000000000009 0.90373875200000009 56.500000000000007 0.0098979294367737818
decision_type=2 8 2 2 2
left_child=1 -1 3 -2 -5
right_child=2 -3 -4 4 -6
leaf_value=-0.0005046719679460362 0.0002446982096656361 1.7647039505276545e-05 0.00022832924216378611 1.8019906763541801e-05 -0.00039325844916102571
leaf_weight=2349 2134 3095 2651 2629 2181
leaf_count=2349 2134 3095 2651 2629 2181
internal_value=-5.41055e-05 -0.000207725 3.30552e-05 -4.14943e-05 -0.000168466
internal_weight=15039 5444 9595 6944 4810
internal_count=15039 5444 9595 6944 4810
is_linear=0
shrinkage=0.05


Tree=104
num_leaves=5
num_cat=0
split_feature=9 5 4 5
split_gain=0.0633696 0.0822632 0.0685546 0.0637561
threshold=1.0000000180025095e-35 10.500000000000002 5459.0000000000009 5.5000000000000009
decision_type=10 2 10 2
left_child=1 3 -2 -1
right_child=2 -3 -4 -5
leaf_value=0.00018540380217990402 -0.00030709142477434466 0.00035635367409441571 4.4956536371071135e-05 -0.00011756056975080038
leaf_weight=3179 2401 2453 3261 3827
leaf_count=3179 2401 2453 3261 3827
internal_value=2.79682e-05 0.00010716 -0.000104331 1.99107e-05
internal_weight=15121 9459 5662 7006
internal_count=15121 9459 5662 7006
is_linear=0
shrinkage=0.05


Tree=105
num_leaves=6
num_cat=0
split_feature=15 15 1 5 15
split_gain=0.0471744 0.148518 0.0652738 0.0435928 0.0393049
threshold=253.29909621575908 129.82476475483753 48.500000000000007 8.5000000000000018 54.853344792707738
decision_type=2 2 2 2 2
left_child=1 2 -1 -2 -4
right_child=3 -3 4 -5 -6
leaf_value=-0.00027289523066008646 -0.000261846064101311 0.00031547488105105513 0.00020968907318529782 5.174935986550695e-05 -9.7504363100807715e-05
leaf_weight=2509 2470 3947 2001 2010 2171
leaf_count=2509 2470 3947 2001 2010 2171
internal_value=1.49356e-05 7.22987e-05 -7.13648e-05 -0.000121148 4.98336e-05
internal_weight=15108 10628 6681 4480 4172
internal_count=15108 10628 6681 4480 4172
is_linear=0
shrinkage=0.05


Tree=106
num_leaves=6
num_cat=0
split_feature=0 0 15 1 0
split_gain=0.0802806 0.0597815 0.0640577 0.0339166 0.0663977
threshold=0.52002797850000004 0.25422703850000006 329.55863307744818 61.500000000000007 0.024802584000000003
decision_type=2 2 2 2 2
left_child=1 2 3 4 -1
right_child=-2 -3 -4 -5 -6
leaf_value=4.3588292707980782e-05 -0.00033390568476235241 0.00022706935324379643 0.00019970457646895456 2.3574086738446898e-05 -0.00031836943909434572
leaf_weight=2014 2042 2428 2095 3081 3416
leaf_count=2014 2042 2428 2095 3081 3416
internal_value=-4.24026e-05 3.26638e-06 -4.79682e-05 -0.000108933 -0.000184118
internal_weight=15076 13034 10606 8511 5430
internal_count=15076 13034 10606 8511 5430
is_linear=0
shrinkage=0.05


Tree=107
num_leaves=5
num_cat=0
split_feature=3 15 1 3
split_gain=0.0554492 0.152949 0.128815 0.118627
threshold=0.80926212800000019 126.11828288186051 56.500000000000007 0.27259833800000005
decision_type=2 2 2 2
left_child=1 3 -3 -1
right_child=-2 2 -4 -5
leaf_value=-2.9536752184716629e-05 0.00016941720508606759 0.0002972918577783015 -0.00015268616378074181 -0.00053320381737753805
leaf_weight=2482 3919 3772 2750 2210
leaf_count=2482 3919 3772 2750 2210
internal_value=7.5169e-06 -4.9063e-05 0.000107559 -0.000266771
internal_weight=15133 11214 6522 4692
internal_count=15133 11214 6522 4692
is_linear=0
shrinkage=0.05


Tree=108
num_leaves=6
num_cat=0
split_feature=4 4 4 1 3
split_gain=0.0787356 0.0644185 0.0545205 0.0602884 0.0524872
threshold=3847.0000000000005 5601.0000000000009 11303.500000000002 57.500000000000007 0.25226950450000002
decision_type=8 8 8 2 2
left_child=-1 -2 4 -4 -3
right_child=1 2 3 -5 -6
leaf_value=-0.00020931493636894012 0.00029033358730671193 7.6884059683694474e-05 0.00031909861177399797 -4.544522118971762e-05 -0.00025988579129815537
leaf_weight=3252 2563 2059 2193 2349 2641
leaf_count=3252 2563 2059 2193 2349 2641
internal_value=8.52834e-06 6.8539e-05 7.03077e-06 0.000130566 -0.000112352
internal_weight=15057 11805 9242 4542 4700
internal_count=15057 11805 9242 4542 4700
is_linear=0
shrinkage=0.05


Tree=109
num_leaves=6
num_cat=0
split_feature=15 15 9 0 14
split_gain=0.113139 0.108027 0.159455 0.0498036 0.04816
threshold=253.29909621575908 129.82476475483753 1.0000000180025095e-35 0.083342923000000013 0.015396367575775815
decision_type=2 2 10 2 2
left_child=1 2 3 -1 -2
right_child=4 -3 -4 -5 -6
leaf_value=-1.8723704367712191e-05 -6.3937259775880082e-05 0.00029103180587008526 -0.00036246176105884963 0.0003272787651336445 -0.00039352389408952134
leaf_weight=2154 2420 3978 2413 2011 2045
leaf_count=2154 2420 3978 2413 2011 2045
internal_value=-3.89811e-06 8.53478e-05 -3.90382e-05 0.000148338 -0.00021489
internal_weight=15021 10556 6578 4165 4465
internal_count=15021 10556 6578 4165 4465
is_linear=0
shrinkage=0.05


Tree=110
num_leaves=6
num_cat=0
split_feature=5 1 1 14 14
split_gain=0.0986428 0.130304 0.0661195 0.0536614 0.0504111
threshold=5.5000000000000009 48.500000000000007 56.500000000000007 0.010695651869624911 0.010695651869624911
decision_type=2 2 2 2 2
left_child=3 -2 -3 -1 -4
right_child=1 2 4 -5 -6
leaf_value=-2.1594515270022082e-05 -0.00037847481221183052 0.00021965659708209854 2.1661449980079221e-05 0.00032974532318174026 -0.00030447388536757053
leaf_weight=2293 3676 2153 2872 2066 2017
leaf_count=2293 3676 2153 2872 2066 2017
internal_value=-5.56163e-05 -0.000137177 -1.12172e-05 0.000144927 -0.000112889
internal_weight=15077 10718 7042 4359 4889
internal_count=15077 10718 7042 4359 4889
is_linear=0
shrinkage=0.05


Tree=111
num_leaves=6
num_cat=0
split_feature=5 14 15 15 15
split_gain=0.0583872 0.0800481 0.0741647 0.0425609 0.0444281
threshold=11.500000000000002 0.021036385489510496 139.32644967377772 107.77605053768961 242.62502828501746
decision_type=2 2 2 2 2
left_child=1 3 -3 -1 -5
right_child=-2 2 -4 4 -6
leaf_value=0.00016470916358460371 0.00014640489948163036 -0.00048109704657035065 -6.4399394898842553e-05 -0.00023750964351070886 7.2697032325325006e-05
leaf_weight=2817 3447 2010 2278 2301 2316
leaf_count=2817 3447 2010 2278 2301 2316
internal_value=-3.44918e-05 -8.76868e-05 -0.000259726 1.15473e-05 -8.19024e-05
internal_weight=15169 11722 4288 7434 4617
internal_count=15169 11722 4288 7434 4617
is_linear=0
shrinkage=0.05


Tree=112
num_leaves=5
num_cat=0
split_feature=5 3 3 4
split_gain=0.0668908 0.109757 0.0799539 0.0445997
threshold=11.500000000000002 0.53716577900000007 0.30951149650000004 5395.0000000000009
decision_type=2 2 2 10
left_child=1 2 3 -1
right_child=-2 -3 -4 -5
leaf_value=-0.00018010589930273751 0.00021819320050271365 -0.00025050436992670643 0.0003251547314252457 0.0001057440158927162
leaf_weight=2548 3485 3834 2282 2938
leaf_count=2548 3485 3834 2282 2938
internal_value=2.60979e-05 -3.16036e-05 7.64378e-05 -2.70204e-05
internal_weight=15087 11602 7768 5486
internal_count=15087 11602 7768 5486
is_linear=0
shrinkage=0.05


Tree=113
num_leaves=6
num_cat=0
split_feature=1 1 14 4 4
split_gain=0.0544015 0.0810888 0.155664 0.0316949 0.0439537
threshold=37.500000000000007 48.500000000000007 0.026258552990754341 5125.5000000000009 10501.000000000002
decision_type=2 2 2 8 8
left_child=-1 -2 3 -3 -5
right_child=1 2 -4 4 -6
leaf_value=0.00027889145714482202 -0.00020392165181394605 0.00013264760674023892 0.00045853106869234736 -0.00025497551155539083 3.6218745406274484e-05
leaf_weight=2156 3356 2215 2131 2328 2923
leaf_count=2156 3356 2215 2131 2328 2923
internal_value=4.63404e-05 7.63279e-06 8.16118e-05 -2.59712e-05 -9.28805e-05
internal_weight=15109 12953 9597 7466 5251
internal_count=15109 12953 9597 7466 5251
is_linear=0
shrinkage=0.05


Tree=114
num_leaves=5
num_cat=0
split_feature=1 1 1 14
split_gain=0.0481509 0.128395 0.0428237 0.0287981
threshold=56.500000000000007 48.500000000000007 66.500000000000014 0.021861494210487501
decision_type=2 2 2 2
left_child=1 3 -2 -1
right_child=2 -3 -4 -5
leaf_value=9.8021415107014953e-05 -0.00017658374308207486 0.00039553402216850863 7.6855633068956857e-05 -0.00013307049245228552
leaf_weight=2588 3648 2786 3069 2814
leaf_count=2588 3648 2786 3069 2814
internal_value=3.84347e-05 0.000119831 -6.07872e-05 -2.23586e-05
internal_weight=14905 8188 6717 5402
internal_count=14905 8188 6717 5402
is_linear=0
shrinkage=0.05


Tree=115
num_leaves=6
num_cat=0
split_feature=14 15 15 14 5
split_gain=0.0717479 0.0403187 0.0623589 0.021805 0.0199493
threshold=0.041158150674328181 323.48879759797427 98.330282765374903 0.0091480837449767032 7.5000000000000009
decision_type=2 2 2 2 2
left_child=1 2 4 -4 -1
right_child=-2 -3 3 -5 -6
leaf_value=-3.1676652869404548e-05 0.00027417952938764829 0.00015480963976820676 -6.0544075115845593e-05 -0.00025997406078944444 0.00018149892633350428
leaf_weight=2184 2477 2612 2367 3256 2206
leaf_count=2184 2477 2612 2367 3256 2206
internal_value=2.81371e-05 -2.01359e-05 -6.57724e-05 -0.000176024 7.54453e-05
internal_weight=15102 12625 10013 5623 4390
internal_count=15102 12625 10013 5623 4390
is_linear=0
shrinkage=0.05


Tree=116
num_leaves=5
num_cat=0
split_feature=9 4 4 4
split_gain=0.0796631 0.124862 0.0884061 0.0474892
threshold=1.0000000180025095e-35 5750.5000000000009 5459.0000000000009 19815.500000000004
decision_type=10 8 10 8
left_child=1 -1 -2 -3
right_child=2 3 -4 -5
leaf_value=0.00028166606445158868 -0.00040318177527024477 -0.0002345029084175829 -2.5129058759054608e-06 5.7811128295971922e-05
leaf_weight=3946 2370 2737 3285 2822
leaf_count=3946 2370 2737 3285 2822
internal_value=-2.18359e-05 6.65716e-05 -0.000170432 -8.61111e-05
internal_weight=15160 9505 5655 5559
internal_count=15160 9505 5655 5559
is_linear=0
shrinkage=0.05


Tree=117
num_leaves=5
num_cat=0
split_feature=1 14 4 1
split_gain=0.070408 0.0912908 0.0781988 0.0545646
threshold=57.500000000000007 0.025810182647400624 5050.5000000000009 47.500000000000007
decision_type=2 2 10 2
left_child=1 3 -2 -1
right_child=2 -3 -4 -5
leaf_value=0.00016138133296427114 7.2284552059950245e-05 0.00034882348605358443 -0.00028309898752746005 -0.00016471363547408346
leaf_weight=2907 3920 3462 2558 2296
leaf_count=2907 3920 3462 2558 2296
internal_value=5.66445e-05 0.000149865 -6.80475e-05 1.74809e-05
internal_weight=15143 8665 6478 5203
internal_count=15143 8665 6478 5203
is_linear=0
shrinkage=0.05


Tree=118
num_leaves=6
num_cat=0
split_feature=5 0 15 1 4
split_gain=0.083085 0.14895 0.0579749 0.0614837 0.0253562
threshold=4.5000000000000009 0.39924481000000006 94.267278897821015 50.500000000000007 4800.5000000000009
decision_type=2 2 2 2 10
left_child=-1 2 -2 -4 -5
right_child=1 -3 3 4 -6
leaf_value=0.0002144247882166352 0.00017301080554817737 -0.00045493407773527275 -0.00027935702340916706 -9.2262741032490624e-05 0.00015575111056607177
leaf_weight=2975 3297 2178 2498 2009 2116
leaf_count=2975 3297 2178 2498 2009 2116
internal_value=-2.23006e-05 -8.05133e-05 1.69317e-06 -8.35906e-05 3.49608e-05
internal_weight=15073 12098 9920 6623 4125
internal_count=15073 12098 9920 6623 4125
is_linear=0
shrinkage=0.05


Tree=119
num_leaves=5
num_cat=0
split_feature=14 15 4 14
split_gain=0.061317 0.0749396 0.0474047 0.124663
threshold=0.046476333403236529 296.22966935742687 3102.0000000000005 0.01443215099251546
decision_type=2 2 10 2
left_child=1 2 -1 -4
right_child=-2 -3 3 -5
leaf_value=6.7225761471819906e-05 -0.00029882030088891994 0.00021088589856858121 3.5594255146891271e-05 -0.00042084133374890777
leaf_weight=3839 2036 3100 3549 2586
leaf_count=3839 2036 3100 3549 2586
internal_value=-4.35833e-05 -3.83553e-06 -7.05727e-05 -0.000156801
internal_weight=15110 13074 9974 6135
internal_count=15110 13074 9974 6135
is_linear=0
shrinkage=0.05


Tree=120
num_leaves=7
num_cat=0
split_feature=14 14 5 15 1 14
split_gain=0.0627233 0.131565 0.0311764 0.0470654 0.0309483 0.0249893
threshold=0.046476333403236529 0.026258552990754341 8.5000000000000018 173.65269391691155 47.500000000000007 0.0057310825013137156
decision_type=2 2 2 2 2 2
left_child=1 2 4 -4 -1 -6
right_child=-2 -3 3 -5 5 -7
leaf_value=7.9035215171029897e-05 -0.00023106525453859395 0.00040346388097155033 -5.8238605741426454e-05 0.00027199257544361174 -3.0610114733416886e-05 -0.00027307742704243656
leaf_weight=2083 2047 2372 2324 2014 2052 2204
leaf_count=2083 2047 2372 2324 2014 2052 2204
internal_value=2.62605e-05 6.66272e-05 -8.20434e-06 9.50776e-05 -7.88838e-05 -0.000156174
internal_weight=15096 13049 10677 4338 6339 4256
internal_count=15096 13049 10677 4338 6339 4256
is_linear=0
shrinkage=0.05


Tree=121
num_leaves=6
num_cat=0
split_feature=0 1 3 3 9
split_gain=0.0311165 0.0430812 0.0422659 0.0936423 0.042447
threshold=0.0050317810000000008 66.500000000000014 0.54627344550000012 0.34554129250000004 1.0000000180025095e-35
decision_type=2 2 2 2 8
left_child=-1 2 3 4 -2
right_child=1 -3 -4 -5 -6
leaf_value=0.00015789665950735203 -4.0337777827533125e-06 0.00013363241515476751 -0.00024073743165626494 0.00024893882900083503 -0.00029776635077111038
leaf_weight=2131 2558 2606 3326 2170 2369
leaf_count=2131 2558 2606 3326 2170 2369
internal_value=-1.92281e-05 -4.81983e-05 -9.36604e-05 -2.47329e-05 -0.000145266
internal_weight=15160 13029 10423 7097 4927
internal_count=15160 13029 10423 7097 4927
is_linear=0
shrinkage=0.05


Tree=122
num_leaves=5
num_cat=0
split_feature=1 14 4 14
split_gain=0.053568 0.120208 0.0382412 0.0771871
threshold=39.500000000000007 0.025810182647400624 767.50000000000011 0.0091480837449767032
decision_type=2 2 10 2
left_child=-1 2 -2 -4
right_child=1 -3 3 -5
leaf_value=-0.00018286078845003109 0.00013527459440760957 0.00031723279702124666 7.4459341173958537e-05 -0.00026973331428466516
leaf_weight=2696 2463 3381 3289 3227
leaf_count=2696 2463 3381 3289 3227
internal_value=1.90768e-05 6.3124e-05 -3.25595e-05 -9.59995e-05
internal_weight=15056 12360 8979 6516
internal_count=15056 12360 8979 6516
is_linear=0
shrinkage=0.05


Tree=123
num_leaves=6
num_cat=0
split_feature=0 3 14 9 15
split_gain=0.071215 0.0680021 0.0577022 0.106761 0.0738751
threshold=0.52002797850000004 0.16180854800000002 0.015110870123569533 1.0000000180025095e-35 107.77605053768961
decision_type=2 2 2 8 2
left_child=1 -1 4 -4 -3
right_child=-2 2 3 -5 -6
leaf_value=-0.00016023419334601968 -0.00027514252996593483 0.00023780824770240541 0.00049367190867975947 -1.3248728973139516e-05 -0.00013461582705791601
leaf_weight=3144 2045 2117 2147 2012 3589
leaf_count=3144 2045 2117 2147 2012 3589
internal_value=-8.55704e-07 4.22619e-05 0.000106798 0.000248439 3.55833e-06
internal_weight=15054 13009 9865 4159 5706
internal_count=15054 13009 9865 4159 5706
is_linear=0
shrinkage=0.05


Tree=124
num_leaves=6
num_cat=0
split_feature=0 5 4 0 4
split_gain=0.0489832 0.0564435 0.0463517 0.0994998 0.0168561
threshold=0.52002797850000004 12.500000000000002 5459.0000000000009 0.11799435150000001 5000.5000000000009
decision_type=2 2 10 2 8
left_child=1 2 3 4 -1
right_child=-2 -3 -4 -5 -6
leaf_value=0.00017003915664402067 -0.00018668503271257258 0.00028991262870037965 0.00016125282572905021 -0.00033628520058723592 -2.4766375841691973e-05
leaf_weight=2377 2042 2507 3957 2131 2084
leaf_count=2377 2042 2507 3957 2131 2084
internal_value=4.10401e-05 7.66571e-05 2.59763e-05 -5.52266e-05 7.90338e-05
internal_weight=15098 13056 10549 6592 4461
internal_count=15098 13056 10549 6592 4461
is_linear=0
shrinkage=0.05


Tree=125
num_leaves=6
num_cat=0
split_feature=15 14 4 15 15
split_gain=0.110264 0.154706 0.0386369 0.0429714 0.0103677
threshold=377.42664495210266 0.02795632717770204 4252.5000000000009 113.11385608012237 126.11828288186051
decision_type=2 2 10 2 2
left_child=1 2 3 -1 -4
right_child=-2 -3 4 -5 -6
leaf_value=-3.0012859250096046e-06 -0.00031612188382887238 0.00034081958120109953 -3.0179434582433269e-05 -0.00031130794592665713 0.00011867686280855549
leaf_weight=2245 2418 3398 2265 2276 2419
leaf_count=2245 2418 3398 2265 2276 2419
internal_value=-6.84573e-06 5.24917e-05 -5.39437e-05 -0.000158212 4.66958e-05
internal_weight=15021 12603 9205 4521 4684
internal_count=15021 12603 9205 4521 4684
is_linear=0
shrinkage=0.05


Tree=126
num_leaves=5
num_cat=0
split_feature=15 0 0 15
split_gain=0.0879467 0.0671904 0.0492454 0.0441086
threshold=377.42664495210266 0.24474433750000002 0.073897308000000009 79.365803252464019
decision_type=2 2 2 2
left_child=1 2 3 -1
right_child=-2 -3 -4 -5
leaf_value=-0.00011868687293437601 -0.00027048949890958975 0.00023501830560661763 -0.0001862055371934908 0.00016572262776337872
leaf_weight=2107 2417 3785 2887 3862
leaf_count=2107 2417 3785 2887 3862
internal_value=5.85359e-06 5.86913e-05 -1.66698e-05 6.53288e-05
internal_weight=15058 12641 8856 5969
internal_count=15058 12641 8856 5969
is_linear=0
shrinkage=0.05


Tree=127
num_leaves=7
num_cat=0
split_feature=15 14 4 14 15 15
split_gain=0.0459278 0.145724 0.0475274 0.105462 0.0426903 0.0196789
threshold=377.42664495210266 0.041158150674328181 3452.0000000000005 0.01729465325404151 107.77605053768961 137.91105782069042
decision_type=2 2 10 2 2 2
left_child=1 2 4 5 -1 -4
right_child=-2 -3 3 -5 -6 -7
leaf_value=0.00024885956144157561 -0.00020809275083665245 0.00040975217592398912 0.00011546482827228507 -0.00042442064341936114 -6.8169833155179983e-05 -0.00010115144001647964
leaf_weight=2038 2395 2112 2180 2075 2217 2020
leaf_count=2038 2395 2112 2180 2075 2217 2020
internal_value=-7.33043e-06 3.07036e-05 -4.53221e-05 -0.000132794 8.36764e-05 1.12827e-05
internal_weight=15037 12642 10530 6275 4255 4200
internal_count=15037 12642 10530 6275 4255 4200
is_linear=0
shrinkage=0.05


Tree=128
num_leaves=6
num_cat=0
split_feature=14 3 14 14 14
split_gain=0.0455605 0.0960206 0.101264 0.0526564 0.0138204
threshold=0.046476333403236529 0.30700602800000004 0.024360157499692388 0.0098979294367737818 0.010159559682860938
decision_type=2 2 2 2 2
left_child=1 3 4 -1 -3
right_child=-2 2 -4 -5 -6
leaf_value=5.0266917944849428e-05 -0.0001945500927663402 -1.2532579313258232e-05 0.00048272588829415762 -0.00024871922258718203 0.0001538152923504446
leaf_weight=3148 2053 2730 2019 2767 2301
leaf_count=3148 2053 2730 2019 2767 2301
internal_value=2.43016e-05 5.89566e-05 0.000183594 -8.95969e-05 6.3549e-05
internal_weight=15018 12965 7050 5915 5031
internal_count=15018 12965 7050 5915 5031
is_linear=0
shrinkage=0.05


Tree=129
num_leaves=5
num_cat=0
split_feature=4 1 3 4
split_gain=0.0681681 0.0627745 0.078099 0.101285
threshold=3710.5000000000005 41.500000000000007 0.24395180550000004 5050.5000000000009
decision_type=8 2 2 10
left_child=-1 -2 -3 -4
right_child=1 2 3 -5
leaf_value=-0.00024109572987144825 0.00026339893728852124 0.00017122371830119906 5.5467251620373127e-05 -0.00033915163937534281
leaf_weight=3067 2215 3189 3447 3078
leaf_count=3067 2215 3189 3447 3078
internal_value=-3.08544e-05 2.31996e-05 -3.1571e-05 -0.000130684
internal_weight=14996 11929 9714 6525
internal_count=14996 11929 9714 6525
is_linear=0
shrinkage=0.05


Tree=130
num_leaves=6
num_cat=0
split_feature=5 14 0 14 5
split_gain=0.040331 0.123538 0.125393 0.0346683 0.0304369
threshold=5.5000000000000009 0.036798924817459687 0.12925050850000003 0.010695651869624911 10.500000000000002
decision_type=2 2 2 2 2
left_child=3 2 4 -1 -2
right_child=1 -3 -4 -5 -6
leaf_value=1.5693244175305369e-05 1.129720822076244e-05 -0.0003577576612787813 0.00033356551203373775 0.00029862405998123682 -0.00023017087921372439
leaf_weight=2306 3483 2287 2748 2041 2087
leaf_count=2306 3483 2287 2748 2041 2087
internal_value=2.02721e-05 -3.23029e-05 5.71796e-05 0.000148535 -7.91775e-05
internal_weight=14952 10605 8318 4347 5570
internal_count=14952 10605 8318 4347 5570
is_linear=0
shrinkage=0.05


Tree=131
num_leaves=5
num_cat=0
split_feature=0 5 4 15
split_gain=0.0836359 0.065674 0.181046 0.0777736
threshold=0.41234090650000005 11.500000000000002 5395.0000000000009 107.77605053768961
decision_type=2 2 8 2
left_child=1 2 -1 -4
right_child=-2 -3 3 -5
leaf_value=-0.00033075464952116656 -0.00028589301263361823 0.00022002907168574548 0.00037270701549838172 -1.1361739704988727e-05
leaf_weight=3547 2822 2985 2025 3776
leaf_count=3547 2822 2985 2025 3776
internal_value=-4.03405e-05 1.58461e-05 -4.93535e-05 0.000122708
internal_weight=15155 12333 9348 5801
internal_count=15155 12333 9348 5801
is_linear=0
shrinkage=0.05


Tree=132
num_leaves=6
num_cat=0
split_feature=14 15 5 15 15
split_gain=0.0771369 0.0919152 0.0639092 0.0939391 0.0292649
threshold=0.041158150674328181 323.48879759797427 9.5000000000000018 150.68450426681036 66.79074200213698
decision_type=2 2 2 2 2
left_child=1 2 3 4 -1
right_child=-2 -3 -4 -5 -6
leaf_value=8.092266262662546e-06 0.00027711635846025008 0.00023467609057805001 -0.00027299063058796084 -0.00025082986451821406 0.00027476348277096028
leaf_weight=2086 2468 2627 3420 2462 2030
leaf_count=2086 2468 2627 3420 2462 2030
internal_value=2.146e-05 -2.8517e-05 -9.76716e-05 -6.52064e-06 0.000139614
internal_weight=15093 12625 9998 6578 4116
internal_count=15093 12625 9998 6578 4116
is_linear=0
shrinkage=0.05


Tree=133
num_leaves=6
num_cat=0
split_feature=15 15 3 3 14
split_gain=0.0569897 0.126345 0.162832 0.188524 0.0498351
threshold=253.29909621575908 169.21485183072988 0.84211192650000011 0.24395180550000004 0.015529734670191059
decision_type=2 2 2 2 2
left_child=1 2 3 -1 -2
right_child=4 -3 -4 -5 -6
leaf_value=0.00011617550686680403 -1.3362537179989354e-05 0.0003688194799603365 0.00032384972798710308 -0.00044553502899223715 -0.00034740056791315535
leaf_weight=2850 2523 2412 2211 3139 2003
leaf_count=2850 2523 2412 2211 3139 2003
internal_value=-1.26415e-05 5.07152e-05 -4.2854e-05 -0.000178232 -0.000161192
internal_weight=15138 10612 8200 5989 4526
internal_count=15138 10612 8200 5989 4526
is_linear=0
shrinkage=0.05


Tree=134
num_leaves=6
num_cat=0
split_feature=4 4 1 1 0
split_gain=0.0650693 0.0824154 0.0676161 0.0522056 0.0190393
threshold=2000.5000000000002 4951.0000000000009 59.500000000000007 55.500000000000007 0.14162626750000004
decision_type=10 10 2 2 2
left_child=2 -2 -1 4 -3
right_child=1 3 -4 -5 -6
leaf_value=-0.00034257132128789197 0.00026828972651759051 -1.430711268704242e-05 5.4986471928033719e-05 -0.00018055311483283019 0.00020230445904490294
leaf_weight=2273 3639 2044 2020 3051 2014
leaf_count=2273 3639 2044 2020 3051 2014
internal_value=9.04489e-06 7.47708e-05 -0.000155507 -2.42889e-05 9.3198e-05
internal_weight=15041 10748 4293 7109 4058
internal_count=15041 10748 4293 7109 4058
is_linear=0
shrinkage=0.05


Tree=135
num_leaves=6
num_cat=0
split_feature=14 1 14 5 1
split_gain=0.0549118 0.0860205 0.053862 0.0908828 0.00500403
threshold=0.041158150674328181 46.500000000000007 0.019940076820947557 9.5000000000000018 62.500000000000007
decision_type=2 2 2 2 2
left_child=1 -1 3 4 -3
right_child=-2 2 -4 -5 -6
leaf_value=0.00022822637128640385 0.00027874635381779789 -0.00017653472780937145 -0.00027921176995253784 0.00026113734902122185 -7.1629873764244878e-05
leaf_weight=3595 2479 2217 2153 2332 2333
leaf_count=3595 2479 2217 2153 2332 2333
internal_value=6.35929e-05 2.13629e-05 -6.09475e-05 7.33541e-06 -0.000122745
internal_weight=15109 12630 9035 6882 4550
internal_count=15109 12630 9035 6882 4550
is_linear=0
shrinkage=0.05


Tree=136
num_leaves=6
num_cat=0
split_feature=4 4 3 0 0
split_gain=0.0569945 0.0759563 0.160095 0.0577606 0.0249477
threshold=2901.5000000000005 6400.5000000000009 0.34554129250000004 0.18106013250000003 0.051658436500000009
decision_type=8 8 2 2 2
left_child=-1 2 -2 4 -3
right_child=1 3 -4 -5 -6
leaf_value=-0.00029274121985623701 -9.4939828191828424e-05 -8.6878651236192364e-05 0.00048800448873698794 -0.00028241495965885177 0.00013443385924512982
leaf_weight=2011 2796 3383 2035 2824 2042
leaf_count=2011 2796 3383 2035 2824 2042
internal_value=-4.49275e-05 -6.82714e-06 0.000150618 -9.90346e-05 -3.5754e-06
internal_weight=15091 13080 4831 8249 5425
internal_count=15091 13080 4831 8249 5425
is_linear=0
shrinkage=0.05


Tree=137
num_leaves=5
num_cat=0
split_feature=4 3 0 15
split_gain=0.0604464 0.0575113 0.06926 0.0319963
threshold=4200.5000000000009 0.43940500900000007 0.12217255300000002 182.45873487847169
decision_type=8 2 2 2
left_child=-1 2 -2 -3
right_child=1 3 -4 -5
leaf_value=-0.00019361573119240139 -1.055371888890083e-05 -0.00021649192725050248 0.00031669813062655544 4.9787384050016103e-05
leaf_weight=3842 3740 2573 2848 2009
leaf_count=3842 3740 2573 2848 2009
internal_value=-2.25418e-05 3.63003e-05 0.000130918 -9.97405e-05
internal_weight=15012 11170 6588 4582
internal_count=15012 11170 6588 4582
is_linear=0
shrinkage=0.05


Tree=138
num_leaves=6
num_cat=0
split_feature=14 15 3 15 3
split_gain=0.0627006 0.0839878 0.037827 0.0607901 0.0464794
threshold=0.046476333403236529 326.77547547296734 0.30700602800000004 137.91105782069042 0.59998778050000012
decision_type=2 2 2 2 2
left_child=1 2 3 -1 -4
right_child=-2 -3 4 -5 -6
leaf_value=5.3267786059589541e-05 -0.0002325778659454718 0.00031866695062770611 0.00025080887481121749 -0.00030939571555494761 -3.6891258670560282e-05
leaf_weight=2691 2032 2627 2495 2025 3210
leaf_count=2691 2032 2627 2495 2025 3210
internal_value=2.57762e-05 6.60103e-05 2.31883e-06 -0.000102456 8.89303e-05
internal_weight=15080 13048 10421 4716 5705
internal_count=15080 13048 10421 4716 5705
is_linear=0
shrinkage=0.05


Tree=139
num_leaves=6
num_cat=0
split_feature=1 0 0 14 1
split_gain=0.0420214 0.178897 0.0474667 0.0450722 0.038832
threshold=56.500000000000007 0.25422703850000006 0.026769238500000004 0.015110870123569533 67.500000000000014
decision_type=2 2 2 2 2
left_child=1 2 -1 4 -2
right_child=3 -3 -4 -5 -6
leaf_value=0.00010716989791914778 0.00013595729678643638 0.0004067296186063365 -0.00019892749127299708 -0.00027876934948178563 -0.00014937734408508423
leaf_weight=2045 2564 2867 3327 2011 2229
leaf_count=2045 2564 2867 3327 2011 2229
internal_value=1.18628e-05 8.78049e-05 -8.24031e-05 -8.00959e-05 3.26151e-06
internal_weight=15043 8239 5372 6804 4793
internal_count=15043 8239 5372 6804 4793
is_linear=0
shrinkage=0.05


Tree=140
num_leaves=6
num_cat=0
split_feature=14 1 15 14 15
split_gain=0.0620583 0.096221 0.0819362 0.0342203 0.0177196
threshold=0.046476333403236529 41.500000000000007 296.22966935742687 0.019940076820947557 141.8707295075055
decision_type=2 2 2 2 2
left_child=1 -1 3 4 -3
right_child=-2 2 -4 -5 -6
leaf_value=0.00030422249888458706 -0.00026927496193308859 1.9061527516287738e-05 0.00021089530147262419 -0.00028088293597444003 -0.00015902753032297413
leaf_weight=2551 2018 3526 2525 2253 2313
leaf_count=2551 2018 3526 2525 2253 2313
internal_value=-1.10802e-05 2.84882e-05 -3.77638e-05 -0.000115355 -5.14848e-05
internal_weight=15186 13168 10617 8092 5839
internal_count=15186 13168 10617 8092 5839
is_linear=0
shrinkage=0.05


Tree=141
num_leaves=6
num_cat=0
split_feature=4 14 15 14 15
split_gain=0.094812 0.117339 0.0745964 0.0680849 0.0837765
threshold=2901.5000000000005 0.041158150674328181 323.48879759797427 0.011631852661456764 143.37006943406206
decision_type=8 2 2 2 2
left_child=-1 2 3 4 -2
right_child=1 -3 -4 -5 -6
leaf_value=-0.00029956827196745984 0.00022454189433902488 0.0004164934391749065 0.00024761698845295982 -0.000233801363911807 -0.00018720953725021087
leaf_weight=2030 2945 2036 2438 3544 2128
leaf_count=2030 2945 2036 2438 3544 2128
internal_value=1.83751e-05 6.7678e-05 3.43665e-06 -6.56491e-05 5.18222e-05
internal_weight=15121 13091 11055 8617 5073
internal_count=15121 13091 11055 8617 5073
is_linear=0
shrinkage=0.05


Tree=142
num_leaves=7
num_cat=0
split_feature=14 14 3 4 0 0
split_gain=0.0509542 0.091735 0.0450066 0.0507973 0.0231925 0.0105172
threshold=0.046476333403236529 0.02795632717770204 0.42829415300000001 5395.0000000000009 0.061123264500000003 0.052529603000000008
decision_type=2 2 2 10 2 2
left_child=1 2 3 -1 -5 -4
right_child=-2 -3 5 4 -6 -7
leaf_value=-0.00012968245471985248 -0.00025263892844624682 0.00032514068648267709 -9.301396195335169e-05 3.3077220502208664e-05 0.00027111702762674949 -0.00025092939802036157
leaf_weight=2681 2030 2034 2208 2078 2016 2018
leaf_count=2681 2030 2034 2208 2078 2016 2018
internal_value=-1.96245e-05 1.66639e-05 -4.03711e-05 3.95022e-05 0.000150295 -0.000168422
internal_weight=15065 13035 11001 6775 4094 4226
internal_count=15065 13035 11001 6775 4094 4226
is_linear=0
shrinkage=0.05


Tree=143
num_leaves=6
num_cat=0
split_feature=15 4 4 4 14
split_gain=0.0871261 0.127481 0.115565 0.100378 0.130174
threshold=172.12080103472871 2997.5000000000005 6307.5000000000009 10999.500000000002 0.019940076820947557
decision_type=2 10 10 8 2
left_child=3 -2 -3 4 -1
right_child=1 2 -4 -5 -6
leaf_value=-3.5572993473545879e-05 -0.00022985294025856188 0.00052023001207095578 2.2545385970985694e-05 0.00013136467713156401 -0.0005067889101276347
leaf_weight=3174 2053 2086 2646 2383 2723
leaf_count=3174 2053 2086 2646 2383 2723
internal_value=-3.36466e-05 9.91845e-05 0.000241939 -0.000142494 -0.000253162
internal_weight=15065 6785 4732 8280 5897
internal_count=15065 6785 4732 8280 5897
is_linear=0
shrinkage=0.05


Tree=144
num_leaves=6
num_cat=0
split_feature=0 0 15 1 15
split_gain=0.132913 0.0849453 0.0365616 0.0340264 0.0213297
threshold=0.52002797850000004 0.24474433750000002 326.77547547296734 50.500000000000007 143.37006943406206
decision_type=2 2 2 2 2
left_child=1 2 3 -1 -5
right_child=-2 -3 -4 4 -6
leaf_value=-0.00020293209654057397 -0.00040158545480241056 0.00029549872475086489 0.0001584188950897674 8.9260359308092362e-05 -0.00011696032771655305
leaf_weight=3175 2004 2536 2121 3065 2122
leaf_count=3175 2004 2536 2121 3065 2122
internal_value=-2.2519e-05 3.58303e-05 -2.69875e-05 -7.40153e-05 4.89554e-06
internal_weight=15023 13019 10483 8362 5187
internal_count=15023 13019 10483 8362 5187
is_linear=0
shrinkage=0.05


Tree=145
num_leaves=5
num_cat=0
split_feature=5 3 3 1
split_gain=0.0616531 0.0758138 0.0925531 0.0348471
threshold=11.500000000000002 0.53085146400000005 0.30700602800000004 55.500000000000007
decision_type=2 2 2 2
left_child=1 2 3 -1
right_child=-2 -3 -4 -5
leaf_value=8.0812854836977881e-05 0.00022587387463246785 -0.00019574396260821217 0.00034560517209223084 -0.0001699789148741715
leaf_weight=3018 3454 3865 2250 2560
leaf_count=3018 3454 3865 2250 2560
internal_value=4.02705e-05 -1.4555e-05 7.49053e-05 -3.4287e-05
internal_weight=15147 11693 7828 5578
internal_count=15147 11693 7828 5578
is_linear=0
shrinkage=0.05


Tree=146
num_leaves=6
num_cat=0
split_feature=15 14 4 14 0
split_gain=0.0549502 0.119963 0.03486 0.0291786 0.0157418
threshold=377.42664495210266 0.040665281546811406 13545.500000000002 0.019940076820947557 0.028599708500000005
decision_type=2 2 8 2 2
left_child=1 2 3 4 -1
right_child=-2 -3 -4 -5 -6
leaf_value=1.5367719536047407e-05 -0.00019941574077085025 0.00040515267923327269 -0.00016028743896221698 -9.3025927244811977e-05 0.00019104558041234455
leaf_weight=2274 2439 2097 2796 2540 2903
leaf_count=2274 2439 2097 2796 2540 2903
internal_value=1.78306e-05 5.98499e-05 -9.02673e-06 4.57776e-05 0.000113879
internal_weight=15049 12610 10513 7717 5177
internal_count=15049 12610 10513 7717 5177
is_linear=0
shrinkage=0.05


Tree=147
num_leaves=5
num_cat=0
split_feature=1 0 4 14
split_gain=0.0706209 0.0512812 0.0602455 0.0684462
threshold=39.500000000000007 0.30305937550000006 3499.5000000000005 0.0098979294367737818
decision_type=2 2 10 2
left_child=-1 2 -2 -4
right_child=1 -3 3 -5
leaf_value=-0.00025558425663401135 0.00012344176776005799 0.00020603498355490073 2.3092099883559575e-05 -0.00032691064700485797
leaf_weight=2738 3735 2973 3083 2554
leaf_count=2738 3735 2973 3083 2554
internal_value=-2.58523e-05 2.51001e-05 -3.22964e-05 -0.000135486
internal_weight=15083 12345 9372 5637
internal_count=15083 12345 9372 5637
is_linear=0
shrinkage=0.05


Tree=148
num_leaves=6
num_cat=0
split_feature=15 0 3 3 5
split_gain=0.053087 0.110476 0.109291 0.0719737 0.0374461
threshold=126.11828288186051 0.31808832200000003 0.65905319950000008 0.26967818800000004 7.5000000000000009
decision_type=2 2 2 2 2
left_child=2 4 3 -1 -2
right_child=1 -3 -4 -5 -6
leaf_value=-2.8588565146714337e-05 -0.00011378172544682461 0.00043103690307865297 0.00023347884857672738 -0.00043225462367291347 0.00012721624118879776
leaf_weight=2458 3013 2119 2018 2005 3466
leaf_count=2458 3013 2119 2018 2005 3466
internal_value=3.6189e-05 0.000117641 -7.18687e-05 -0.000209935 1.51423e-05
internal_weight=15079 8598 6481 4463 6479
internal_count=15079 8598 6481 4463 6479
is_linear=0
shrinkage=0.05


Tree=149
num_leaves=6
num_cat=0
split_feature=0 14 1 1 0
split_gain=0.0456899 0.0642888 0.0244963 0.0613673 0.054722
threshold=0.41234090650000005 0.025810182647400624 56.500000000000007 46.500000000000007 0.032521304500000008
decision_type=2 2 2 2 2
left_child=1 2 3 -1 -4
right_child=-2 -3 4 -5 -6
leaf_value=7.0802451255609869e-05 -0.00017964025581297444 0.00029747089096145363 -0.00010304649721196522 -0.00028561590672903465 0.00021883599886841454
leaf_weight=2694 2824 2070 2510 2189 2786
leaf_count=2694 2824 2070 2510 2189 2786
internal_value=1.6599e-06 4.34585e-05 -8.19737e-06 -8.89763e-05 6.62822e-05
internal_weight=15073 12249 10179 4883 5296
internal_count=15073 12249 10179 4883 5296
is_linear=0
shrinkage=0.05


Tree=150
num_leaves=6
num_cat=0
split_feature=15 0 4 0 4
split_gain=0.0523928 0.115339 0.0862422 0.0518797 0.0464481
threshold=377.42664495210266 0.21284327450000004 6704.0000000000009 0.073897308000000009 5000.5000000000009
decision_type=2 2 8 2 8
left_child=1 3 -3 4 -1
right_child=-2 2 -4 -5 -6
leaf_value=0.00027482558719357152 -0.0001451366391722852 0.00054068023340675517 8.673599400803993e-05 -0.00018690725502252918 -1.8599265483814148e-05
leaf_weight=2069 2414 2187 2006 2527 3874
leaf_count=2069 2414 2187 2006 2527 3874
internal_value=6.83389e-05 0.000109035 0.000323506 2.86257e-06 8.35539e-05
internal_weight=15077 12663 4193 8470 5943
internal_count=15077 12663 4193 8470 5943
is_linear=0
shrinkage=0.05


Tree=151
num_leaves=6
num_cat=0
split_feature=0 0 15 14 4
split_gain=0.0779282 0.0464582 0.0368395 0.0406534 0.0290352
threshold=0.31808832200000003 0.15676759300000001 79.365803252464019 0.010695651869624911 9900.5000000000018
decision_type=2 2 2 2 8
left_child=1 2 -1 4 -4
right_child=-2 -3 3 -5 -6
leaf_value=-0.00011000217047680128 0.0002648455150817677 -0.0002086711578031142 -9.6551318804982431e-05 0.00029096302902957924 0.00016084625416768774
leaf_weight=2607 3667 2165 2315 2141 2080
leaf_count=2607 3667 2165 2315 2141 2080
internal_value=6.455e-05 -4.02632e-07 4.89139e-05 0.0001123 2.5266e-05
internal_weight=14975 11308 9143 6536 4395
internal_count=14975 11308 9143 6536 4395
is_linear=0
shrinkage=0.05


Tree=152
num_leaves=5
num_cat=0
split_feature=4 1 7 5
split_gain=0.0455809 0.0929459 0.0613564 0.0568847
threshold=3400.5000000000005 48.500000000000007 1.5000000000000002 7.5000000000000009
decision_type=10 2 2 2
left_child=3 -2 -3 -1
right_child=1 2 -4 -5
leaf_value=-4.2132452761725039e-05 -0.00029373425235074282 0.00015220471791435011 -0.00018847570004406104 0.00027559536374460085
leaf_weight=3454 3513 3753 2040 2379
leaf_count=3454 3513 3753 2040 2379
internal_value=-2.21308e-05 -9.08182e-05 3.22344e-05 8.74534e-05
internal_weight=15139 9306 5793 5833
internal_count=15139 9306 5793 5833
is_linear=0
shrinkage=0.05


Tree=153
num_leaves=6
num_cat=0
split_feature=14 15 5 15 15
split_gain=0.0235019 0.0528373 0.0444082 0.0547384 0.0168298
threshold=0.041158150674328181 326.77547547296734 9.5000000000000018 150.68450426681036 68.119505603496421
decision_type=2 2 2 2 2
left_child=1 2 3 4 -1
right_child=-2 -3 -4 -5 -6
leaf_value=5.8282861697599609e-05 0.0001888828799017563 0.00022236423214540467 -0.00017689901110077969 -0.00014017732683846548 0.00026061681276279318
leaf_weight=2113 2485 2583 3439 2494 2001
leaf_count=2113 2485 2583 3439 2494 2001
internal_value=4.83248e-05 2.06694e-05 -3.11846e-05 4.46495e-05 0.000156696
internal_weight=15115 12630 10047 6608 4114
internal_count=15115 12630 10047 6608 4114
is_linear=0
shrinkage=0.05


Tree=154
num_leaves=6
num_cat=0
split_feature=4 15 14 15 15
split_gain=0.0960267 0.101326 0.192996 0.0328969 0.0324035
threshold=9000.5000000000018 357.23621938997485 0.03292270993235185 107.77605053768961 190.49353908684978
decision_type=10 2 2 2 2
left_child=1 2 3 -1 -5
right_child=-2 -3 -4 4 -6
leaf_value=0.00010714468244297999 -0.00027592047915455802 -0.00026876600400307677 0.00050258750840454023 -0.00024198847836878117 3.6430238290549072e-05
leaf_weight=3693 2625 2001 2500 2015 2171
leaf_count=3693 2625 2001 2500 2015 2171
internal_value=-1.2299e-06 5.70143e-05 0.000119822 -1.62856e-06 -9.75912e-05
internal_weight=15005 12380 10379 7879 4186
internal_count=15005 12380 10379 7879 4186
is_linear=0
shrinkage=0.05


Tree=155
num_leaves=6
num_cat=0
split_feature=15 0 0 0 14
split_gain=0.0940726 0.133677 0.0953723 0.0363916 0.0406304
threshold=253.29909621575908 0.36465769600000003 0.091459408000000006 0.068909522000000015 0.0082263199175676323
decision_type=2 2 2 2 2
left_child=1 3 -2 4 -1
right_child=2 -3 -4 -5 -6
leaf_value=-9.51941110646677e-05 2.4357748839630513e-05 0.00040062725456773167 -0.0004355504014165893 -0.0001500501745051769 0.00019716081289129544
leaf_weight=2207 2254 2340 2255 3494 2575
leaf_count=2207 2254 2340 2255 3494 2575
internal_value=-1.43124e-05 6.69544e-05 -0.000205647 -2.739e-05 6.22325e-05
internal_weight=15125 10616 4509 8276 4782
internal_count=15125 10616 4509 8276 4782
is_linear=0
shrinkage=0.05


Tree=156
num_leaves=5
num_cat=0
split_feature=15 15 15 4
split_gain=0.0801981 0.110868 0.0417708 0.03834
threshold=253.29909621575908 129.82476475483753 52.09446315601037 8000.5000000000009
decision_type=2 2 2 8
left_child=1 2 -1 -2
right_child=3 -3 -4 -5
leaf_value=0.00014175827200963454 2.6986004894332093e-05 0.00034483209939720406 -0.00010882962679081197 -0.00026702001031719878
leaf_weight=3202 2272 3992 3460 2166
leaf_count=3202 2272 3992 3460 2166
internal_value=6.20777e-05 0.000136468 1.16121e-05 -0.000116506
internal_weight=15092 10654 6662 4438
internal_count=15092 10654 6662 4438
is_linear=0
shrinkage=0.05


Tree=157
num_leaves=6
num_cat=0
split_feature=4 14 14 0 4
split_gain=0.0494949 0.0750399 0.0815916 0.0725337 0.0213496
threshold=2901.5000000000005 0.041158150674328181 0.021861494210487501 0.060034670000000005 8500.5000000000018
decision_type=8 2 2 2 8
left_child=-1 2 3 4 -2
right_child=1 -3 -4 -5 -6
leaf_value=-0.00024644349310263907 -0.00018146675904044522 0.00029962369818358555 -0.00027276157418190211 0.00022505911714327628 2.5329208662818084e-05
leaf_weight=2021 2440 2020 2665 3349 2555
leaf_count=2021 2440 2020 2665 3349 2555
internal_value=-1.62174e-05 1.94942e-05 -3.19057e-05 4.50216e-05 -7.56882e-05
internal_weight=15050 13029 11009 8344 4995
internal_count=15050 13029 11009 8344 4995
is_linear=0
shrinkage=0.05


Tree=158
num_leaves=6
num_cat=0
split_feature=14 15 14 15 3
split_gain=0.0762929 0.0475373 0.0486537 0.0171672 0.0147825
threshold=0.041158150674328181 296.22966935742687 0.02112089312688822 68.119505603496421 0.28946954900000005
decision_type=2 2 2 2 2
left_child=1 2 3 -1 -5
right_child=-2 -3 -4 4 -6
leaf_value=0.00014144775066664435 0.00031862229563324685 0.00018934088480851264 -0.00022156036632823282 -0.00011635869682818643 6.0514455728496597e-05
leaf_weight=2310 2466 2979 2652 2283 2448
leaf_count=2310 2466 2979 2652 2283 2448
internal_value=6.41715e-05 1.46548e-05 -3.90324e-05 2.97169e-05 -2.48378e-05
internal_weight=15138 12672 9693 7041 4731
internal_count=15138 12672 9693 7041 4731
is_linear=0
shrinkage=0.05


Tree=159
num_leaves=5
num_cat=0
split_feature=0 14 4 15
split_gain=0.072343 0.0745595 0.0239528 0.0109703
threshold=0.41234090650000005 0.025810182647400624 10702.000000000002 175.12297003594787
decision_type=2 2 8 2
left_child=1 2 3 -1
right_child=-2 -3 -4 -5
leaf_value=-0.00011383093768915099 -0.00022623108699107932 0.00032759941610005825 0.00010426234128070469 1.565591960042979e-05
leaf_weight=3757 2839 2068 3491 2897
leaf_count=3757 2839 2068 3491 2897
internal_value=1.1213e-06 5.3971e-05 -1.80658e-06 -5.74553e-05
internal_weight=15052 12213 10145 6654
internal_count=15052 12213 10145 6654
is_linear=0
shrinkage=0.05


Tree=160
num_leaves=6
num_cat=0
split_feature=5 14 0 5 1
split_gain=0.0717904 0.120458 0.0570761 0.0411743 0.0204459
threshold=4.5000000000000009 0.038414166067966431 0.12925050850000003 10.500000000000002 56.500000000000007
decision_type=2 2 2 2 2
left_child=-1 2 3 4 -2
right_child=1 -3 -4 -5 -6
leaf_value=0.00020679978913503276 0.00012559390899481842 -0.00038762981799330158 0.0001862395842749033 -0.00025396606376234962 -9.1480248779052709e-05
leaf_weight=2991 2124 2354 3143 2123 2217
leaf_count=2991 2124 2354 3143 2123 2217
internal_value=-1.22934e-05 -6.70805e-05 1.14636e-05 -7.3518e-05 1.47316e-05
internal_weight=14952 11961 9607 6464 4341
internal_count=14952 11961 9607 6464 4341
is_linear=0
shrinkage=0.05


Tree=161
num_leaves=6
num_cat=0
split_feature=4 4 3 0 0
split_gain=0.0381454 0.0551227 0.0838117 0.0542509 0.0453668
threshold=2677.0000000000005 4999.5000000000009 0.36991553550000006 0.12925050850000003 0.08778101150000002
decision_type=10 10 2 2 2
left_child=4 -2 3 -3 -1
right_child=1 2 -4 -5 -6
leaf_value=1.3294980080896409e-05 0.00022911222848883843 -4.8026704450518918e-05 -0.00029191478900799181 0.00028734175458336279 -0.00029475466603113014
leaf_weight=2806 3069 3021 2074 2007 2082
leaf_count=2806 3069 3021 2074 2007 2082
internal_value=-3.12458e-06 5.20421e-05 -2.44755e-05 8.58405e-05 -0.000117916
internal_weight=15059 10171 7102 5028 4888
internal_count=15059 10171 7102 5028 4888
is_linear=0
shrinkage=0.05


Tree=162
num_leaves=5
num_cat=0
split_feature=15 0 7 15
split_gain=0.0583941 0.0991465 0.0260961 0.023985
threshold=377.42664495210266 0.31808832200000003 1.5000000000000002 107.77605053768961
decision_type=2 2 2 2
left_child=1 2 3 -1
right_child=-2 -3 -4 -5
leaf_value=4.7398557064605628e-05 -0.00019122299117508177 0.00032103217610365299 0.00013211235610257647 -0.00013912693967468124
leaf_weight=3182 2413 3136 2599 3760
leaf_count=3182 2413 3136 2599 3760
internal_value=3.42214e-05 7.71335e-05 -3.03271e-06 -5.36294e-05
internal_weight=15090 12677 9541 6942
internal_count=15090 12677 9541 6942
is_linear=0
shrinkage=0.05


Tree=163
num_leaves=6
num_cat=0
split_feature=0 4 15 7 4
split_gain=0.0757804 0.0605977 0.0306022 0.0336236 0.0212118
threshold=0.18422227450000003 7502.0000000000009 319.62507219034143 1.5000000000000002 2090.5000000000005
decision_type=2 8 2 2 10
left_child=2 -2 3 4 -1
right_child=1 -3 -4 -5 -6
leaf_value=-0.00020031557648472859 -5.0709849940848529e-05 -0.00038978764214484928 0.0002106118325250807 0.00016851763529070361 2.1904242843932416e-06
leaf_weight=2009 3085 2300 2038 2003 3629
leaf_count=2009 3085 2300 2038 2003 3629
internal_value=-4.51851e-05 -0.000195534 3.84629e-05 -7.45244e-06 -6.9969e-05
internal_weight=15064 5385 9679 7641 5638
internal_count=15064 5385 9679 7641 5638
is_linear=0
shrinkage=0.05


Tree=164
num_leaves=5
num_cat=0
split_feature=0 9 0 14
split_gain=0.0317977 0.0437931 0.0302352 0.0261739
threshold=0.30727947850000009 1.0000000180025095e-35 0.016598162000000003 0.010159559682860938
decision_type=2 10 2 2
left_child=1 2 -1 -4
right_child=-2 -3 3 -5
leaf_value=-9.6559588316896266e-05 0.00014086417935389205 -0.00015892836982129942 1.6396509417327722e-05 0.00024971038348439516
leaf_weight=2434 3871 3969 2728 2149
leaf_count=2434 3871 3969 2728 2149
internal_value=1.72154e-05 -2.52177e-05 4.73713e-05 0.000119204
internal_weight=15151 11280 7311 4877
internal_count=15151 11280 7311 4877
is_linear=0
shrinkage=0.05


Tree=165
num_leaves=6
num_cat=0
split_feature=0 15 0 7 1
split_gain=0.0458476 0.0280229 0.130432 0.0408691 0.0331746
threshold=0.0050317810000000008 377.42664495210266 0.43209221150000005 1.5000000000000002 55.500000000000007
decision_type=2 2 2 2 2
left_child=-1 2 3 4 -2
right_child=1 -3 -4 -5 -6
leaf_value=0.00019255960317494101 -0.00029874021352470186 -0.00022468070657225404 0.00031755281054032965 5.9239131009281216e-05 -6.7153352940850386e-05
leaf_weight=2141 3046 2094 2214 2475 3141
leaf_count=2141 3046 2094 2214 2475 3141
internal_value=-2.18003e-05 -5.71854e-05 -2.49368e-05 -0.000112477 -0.000181169
internal_weight=15111 12970 10876 8662 6187
internal_count=15111 12970 10876 8662 6187
is_linear=0
shrinkage=0.05


Tree=166
num_leaves=6
num_cat=0
split_feature=5 3 4 4 3
split_gain=0.0873102 0.0822097 0.0602763 0.0548283 0.0150347
threshold=11.500000000000002 0.4359293265000001 13782.000000000002 4750.5000000000009 0.21331531050000005
decision_type=2 2 8 10 2
left_child=1 3 -3 -1 -5
right_child=-2 2 -4 4 -6
leaf_value=-0.00012126498999285867 0.00023684813846453252 -0.00041951788502966484 -5.2454176869026935e-05 0.00025813378685355385 7.2596932108486933e-05
leaf_weight=2670 3452 2016 2512 2207 2161
leaf_count=2670 3452 2016 2512 2207 2161
internal_value=1.61734e-05 -4.96894e-05 -0.000215882 5.7233e-05 0.000166342
internal_weight=15018 11566 4528 7038 4368
internal_count=15018 11566 4528 7038 4368
is_linear=0
shrinkage=0.05


Tree=167
num_leaves=6
num_cat=0
split_feature=4 0 0 5 4
split_gain=0.127096 0.166398 0.0650797 0.0316839 0.0125035
threshold=3452.0000000000005 0.41234090650000005 0.12217255300000002 9.5000000000000018 4999.5000000000009
decision_type=8 2 2 2 10
left_child=-1 2 3 4 -2
right_child=1 -3 -4 -5 -6
leaf_value=0.00028952110891368416 -8.8823518900139193e-05 -0.00047719116148674961 0.00018890410066719438 -0.00023257388626259383 7.7205308072294133e-05
leaf_weight=2727 2338 2243 3116 2411 2202
leaf_count=2727 2338 2243 3116 2411 2202
internal_value=-1.9325e-05 -8.77428e-05 -9.70871e-07 -8.60882e-05 -8.29588e-06
internal_weight=15037 12310 10067 6951 4540
internal_count=15037 12310 10067 6951 4540
is_linear=0
shrinkage=0.05


Tree=168
num_leaves=6
num_cat=0
split_feature=14 3 14 14 5
split_gain=0.111945 0.0909895 0.108702 0.039029 0.0106799
threshold=0.046476333403236529 0.31818853400000008 0.018368184544794424 0.0098979294367737818 7.5000000000000009
decision_type=2 2 2 2 2
left_child=1 3 4 -1 -3
right_child=-2 2 -4 -5 -6
leaf_value=3.8522964543595556e-05 -0.00034029272942304401 -6.0609710361879056e-05 0.00042442574676751277 -0.00021339554016075376 0.00010061119103613224
leaf_weight=3266 2022 2044 2799 2905 2065
leaf_count=3266 2022 2044 2799 2905 2065
internal_value=5.93825e-06 5.94652e-05 0.000184112 -8.00677e-05 2.04127e-05
internal_weight=15101 13079 6908 6171 4109
internal_count=15101 13079 6908 6171 4109
is_linear=0
shrinkage=0.05


Tree=169
num_leaves=6
num_cat=0
split_feature=14 14 1 3 15
split_gain=0.0434084 0.0370083 0.0430145 0.0593532 0.0148948
threshold=0.03563441594867215 0.0060440333569308077 60.500000000000007 0.4359293265000001 155.82226869549024
decision_type=2 2 2 2 2
left_child=1 -1 3 4 -3
right_child=-2 2 -4 -5 -6
leaf_value=-9.6117985961731328e-05 -0.00014169771096995704 0.00025642318935218978 0.00028605696617197888 -0.00015449168313604121 6.6041615204611118e-05
leaf_weight=2797 3321 2005 2549 2389 2107
leaf_count=2797 3321 2005 2549 2389 2107
internal_value=1.80602e-05 6.28442e-05 0.000111973 4.3716e-05 0.000158871
internal_weight=15168 11847 9050 6501 4112
internal_count=15168 11847 9050 6501 4112
is_linear=0
shrinkage=0.05


Tree=170
num_leaves=6
num_cat=0
split_feature=15 15 14 14 0
split_gain=0.0286218 0.0764586 0.0951221 0.0476228 0.0361511
threshold=126.11828288186051 253.29909621575908 0.012353410193981972 0.014272216359486589 0.09458221700000001
decision_type=2 2 2 2 2
left_child=3 2 -2 -1 -3
right_child=1 4 -4 -5 -6
leaf_value=6.2869908108478061e-05 -1.4558630956343691e-05 6.5294000059637112e-05 0.00046842469967799143 -0.00020772159868281292 -0.00021910164936249406
leaf_weight=3291 2056 2274 2022 3214 2197
leaf_count=3291 2056 2274 2022 3214 2197
internal_value=8.21191e-06 6.83512e-05 0.00022492 -7.08243e-05 -7.44549e-05
internal_weight=15054 8549 4078 6505 4471
internal_count=15054 8549 4078 6505 4471
is_linear=0
shrinkage=0.05


Tree=171
num_leaves=6
num_cat=0
split_feature=15 1 1 0 15
split_gain=0.0435393 0.100033 0.0716299 0.0629079 0.0566058
threshold=129.82476475483753 47.500000000000007 45.500000000000007 0.15473972750000003 52.09446315601037
decision_type=2 2 2 2 2
left_child=2 -2 -1 -3 -4
right_child=1 3 4 -5 -6
leaf_value=-0.00036882600310740094 0.00029305363029088523 5.2014433969933374e-05 0.00017146236658433824 -0.00029638260149084735 -0.00018027716170165864
leaf_weight=2037 2807 3636 2187 2013 2398
leaf_count=2037 2807 3636 2187 2013 2398
internal_value=-2.60981e-05 4.90903e-05 -0.00012211 -7.21355e-05 -1.25009e-05
internal_weight=15078 8456 6622 5649 4585
internal_count=15078 8456 6622 5649 4585
is_linear=0
shrinkage=0.05


Tree=172
num_leaves=6
num_cat=0
split_feature=1 14 1 0 14
split_gain=0.0529221 0.0888321 0.057569 0.0526573 0.0441238
threshold=56.500000000000007 0.025810182647400624 47.500000000000007 0.15473972750000003 0.0060440333569308077
decision_type=2 2 2 2 2
left_child=1 2 -1 4 -2
right_child=3 -3 -4 -5 -6
leaf_value=0.00012167533365860177 -0.00012406782387073642 0.00031141297101602139 -0.00022388122802524972 -0.00027917320838862446 0.00018392976222980989
leaf_weight=2921 2487 3376 2052 2148 2184
leaf_count=2921 2487 3376 2052 2148 2184
internal_value=2.90626e-05 0.000113467 -2.0911e-05 -7.42804e-05 1.99413e-05
internal_weight=15168 8349 4973 6819 4671
internal_count=15168 8349 4973 6819 4671
is_linear=0
shrinkage=0.05


Tree=173
num_leaves=6
num_cat=0
split_feature=0 5 0 14 0
split_gain=0.0508434 0.0725938 0.121065 0.0650664 0.0304457
threshold=0.39924481000000006 7.5000000000000009 0.12727918000000002 0.0097548961989040589 0.030460168000000006
decision_type=2 2 2 2 2
left_child=1 3 4 -1 -3
right_child=-2 2 -4 -5 -6
leaf_value=5.6191386723330067e-05 -0.00018965760882341649 0.00012787242411199952 0.00045457304600301563 -0.00028807739137902524 -0.00013875519794818904
leaf_weight=3257 2920 2246 2235 2372 2046
leaf_count=3257 2920 2246 2235 2372 2046
internal_value=-2.30999e-06 4.26929e-05 0.000156163 -8.88798e-05 7.70813e-07
internal_weight=15076 12156 6527 5629 4292
internal_count=15076 12156 6527 5629 4292
is_linear=0
shrinkage=0.05


Tree=174
num_leaves=5
num_cat=0
split_feature=1 1 1 14
split_gain=0.046893 0.0733152 0.0713228 0.0581646
threshold=66.500000000000014 57.500000000000007 48.500000000000007 0.021861494210487501
decision_type=2 2 2 2
left_child=1 2 3 -1
right_child=-2 -3 -4 -5
leaf_value=0.00011026353645868124 0.00019317892662069796 -0.0002276270613356476 0.00023809883573052749 -0.00021591506123353279
leaf_weight=2639 3118 3239 3213 2835
leaf_count=2639 3118 3239 3213 2835
internal_value=2.05348e-05 -2.46022e-05 5.10968e-05 -5.86653e-05
internal_weight=15044 11926 8687 5474
internal_count=15044 11926 8687 5474
is_linear=0
shrinkage=0.05


Tree=175
num_leaves=6
num_cat=0
split_feature=4 4 14 0 3
split_gain=0.102598 0.104381 0.152783 0.0876521 0.0733455
threshold=2850.5000000000005 6362.5000000000009 0.022346734223007137 0.08778101150000002 0.25226950450000002
decision_type=10 10 2 2 2
left_child=3 2 -2 -1 -3
right_child=1 4 -4 -5 -6
leaf_value=-2.9232997927074608e-05 -1.3459878776168793e-05 0.0001093829004417202 0.00055338556948115309 -0.00044846103033753873 -0.00026803034035516326
leaf_weight=2876 2748 2421 2095 2201 2749
leaf_count=2876 2748 2421 2095 2201 2749
internal_value=-2.78848e-05 6.49511e-05 0.000231748 -0.000210978 -9.12958e-05
internal_weight=15090 10013 4843 5077 5170
internal_count=15090 10013 4843 5077 5170
is_linear=0
shrinkage=0.05


Tree=176
num_leaves=6
num_cat=0
split_feature=0 14 4 4 3
split_gain=0.0384133 0.0844373 0.0267561 0.0469438 0.0126203
threshold=0.31808832200000003 0.022050957891665859 7767.5000000000009 4901.5000000000009 0.9439104745000001
decision_type=2 2 10 8 2
left_child=1 2 3 -1 -5
right_child=-2 -3 -4 4 -6
leaf_value=0.00014269107537498028 0.00013905476260582311 -0.00032012156196067551 0.00017005368702761899 -0.00021453023740964302 -4.2773013519574449e-05
leaf_weight=2543 3753 2245 2291 2137 2141
leaf_count=2543 3753 2245 2291 2137 2141
internal_value=3.72461e-07 -4.54561e-05 2.22156e-05 -2.74395e-05 -0.000128571
internal_weight=15110 11357 9112 6821 4278
internal_count=15110 11357 9112 6821 4278
is_linear=0
shrinkage=0.05


Tree=177
num_leaves=6
num_cat=0
split_feature=3 4 14 14 1
split_gain=0.0547245 0.0902554 0.0587589 0.0335258 0.0182731
threshold=0.4359293265000001 3400.5000000000005 0.019504055260196364 0.0091480837449767032 57.500000000000007
decision_type=2 10 2 2 2
left_child=2 4 3 -1 -2
right_child=1 -3 -4 -5 -6
leaf_value=9.5371419616578564e-05 -7.2849889914812353e-05 -0.0003745414226422626 0.00026315262638763382 -0.00015106353699563047 0.00013599787264178542
leaf_weight=3379 2120 2050 3170 2333 2070
leaf_count=3379 2120 2050 3170 2333 2070
internal_value=1.07979e-05 -0.000102682 9.05227e-05 -5.28207e-06 3.03279e-05
internal_weight=15122 6240 8882 5712 4190
internal_count=15122 6240 8882 5712 4190
is_linear=0
shrinkage=0.05


Tree=178
num_leaves=6
num_cat=0
split_feature=14 14 0 0 0
split_gain=0.0566322 0.0547373 0.0197222 0.0402848 0.027481
threshold=0.046476333403236529 0.02795632717770204 0.0054305020000000011 0.028599708500000005 0.09458221700000001
decision_type=2 2 2 2 2
left_child=1 2 -1 -4 -5
right_child=-2 -3 3 4 -6
leaf_value=0.0001407201229351464 -0.00023994777913983941 0.00028229432298227194 -0.00021756271830440711 0.00014296380405408042 -6.0615996775829494e-05
leaf_weight=2018 2036 2028 2210 2947 3789
leaf_count=2018 2036 2028 2210 2947 3789
internal_value=5.24083e-06 4.36648e-05 -4.74287e-07 -3.23243e-05 2.84502e-05
internal_weight=15028 12992 10964 8946 6736
internal_count=15028 12992 10964 8946 6736
is_linear=0
shrinkage=0.05


Tree=179
num_leaves=6
num_cat=0
split_feature=14 3 0 0 15
split_gain=0.118238 0.0685456 0.0530547 0.0426709 0.033575
threshold=0.046476333403236529 0.40554932900000001 0.17808802550000005 0.034998853500000003 187.1353612176035
decision_type=2 2 2 2 2
left_child=1 2 3 -1 -3
right_child=-2 4 -4 -5 -6
leaf_value=-0.0001390369091780185 -0.00039890474426861831 4.1498312783258768e-05 -0.00030909944871270096 0.00014117088583772512 0.00029354417728955193
leaf_weight=2940 2070 3324 2026 2526 2193
leaf_count=2940 2070 3324 2026 2526 2193
internal_value=-4.79114e-05 7.93884e-06 -9.05508e-05 -9.54461e-06 0.000141686
internal_weight=15079 13009 7492 5466 5517
internal_count=15079 13009 7492 5466 5517
is_linear=0
shrinkage=0.05


Tree=180
num_leaves=7
num_cat=0
split_feature=3 1 3 4 4 3
split_gain=0.055106 0.0948168 0.0685319 0.080886 0.0957956 0.031309
threshold=0.21586669750000001 56.500000000000007 0.30951149650000004 2677.0000000000005 6249.5000000000009 753.50000000000011
decision_type=2 2 2 10 10 2
left_child=1 -1 -2 5 -5 -4
right_child=2 -3 3 4 -6 -7
leaf_value=0.00035905150618209715 -0.00033131286824941529 -9.3635985248131053e-05 -0.00031005006558625916 0.00035677280846421354 -0.00010898799745914701 -3.1662366828693882e-05
leaf_weight=2350 2036 2278 2009 2363 2072 2031
leaf_count=2350 2036 2278 2009 2363 2072 2031
internal_value=-7.53356e-06 0.000136229 -7.08324e-05 -8.25556e-06 0.000139173 -0.000170098
internal_weight=15139 4628 10511 8475 4435 4040
internal_count=15139 4628 10511 8475 4435 4040
is_linear=0
shrinkage=0.05


Tree=181
num_leaves=6
num_cat=0
split_feature=4 3 3 0 5
split_gain=0.0331956 0.0571862 0.0976915 0.0413168 0.0129794
threshold=3250.5000000000005 0.90373875200000009 0.42829415300000001 0.12217255300000002 7.5000000000000009
decision_type=8 2 2 2 2
left_child=-1 2 3 4 -2
right_child=1 -3 -4 -5 -6
leaf_value=0.00014171103325152215 -4.4799182970796665e-05 0.00012587784817947922 -0.00042614175010325116 0.00010404140375520324 -0.00021916250532172453
leaf_weight=2500 2047 3171 2037 3099 2230
leaf_count=2500 2047 3171 2037 3099 2230
internal_value=-2.47034e-05 -5.77642e-05 -0.000119628 -3.49799e-05 -0.000135711
internal_weight=15084 12584 9413 7376 4277
internal_count=15084 12584 9413 7376 4277
is_linear=0
shrinkage=0.05


Tree=182
num_leaves=6
num_cat=0
split_feature=14 15 9 14 15
split_gain=0.0374433 0.039578 0.0550381 0.0456437 0.0101182
threshold=0.041158150674328181 307.46881441459146 1.5000000000000002 0.011232086651081066 124.78289139575274
decision_type=2 2 8 2 2
left_child=1 2 3 4 -1
right_child=-2 -3 -4 -5 -6
leaf_value=-0.00010821175459940942 0.00017768853468591128 0.00013127485693313057 0.000143489527912605 -0.00028379904652964895 4.4178914051263921e-05
leaf_weight=2364 2490 2803 2126 3318 2020
leaf_count=2364 2490 2803 2126 3318 2020
internal_value=4.79478e-07 -3.44545e-05 -8.17214e-05 -0.000143887 -3.79953e-05
internal_weight=15121 12631 9828 7702 4384
internal_count=15121 12631 9828 7702 4384
is_linear=0
shrinkage=0.05


Tree=183
num_leaves=6
num_cat=0
split_feature=3 15 5 4 5
split_gain=0.0608797 0.110335 0.0562949 0.0391422 0.0185447
threshold=0.43940500900000007 94.267278897821015 5.5000000000000009 5395.0000000000009 9.5000000000000018
decision_type=2 2 2 10 2
left_child=2 -2 -1 -4 -5
right_child=1 -3 3 4 -6
leaf_value=0.00029828481365375749 0.00019145087611066534 -0.00025200756399788588 -0.00015398114023540204 0.00022245168541085766 1.1113241234631675e-05
leaf_weight=2723 2166 3980 2038 2014 2142
leaf_count=2723 2166 3980 2038 2014 2142
internal_value=2.53556e-05 -9.5722e-05 0.000108808 2.551e-05 0.000113528
internal_weight=15063 6146 8917 6194 4156
internal_count=15063 6146 8917 6194 4156
is_linear=0
shrinkage=0.05


Tree=184
num_leaves=5
num_cat=0
split_feature=1 14 1 5
split_gain=0.0453445 0.090155 0.0363413 0.0265951
threshold=40.500000000000007 0.025810182647400624 53.500000000000007 8.5000000000000018
decision_type=2 2 2 2
left_child=-1 2 -2 -4
right_child=1 -3 3 -5
leaf_value=-0.0001512146800048664 -0.00017460983464387669 0.00029109000932069226 -4.3640082779418895e-05 0.00016399688461027283
leaf_weight=2990 2579 3257 3476 2772
leaf_count=2990 2579 3257 3476 2772
internal_value=2.31217e-05 6.62585e-05 -1.67002e-05 4.84805e-05
internal_weight=15074 12084 8827 6248
internal_count=15074 12084 8827 6248
is_linear=0
shrinkage=0.05


Tree=185
num_leaves=6
num_cat=0
split_feature=15 4 4 15 5
split_gain=0.0608663 0.0326437 0.0492428 0.0755398 0.0240016
threshold=253.29909621575908 7499.5000000000009 4999.5000000000009 79.365803252464019 7.5000000000000009
decision_type=2 10 10 2 2
left_child=1 2 3 -1 -2
right_child=4 -3 -4 -5 -6
leaf_value=-0.00012304885180008658 -0.00028305522930846186 0.00021979573611914823 -0.0001910314022771137 0.00024078844477221171 -4.9233447579541661e-05
leaf_weight=2445 2036 2551 2138 3425 2381
leaf_count=2445 2036 2551 2138 3425 2381
internal_value=-1.16223e-06 6.40326e-05 1.44132e-05 8.92412e-05 -0.000157013
internal_weight=14976 10559 8008 5870 4417
internal_count=14976 10559 8008 5870 4417
is_linear=0
shrinkage=0.05


Tree=186
num_leaves=5
num_cat=0
split_feature=4 3 4 1
split_gain=0.0481175 0.162852 0.0745412 0.0601402
threshold=3400.5000000000005 0.4359293265000001 2901.5000000000005 51.500000000000007
decision_type=10 2 8 2
left_child=2 3 -1 -2
right_child=1 -3 -4 -5
leaf_value=-0.00014713490153005993 -0.00013232248549941054 -0.00047942373983269877 0.00022718415327143812 0.00015792847379154958
leaf_weight=2037 3270 2046 3832 3929
leaf_count=2037 3270 2046 3832 3929
internal_value=-1.47042e-05 -8.57863e-05 9.72663e-05 2.60879e-05
internal_weight=15114 9245 5869 7199
internal_count=15114 9245 5869 7199
is_linear=0
shrinkage=0.05


Tree=187
num_leaves=5
num_cat=0
split_feature=1 14 1 1
split_gain=0.0374755 0.0775314 0.149559 0.0438464
threshold=56.500000000000007 0.015110870123569533 43.500000000000007 66.500000000000014
decision_type=2 2 2 2
left_child=1 -1 -3 -2
right_child=3 2 -4 -5
leaf_value=-0.00011968827439000369 -0.00020741316020416584 -6.5445816612933315e-05 0.00048658029237419443 4.5845343647179478e-05
leaf_weight=3304 3700 2617 2310 3176
leaf_count=3304 3700 2617 2310 3176
internal_value=-4.27253e-06 6.77049e-05 0.000193369 -9.0434e-05
internal_weight=15107 8231 4927 6876
internal_count=15107 8231 4927 6876
is_linear=0
shrinkage=0.05


Tree=188
num_leaves=6
num_cat=0
split_feature=14 15 15 5 7
split_gain=0.150662 0.0909532 0.0368031 0.0572549 0.0320015
threshold=0.046476333403236529 313.75729423357819 166.70579075901585 9.5000000000000018 1.0000000180025095e-35
decision_type=2 2 2 2 2
left_child=1 2 3 4 -1
right_child=-2 -3 -4 -5 -6
leaf_value=0.00028973203257380494 -0.00041716717387365573 0.00029533815205046409 -0.00016580092373161132 -0.00015864944356411588 2.2501946126638417e-05
leaf_weight=2053 2049 2821 3204 2391 2466
leaf_count=2053 2049 2821 3204 2391 2466
internal_value=-1.88117e-05 4.42908e-05 -2.57314e-05 3.92155e-05 0.000143906
internal_weight=14984 12935 10114 6910 4519
internal_count=14984 12935 10114 6910 4519
is_linear=0
shrinkage=0.05


Tree=189
num_leaves=6
num_cat=0
split_feature=15 4 3 5 5
split_gain=0.0599934 0.106322 0.0859634 0.0329518 0.0164866
threshold=377.42664495210266 4951.0000000000009 0.34840434350000005 8.5000000000000018 5.5000000000000009
decision_type=2 8 2 2 2
left_child=1 2 -1 4 -3
right_child=-2 3 -4 -5 -6
leaf_value=1.1508385353411692e-05 -0.00025068163179440731 -8.3930592442695831e-05 0.00046271782859854863 -0.00018511923362609937 0.00010821049170858473
leaf_weight=2211 2391 2215 2020 3966 2251
leaf_count=2211 2391 2215 2020 3966 2251
internal_value=-2.09746e-05 2.23981e-05 0.000226929 -8.02309e-05 1.29144e-05
internal_weight=15054 12663 4231 8432 4466
internal_count=15054 12663 4231 8432 4466
is_linear=0
shrinkage=0.05


Tree=190
num_leaves=7
num_cat=0
split_feature=4 14 0 0 15 15
split_gain=0.0570006 0.0773603 0.0505302 0.0517814 0.0371648 0.0028904
threshold=2146.0000000000005 0.040286726804123721 0.18106013250000003 0.055705375500000008 148.2320022013229 154.65266001324022
decision_type=10 2 2 2 2 2
left_child=4 2 3 5 -1 -2
right_child=1 -3 -4 -5 -6 -7
leaf_value=1.4238183418662987e-05 3.2100234307012087e-05 0.00036109214916502542 -0.00017212289340939204 0.00028650617589831329 -0.00028071776627035586 -5.2715600973502184e-05
leaf_weight=2256 2002 2118 2382 2313 2028 2016
leaf_count=2256 2002 2118 2382 2313 2028 2016
internal_value=2.89977e-05 9.00633e-05 2.41802e-05 9.8038e-05 -0.000125391 -1.04554e-05
internal_weight=15115 10831 8713 6331 4284 4018
internal_count=15115 10831 8713 6331 4284 4018
is_linear=0
shrinkage=0.05


Tree=191
num_leaves=5
num_cat=0
split_feature=14 4 0 4
split_gain=0.0556208 0.040628 0.0626073 0.0209905
threshold=0.041158150674328181 4252.5000000000009 0.12217255300000002 5250.5000000000009
decision_type=2 8 2 10
left_child=1 -1 3 -3
right_child=-2 2 -4 -5
leaf_value=-0.00016312049553715449 0.00025003568096673462 5.0932766558183011e-05 0.00021790395090765083 -0.0001342311529685159
leaf_weight=3182 2489 2783 3334 3401
leaf_count=3182 2489 2783 3334 3401
internal_value=3.39066e-05 -8.45133e-06 4.32567e-05 -5.09014e-05
internal_weight=15189 12700 9518 6184
internal_count=15189 12700 9518 6184
is_linear=0
shrinkage=0.05


Tree=192
num_leaves=5
num_cat=0
split_feature=0 5 4 4
split_gain=0.07315 0.0533147 0.0316295 0.0243457
threshold=0.18422227450000003 9.5000000000000018 10284.000000000002 4100.5000000000009
decision_type=2 2 8 10
left_child=2 -2 3 -1
right_child=1 -3 -4 -5
leaf_value=8.5125183333811425e-05 -0.00032681205977306031 -2.4608844839571334e-06 0.00014591108147625755 -0.00011965500353423307
leaf_weight=2326 3365 2032 3472 3860
leaf_count=2326 3365 2032 3472 3860
internal_value=-5.72559e-05 -0.000204692 2.51332e-05 -4.26555e-05
internal_weight=15055 5397 9658 6186
internal_count=15055 5397 9658 6186
is_linear=0
shrinkage=0.05


Tree=193
num_leaves=6
num_cat=0
split_feature=15 15 4 3 15
split_gain=0.0783952 0.0884357 0.0756355 0.0725611 0.148872
threshold=253.29909621575908 131.90649323674015 5099.5000000000009 0.67122192500000011 50.783404768141949
decision_type=2 2 10 2 2
left_child=1 3 -2 4 -1
right_child=2 -3 -4 -5 -6
leaf_value=0.00015820949085327098 -0.00039578386515715797 0.00025442491591986079 1.8124733485221753e-05 0.00020579855057996523 -0.00040576863193602682
leaf_weight=2121 2195 3847 2220 2008 2610
leaf_count=2121 2195 3847 2220 2008 2610
internal_value=-1.0665e-05 6.31516e-05 -0.000187658 -4.6038e-05 -0.000152926
internal_weight=15001 10586 4415 6739 4731
internal_count=15001 10586 4415 6739 4731
is_linear=0
shrinkage=0.05


Tree=194
num_leaves=5
num_cat=0
split_feature=14 1 3 14
split_gain=0.107214 0.0641632 0.0554024 0.0665552
threshold=0.046476333403236529 41.500000000000007 0.48731901500000002 0.0091480837449767032
decision_type=2 2 2 2
left_child=1 -1 3 -3
right_child=-2 2 -4 -5
leaf_value=0.00026343779658159869 -0.00035320309406154481 5.8813457400354843e-05 0.00013417797348292434 -0.00025735859047853105
leaf_weight=2546 2020 3239 3871 3424
leaf_count=2546 2020 3239 3871 3424
internal_value=-1.41757e-05 3.81817e-05 -1.62613e-05 -0.000103662
internal_weight=15100 13080 10534 6663
internal_count=15100 13080 10534 6663
is_linear=0
shrinkage=0.05


Tree=195
num_leaves=6
num_cat=0
split_feature=15 14 0 15 5
split_gain=0.0605601 0.0614002 0.0247921 0.0254268 0.0138977
threshold=377.42664495210266 0.029985590778097985 0.060034670000000005 128.54211943626822 6.5000000000000009
decision_type=2 2 2 2 2
left_child=1 2 4 -4 -1
right_child=-2 -3 3 -5 -6
leaf_value=7.4391560811585714e-06 -0.0002204356127667671 0.00023811579863647694 0.00019526833716412091 -5.1023625279372959e-05 -0.00015924587005205582
leaf_weight=2194 2433 3279 2173 2024 2908
leaf_count=2194 2433 3279 2173 2024 2908
internal_value=7.91038e-06 5.208e-05 -1.35196e-05 7.64942e-05 -8.75667e-05
internal_weight=15011 12578 9299 4197 5102
internal_count=15011 12578 9299 4197 5102
is_linear=0
shrinkage=0.05


Tree=196
num_leaves=6
num_cat=0
split_feature=5 1 4 14 14
split_gain=0.0640514 0.0634644 0.126679 0.0774942 0.044423
threshold=5.5000000000000009 42.500000000000007 4951.0000000000009 0.011232086651081066 0.010695651869624911
decision_type=2 2 8 2 2
left_child=4 -2 -3 -4 -1
right_child=1 2 3 -5 -6
leaf_value=1.2864674658109045e-05 -0.00030157364095570086 0.00031586466449406601 4.934248194246211e-05 -0.00030179845619335641 0.00033286640143788637
leaf_weight=2313 2234 2292 3292 3006 2042
leaf_count=2313 2234 2292 3292 3006 2042
internal_value=9.84569e-07 -6.41652e-05 -2.42246e-06 -0.000118255 0.000162909
internal_weight=15179 10824 8590 6298 4355
internal_count=15179 10824 8590 6298 4355
is_linear=0
shrinkage=0.05


Tree=197
num_leaves=6
num_cat=0
split_feature=14 15 14 15 3
split_gain=0.0742569 0.0733488 0.0408973 0.0285269 0.0155392
threshold=0.046476333403236529 296.22966935742687 0.01443215099251546 143.37006943406206 0.42438671000000006
decision_type=2 2 2 2 2
left_child=1 2 3 -1 -4
right_child=-2 -3 4 -5 -6
leaf_value=0.000145848537116584 -0.00028309344161925987 0.0002534876899378885 -4.913898789512826e-05 -7.8428290718860283e-05 -0.00024572270248933409
leaf_weight=3661 2026 3127 2014 2314 2007
leaf_count=3661 2026 3127 2014 2314 2007
internal_value=-1.35681e-06 4.21392e-05 -2.39759e-05 5.89905e-05 -0.00014726
internal_weight=15149 13123 9996 5975 4021
internal_count=15149 13123 9996 5975 4021
is_linear=0
shrinkage=0.05


Tree=198
num_leaves=6
num_cat=0
split_feature=4 15 14 4 3
split_gain=0.0516421 0.0712226 0.0780523 0.0357087 0.0287734
threshold=2677.0000000000005 129.82476475483753 0.02513143585596286 5975.5000000000009 594.00000000000011
decision_type=10 2 2 10 2
left_child=4 3 -3 -2 -1
right_child=1 2 -4 -5 -6
leaf_value=-0.00022051815912062082 8.1586993449074918e-05 6.6238210455526228e-05 0.00044968721358166564 -0.00020833538318097106 2.4293232077228263e-05
leaf_weight=2743 2014 3895 2013 2247 2134
leaf_count=2743 2014 3895 2013 2247 2134
internal_value=2.03619e-05 8.45122e-05 0.000196889 -7.1301e-05 -0.000113397
internal_weight=15046 10169 5908 4261 4877
internal_count=15046 10169 5908 4261 4877
is_linear=0
shrinkage=0.05


Tree=199
num_leaves=6
num_cat=0
split_feature=0 9 14 14 14
split_gain=0.14444 0.0303044 0.115714 0.0364228 0.00850284
threshold=0.52002797850000004 1.0000000180025095e-35 0.016841079476872311 0.016136529671151742 0.0072279957136285973
decision_type=2 10 2 2 2
left_child=1 2 4 -3 -1
right_child=-2 3 -4 -5 -6
leaf_value=-0.00011370918999618467 -0.0004392575000161437 3.3283493540037065e-05 0.00036266181881185189 -0.00024482256188834196 7.7604682067404107e-06
leaf_weight=2728 2039 2737 2413 2066 3053
leaf_count=2728 2039 2737 2413 2066 3053
internal_value=-4.80018e-05 1.33793e-05 7.18327e-05 -8.63432e-05 -4.95599e-05
internal_weight=15036 12997 8194 4803 5781
internal_count=15036 12997 8194 4803 5781
is_linear=0
shrinkage=0.05


Tree=200
num_leaves=6
num_cat=0
split_feature=14 15 15 14 14
split_gain=0.0386027 0.0339998 0.0435827 0.0453569 0.0217233
threshold=0.046476333403236529 319.62507219034143 104.70551943508217 0.010159559682860938 0.0089424394700776625
decision_type=2 2 2 2 2
left_child=1 2 3 -1 -4
right_child=-2 -3 4 -5 -6
leaf_value=-6.2598331630535993e-05 -0.00019939507256580923 0.00019093750991763868 2.0922944410147932e-05 0.00024616880859603692 -0.00018164553130537274
leaf_weight=2223 2069 2704 2161 2558 3415
leaf_count=2223 2069 2704 2161 2558 3415
internal_value=1.26803e-06 3.30552e-05 -8.16465e-06 0.000102603 -0.000103139
internal_weight=15130 13061 10357 4781 5576
internal_count=15130 13061 10357 4781 5576
is_linear=0
shrinkage=0.05


Tree=201
num_leaves=5
num_cat=0
split_feature=4 14 0 14
split_gain=0.0562402 0.121678 0.0323118 0.0256291
threshold=8869.0000000000018 0.026258552990754341 0.019453697000000002 0.010159559682860938
decision_type=10 2 2 2
left_child=1 2 -1 -4
right_child=-2 -3 3 -5
leaf_value=-0.00015251427342318234 -0.00016597981600703827 0.00032373390453204024 -5.6503743315311576e-05 0.00015402086702674526
leaf_weight=3006 2821 3655 2869 2914
leaf_count=3006 2821 3655 2869 2914
internal_value=3.55891e-05 8.12839e-05 -1.95415e-05 4.95777e-05
internal_weight=15265 12444 8789 5783
internal_count=15265 12444 8789 5783
is_linear=0
shrinkage=0.05


Tree=202
num_leaves=5
num_cat=0
split_feature=0 3 15 0
split_gain=0.058047 0.0387943 0.0582651 0.0257061
threshold=0.31808832200000003 0.16467678700000002 105.7648782681141 0.031860932500000008
decision_type=2 2 2 2
left_child=1 -1 -3 -4
right_child=-2 2 3 -5
leaf_value=-0.00018437335114898762 0.00019762097323983171 0.00019759049135172139 6.5160173073315261e-05 -0.00016265313400711827
leaf_weight=2979 3744 3102 2002 3246
leaf_count=2979 3744 3102 2002 3246
internal_value=2.69388e-05 -2.94681e-05 2.57969e-05 -7.57472e-05
internal_weight=15073 11329 8350 5248
internal_count=15073 11329 8350 5248
is_linear=0
shrinkage=0.05


Tree=203
num_leaves=6
num_cat=0
split_feature=0 9 14 5 15
split_gain=0.0345479 0.0683231 0.0925384 0.0748862 0.0529113
threshold=0.48231752950000001 1.0000000180025095e-35 0.015529734670191059 8.5000000000000018 154.65266001324022
decision_type=2 10 2 2 2
left_child=1 3 -3 4 -1
right_child=-2 2 -4 -5 -6
leaf_value=9.5735705557898772e-05 0.0001817061493885723 1.4124004483021477e-05 -0.00043232133394915359 0.00024147445953559768 -0.00023886662934381812
leaf_weight=2413 2302 2674 2051 3329 2315
leaf_count=2413 2302 2674 2051 3329 2315
internal_value=3.39874e-06 -2.87139e-05 -0.000179666 5.98117e-05 -6.80977e-05
internal_weight=15084 12782 4725 8057 4728
internal_count=15084 12782 4725 8057 4728
is_linear=0
shrinkage=0.05


Tree=204
num_leaves=5
num_cat=0
split_feature=14 0 5 14
split_gain=0.062694 0.0420659 0.0473332 0.0364298
threshold=0.038414166067966431 0.12925050850000003 10.500000000000002 0.0082263199175676323
decision_type=2 2 2 2
left_child=1 2 3 -1
right_child=-2 -3 -4 -5
leaf_value=-4.4251453339459207e-05 -0.00019064574969377885 0.00019933376857585899 -0.00020348852545147447 0.0002010852366635855
leaf_weight=3236 3037 3872 2129 2842
leaf_count=3236 3037 3872 2129 2842
internal_value=1.24298e-05 6.34887e-05 -6.0199e-07 7.0465e-05
internal_weight=15116 12079 8207 6078
internal_count=15116 12079 8207 6078
is_linear=0
shrinkage=0.05


Tree=205
num_leaves=6
num_cat=0
split_feature=3 4 0 1 4
split_gain=0.0572511 0.105242 0.127856 0.0713654 0.0348559
threshold=0.15885799300000003 2677.0000000000005 0.31291506550000009 58.500000000000007 5601.0000000000009
decision_type=2 10 2 2 10
left_child=-1 3 4 -2 -3
right_child=1 2 -4 -5 -6
leaf_value=-0.00015392593163182048 -0.00031748472719438385 0.00021457643551540842 0.00050249117217542505 9.3198147501757944e-05 -5.3065786976326473e-05
leaf_weight=3487 2216 2003 2279 2024 3098
leaf_count=3487 2216 2003 2279 2024 3098
internal_value=2.37587e-05 7.70794e-05 0.000191135 -0.000121442 5.20288e-05
internal_weight=15107 11620 7380 4240 5101
internal_count=15107 11620 7380 4240 5101
is_linear=0
shrinkage=0.05


Tree=206
num_leaves=6
num_cat=0
split_feature=4 15 15 14 0
split_gain=0.0428478 0.0420632 0.116201 0.0566326 0.0368236
threshold=2000.5000000000002 52.09446315601037 134.30654473169639 0.014272216359486589 0.052529603000000008
decision_type=10 2 2 2 2
left_child=4 -2 -3 -4 -1
right_child=1 2 3 -5 -6
leaf_value=1.139278049304658e-05 0.00024182120762551859 -0.00028566306321756526 -4.4183386965980289e-05 0.00026051143305908658 -0.00028194142973898085
leaf_weight=2044 2163 2584 2932 3178 2245
leaf_count=2044 2163 2584 2932 3178 2245
internal_value=-8.34584e-06 4.45119e-05 -4.57715e-06 0.000114298 -0.000142148
internal_weight=15146 10857 8694 6110 4289
internal_count=15146 10857 8694 6110 4289
is_linear=0
shrinkage=0.05


Tree=207
num_leaves=6
num_cat=0
split_feature=14 4 4 0 3
split_gain=0.0560721 0.0318429 0.0195648 0.0203837 0.0223146
threshold=0.038414166067966431 3499.5000000000005 3680.5000000000005 0.028599708500000005 0.30462343350000004
decision_type=2 8 10 2 2
left_child=1 -1 -3 -4 -5
right_child=-2 2 3 4 -6
leaf_value=0.00021828334576516725 -0.00020518628013319843 -0.00010770606790169581 -7.8343763887937706e-05 1.1649443451770404e-05 0.00022989551228498503
leaf_weight=2010 2993 2959 2261 2776 2026
leaf_count=2010 2993 2959 2261 2776 2026
internal_value=-1.1521e-05 3.66539e-05 2.26468e-07 4.54441e-05 0.000103729
internal_weight=15025 12032 10022 7063 4802
internal_count=15025 12032 10022 7063 4802
is_linear=0
shrinkage=0.05


Tree=208
num_leaves=6
num_cat=0
split_feature=15 14 5 4 3
split_gain=0.0450564 0.0885333 0.0426417 0.0513152 0.0931709
threshold=372.76238625055635 0.041158150674328181 9.5000000000000018 5459.0000000000009 0.48731901500000002
decision_type=2 2 2 10 2
left_child=1 2 3 4 -1
right_child=-2 -3 -4 -5 -6
leaf_value=-0.00027741324350544406 -0.00019924256132712454 0.00033190056890352226 -0.0001630035426272592 0.00023337295628037604 0.00017752227999283672
leaf_weight=2268 2468 2087 3641 2432 2234
leaf_count=2268 2468 2087 3641 2432 2234
internal_value=-3.80539e-06 3.4288e-05 -2.44465e-05 4.8309e-05 -5.16634e-05
internal_weight=15130 12662 10575 6934 4502
internal_count=15130 12662 10575 6934 4502
is_linear=0
shrinkage=0.05


Tree=209
num_leaves=5
num_cat=0
split_feature=3 3 15 4
split_gain=0.0419662 0.0688604 0.0555183 0.0492004
threshold=0.80926212800000019 0.43940500900000007 253.29909621575908 5975.5000000000009
decision_type=2 2 2 8
left_child=1 2 3 -1
right_child=-2 -3 -4 -5
leaf_value=0.00025481362340577725 0.00015350582125474714 -0.00028611185141950925 -0.00015993357379684688 -2.7355164018667634e-05
leaf_weight=2973 3891 2225 2806 3216
leaf_count=2973 3891 2225 2806 3216
internal_value=1.20115e-05 -3.70576e-05 2.45484e-05 0.00010819
internal_weight=15111 11220 8995 6189
internal_count=15111 11220 8995 6189
is_linear=0
shrinkage=0.05


Tree=210
num_leaves=6
num_cat=0
split_feature=3 4 4 0 3
split_gain=0.0462686 0.0665731 0.0583034 0.0400314 0.00954828
threshold=0.4359293265000001 3400.5000000000005 5395.0000000000009 0.12925050850000003 677.50000000000011
decision_type=2 10 10 2 2
left_child=2 4 -1 -4 -2
right_child=1 -3 3 -5 -6
leaf_value=-8.1534235516042238e-05 8.2867408454955559e-05 -0.00034170642535626735 5.9436260210872507e-05 0.00034040307512116718 -6.9136011481916339e-05
leaf_weight=3680 2088 2035 2988 2202 2045
leaf_count=3680 2088 2035 2988 2202 2045
internal_value=-2.4346e-06 -0.000107608 7.07009e-05 0.000178644 7.65643e-06
internal_weight=15038 6168 8870 5190 4133
internal_count=15038 6168 8870 5190 4133
is_linear=0
shrinkage=0.05


Tree=211
num_leaves=6
num_cat=0
split_feature=0 5 0 1 4
split_gain=0.0663629 0.0699786 0.0461566 0.0341302 0.0208522
threshold=0.52002797850000004 13.500000000000002 0.18106013250000003 46.500000000000007 5551.0000000000009
decision_type=2 2 2 2 8
left_child=1 2 3 -1 -5
right_child=-2 -3 -4 4 -6
leaf_value=0.00020205825182155655 -0.00026871626755087485 0.00030800718984276326 -0.0001902631850075436 0.00010985592765576165 -8.8331034086841251e-05
leaf_weight=2476 2049 2019 2736 2035 3816
leaf_count=2476 2049 2019 2736 2035 3816
internal_value=-4.13134e-06 3.73099e-05 -1.20924e-05 4.64491e-05 -1.94009e-05
internal_weight=15131 13082 11063 8327 5851
internal_count=15131 13082 11063 8327 5851
is_linear=0
shrinkage=0.05


Tree=212
num_leaves=5
num_cat=0
split_feature=3 3 1 1
split_gain=0.0491541 0.0926021 0.0297259 0.0685613
threshold=0.80926212800000019 0.43940500900000007 63.500000000000007 48.500000000000007
decision_type=2 2 2 2
left_child=1 2 3 -1
right_child=-2 -3 -4 -5
leaf_value=-7.4117826419682316e-05 0.00015970679653071892 -0.00033262092248461235 -0.00012783089190853084 0.00024704471176667422
leaf_weight=3450 3981 2237 2303 3206
leaf_count=3450 3981 2237 2303 3206
internal_value=8.8057e-06 -4.48507e-05 2.70035e-05 8.05767e-05
internal_weight=15177 11196 8959 6656
internal_count=15177 11196 8959 6656
is_linear=0
shrinkage=0.05


Tree=213
num_leaves=5
num_cat=0
split_feature=1 0 9 14
split_gain=0.0850199 0.0594293 0.0411574 0.0366474
threshold=40.500000000000007 0.29864293400000008 1.0000000180025095e-35 0.0083105465940936964
decision_type=2 2 10 2
left_child=-1 2 3 -2
right_child=1 -3 -4 -5
leaf_value=-0.00024366973636770237 -5.3850240042324682e-05 0.00024835402881039916 -0.00015505763822844075 0.0001935577365934321
leaf_weight=2973 3031 2986 3145 2957
leaf_count=2973 3031 2986 3145 2957
internal_value=-4.06647e-06 5.47124e-05 -8.59806e-06 6.8325e-05
internal_weight=15092 12119 9133 5988
internal_count=15092 12119 9133 5988
is_linear=0
shrinkage=0.05


Tree=214
num_leaves=5
num_cat=0
split_feature=1 15 14 4
split_gain=0.0508933 0.0673846 0.06544 0.0233563
threshold=52.500000000000007 129.82476475483753 0.022050957891665859 12841.500000000002
decision_type=2 2 2 8
left_child=1 -1 3 -2
right_child=2 -3 -4 -5
leaf_value=-0.00011496579609398847 3.0539550586936578e-05 0.00019980201566713633 -0.00036149737061155041 -0.0001758615896129504
leaf_weight=3110 3891 3751 2189 2116
leaf_count=3110 3891 3751 2189 2116
internal_value=-4.33485e-05 5.7122e-05 -0.000127454 -4.21664e-05
internal_weight=15057 6861 8196 6007
internal_count=15057 6861 8196 6007
is_linear=0
shrinkage=0.05


Tree=215
num_leaves=6
num_cat=0
split_feature=4 3 4 1 0
split_gain=0.0494685 0.0503854 0.0712191 0.0656046 0.027553
threshold=3452.0000000000005 0.43940500900000007 32250.000000000004 51.500000000000007 0.062174803500000007
decision_type=8 2 8 2 2
left_child=-1 3 -3 -2 -5
right_child=1 2 -4 4 -6
leaf_value=0.00015708724549888081 -0.00016008364187894758 -0.00043135107183694867 -4.5940519726387013e-05 9.5064225769046379e-06 0.00027056180956898775
leaf_weight=2722 3317 2007 2976 2023 2020
leaf_count=2722 3317 2007 2976 2023 2020
internal_value=-3.585e-05 -7.83984e-05 -0.000201172 4.72404e-06 0.000139937
internal_weight=15065 12343 4983 7360 4043
internal_count=15065 12343 4983 7360 4043
is_linear=0
shrinkage=0.05


Tree=216
num_leaves=6
num_cat=0
split_feature=15 15 3 3 3
split_gain=0.0274675 0.0480425 0.0469175 0.0807078 0.0218554
threshold=52.09446315601037 120.12259953425534 0.9439104745000001 0.30951149650000004 0.15885799300000003
decision_type=2 2 2 2 2
left_child=-1 -2 3 4 -3
right_child=1 2 -4 -5 -6
leaf_value=0.00011640696307497971 -0.00021952523613622319 4.4688993761493251e-05 -0.00019979206884571319 0.000276450962840478 -0.0001887392018003117
leaf_weight=3160 3080 2007 2058 2839 2004
leaf_count=3160 3080 2007 2058 2839 2004
internal_value=-1.47321e-05 -4.93e-05 9.55654e-06 7.24528e-05 -7.19378e-05
internal_weight=15148 11988 8908 6850 4011
internal_count=15148 11988 8908 6850 4011
is_linear=0
shrinkage=0.05


Tree=217
num_leaves=6
num_cat=0
split_feature=0 4 1 4 14
split_gain=0.0292002 0.033947 0.0725443 0.133106 0.123561
threshold=0.0054305020000000011 1600.5000000000002 41.500000000000007 9000.5000000000018 0.023692233564441719
decision_type=2 10 2 10 2
left_child=-1 -2 -3 4 -4
right_child=1 2 3 -5 -6
leaf_value=0.00017170776720076855 -0.00016752554837289136 0.00027204765420530942 -0.0001105066152619652 -0.00039757940025723215 0.00037967755771967429
leaf_weight=2174 3203 2209 3398 2049 2068
leaf_count=2174 3203 2209 3398 2049 2068
internal_value=2.16497e-06 -2.63479e-05 2.01547e-05 -5.3888e-05 7.49491e-05
internal_weight=15101 12927 9724 7515 5466
internal_count=15101 12927 9724 7515 5466
is_linear=0
shrinkage=0.05


Tree=218
num_leaves=6
num_cat=0
split_feature=5 14 3 15 15
split_gain=0.0714344 0.0846686 0.0479308 0.0525617 0.0265653
threshold=11.500000000000002 0.038414166067966431 0.10253778650000002 102.6361625387044 261.75304755654935
decision_type=2 2 2 2 2
left_child=1 2 -1 -4 -5
right_child=-2 -3 3 4 -6
leaf_value=-0.0002139558492817963 0.00019571551140467344 -0.00034512493194431814 0.00023838107569811072 -0.00014486245840719433 9.3731211621546676e-05
leaf_weight=2011 3497 2152 2676 2628 2098
leaf_count=2011 3497 2152 2676 2628 2098
internal_value=-2.30379e-06 -6.21804e-05 2.50633e-06 6.13155e-05 -3.89442e-05
internal_weight=15062 11565 9413 7402 4726
internal_count=15062 11565 9413 7402 4726
is_linear=0
shrinkage=0.05


Tree=219
num_leaves=7
num_cat=0
split_feature=4 14 15 3 3 0
split_gain=0.0550132 0.0603157 0.0461181 0.0440538 0.0317142 0.0041876
threshold=2901.5000000000005 0.041158150674328181 61.122457283969851 0.30700602800000004 0.58894908050000006 0.050719523500000009
decision_type=8 2 2 2 2 2
left_child=-1 2 -2 5 -5 -4
right_child=1 -3 3 4 -6 -7
leaf_value=-0.00027175963142914714 -0.00023037059001394949 0.00025909536129285386 -5.2949344062885412e-05 0.00026629546232007632 3.6093654487878937e-06 -0.00015505106487959347
leaf_weight=2007 2406 2041 2003 2092 2549 2014
leaf_count=2007 2406 2041 2003 2092 2549 2014
internal_value=-2.79857e-05 9.34773e-06 -3.67238e-05 1.70894e-05 0.000122019 -0.00010414
internal_weight=15112 13105 11064 8658 4641 4017
internal_count=15112 13105 11064 8658 4641 4017
is_linear=0
shrinkage=0.05


Tree=220
num_leaves=6
num_cat=0
split_feature=4 15 1 14 14
split_gain=0.0998522 0.0720592 0.0801803 0.0346627 0.0291508
threshold=2677.0000000000005 129.82476475483753 56.500000000000007 0.015396367575775815 0.010695651869624911
decision_type=10 2 2 2 2
left_child=4 3 -3 -2 -1
right_child=1 2 -4 -5 -6
leaf_value=-3.8708195355411592e-05 9.8261282448527118e-05 0.00038188095123282154 8.3533488647312431e-06 -0.00018796938845385027 -0.00028217830805922847
leaf_weight=2500 2164 3496 2439 2069 2419
leaf_count=2500 2164 3496 2439 2069 2419
internal_value=2.64995e-05 0.000115968 0.000228379 -4.16422e-05 -0.000158439
internal_weight=15087 10168 5935 4233 4919
internal_count=15087 10168 5935 4233 4919
is_linear=0
shrinkage=0.05


Tree=221
num_leaves=6
num_cat=0
split_feature=4 4 15 3 4
split_gain=0.0599325 0.0356564 0.0261839 0.0673719 0.0288936
threshold=3916.5000000000005 5595.5000000000009 81.625880475912055 0.53716577900000007 9000.5000000000018
decision_type=8 8 2 2 8
left_child=-1 -2 -3 4 -4
right_child=1 2 3 -5 -6
leaf_value=-0.00017111095453416713 0.00023736693147010849 0.00016341764246012263 0.00021802043456657611 -0.0002284137109766135 -4.242361787477156e-05
leaf_weight=3364 2463 2459 2256 2582 2017
leaf_count=3364 2463 2459 2256 2582 2017
internal_value=1.50177e-05 6.81838e-05 2.34449e-05 -2.67657e-05 9.50821e-05
internal_weight=15141 11777 9314 6855 4273
internal_count=15141 11777 9314 6855 4273
is_linear=0
shrinkage=0.05


Tree=222
num_leaves=6
num_cat=0
split_feature=14 15 15 4 5
split_gain=0.0574553 0.0970259 0.0604531 0.0712943 0.0237454
threshold=0.046476333403236529 313.75729423357819 107.77605053768961 6200.5000000000009 7.5000000000000009
decision_type=2 2 2 8 2
left_child=1 2 4 -4 -1
right_child=-2 -3 3 -5 -6
leaf_value=-9.8784190965350122e-06 -0.00023713658485041993 0.00030659897376049714 -0.00036273107318379413 1.0505031896050825e-05 0.00021047532229293044
leaf_weight=2417 2067 2813 2166 3126 2474
leaf_count=2417 2067 2813 2166 3126 2474
internal_value=7.72121e-06 4.66656e-05 -2.51396e-05 -0.000142259 0.000101582
internal_weight=15063 12996 10183 5292 4891
internal_count=15063 12996 10183 5292 4891
is_linear=0
shrinkage=0.05


Tree=223
num_leaves=6
num_cat=0
split_feature=5 4 3 1 3
split_gain=0.0376636 0.0690962 0.0760771 0.0407879 0.033346
threshold=5.5000000000000009 2677.0000000000005 0.40945176600000005 50.500000000000007 0.25769870550000007
decision_type=2 10 2 2 2
left_child=4 -2 3 -3 -1
right_child=1 2 -4 -5 -6
leaf_value=-2.01770649136601e-05 -0.0002671420767712983 -0.00025543048815129121 0.0002458771721549539 2.533982504136486e-05 0.00025626773781135044
leaf_weight=2224 2904 2167 2503 3209 2141
leaf_count=2224 2904 2167 2503 3209 2141
internal_value=-8.49993e-06 -5.8662e-05 1.81785e-05 -8.78353e-05 0.000115417
internal_weight=15148 10783 7879 5376 4365
internal_count=15148 10783 7879 5376 4365
is_linear=0
shrinkage=0.05


Tree=224
num_leaves=5
num_cat=0
split_feature=1 3 15 15
split_gain=0.0505051 0.122585 0.10333 0.0389532
threshold=38.500000000000007 0.90373875200000009 126.11828288186051 253.29909621575908
decision_type=2 2 2 2
left_child=-1 2 -2 -4
right_child=1 -3 3 -5
leaf_value=0.00020518462495918756 -0.00033653152352100318 0.00021773611277720406 0.00014467531393957955 -0.00012275055813322407
leaf_weight=2428 3818 3303 2560 2909
leaf_count=2428 3818 3303 2560 2909
internal_value=-3.61029e-06 -4.38767e-05 -0.000136921 2.42959e-06
internal_weight=15018 12590 9287 5469
internal_count=15018 12590 9287 5469
is_linear=0
shrinkage=0.05


Tree=225
num_leaves=6
num_cat=0
split_feature=5 14 14 15 14
split_gain=0.0644802 0.0929043 0.0620063 0.0581103 0.0419774
threshold=5.5000000000000009 0.038414166067966431 0.010695651869624911 280.74400872638574 0.01443215099251546
decision_type=2 2 2 2 2
left_child=2 3 -1 4 -2
right_child=1 -3 -4 -5 -6
leaf_value=-1.6798958995522151e-06 4.8297677385152949e-05 -0.00034344542916481176 0.00037665930943898735 0.00024145101147102647 -0.00021693505934616627
leaf_weight=2297 3819 2174 2049 2239 2448
leaf_count=2297 3819 2174 2049 2239 2448
internal_value=1.43263e-05 -5.17462e-05 0.000176695 2.28075e-05 -5.53069e-05
internal_weight=15026 10680 4346 8506 6267
internal_count=15026 10680 4346 8506 6267
is_linear=0
shrinkage=0.05


Tree=226
num_leaves=6
num_cat=0
split_feature=14 4 3 14 15
split_gain=0.0838364 0.0518537 0.0799751 0.0773677 0.037281
threshold=0.040665281546811406 3499.5000000000005 0.36686517400000002 0.011631852661456764 148.2320022013229
decision_type=2 10 2 2 2
left_child=1 3 4 -1 -3
right_child=-2 2 -4 -5 -6
leaf_value=-6.4834341857702719e-05 0.00028908595788764124 0.00013425116183359427 -0.00037025067269100769 0.00033633312471384631 -0.00012606882489414926
leaf_weight=2917 2547 2522 2096 2044 3025
leaf_count=2917 2547 2522 2096 2044 3025
internal_value=2.74452e-05 -2.54268e-05 -0.000107134 0.000100452 -7.71169e-06
internal_weight=15151 12604 7643 4961 5547
internal_count=15151 12604 7643 4961 5547
is_linear=0
shrinkage=0.05


Tree=227
num_leaves=6
num_cat=0
split_feature=1 7 1 1 14
split_gain=0.0483519 0.111218 0.095653 0.0757911 0.0750486
threshold=54.500000000000007 1.5000000000000002 43.500000000000007 69.500000000000014 0.011232086651081066
decision_type=2 2 2 2 2
left_child=1 2 -1 4 -2
right_child=3 -3 -4 -5 -6
leaf_value=-0.00020173031865629591 -7.6737876900904107e-06 0.00040250225060127975 0.0002235216141348444 0.00017333165042396521 -0.0003963870132194217
leaf_weight=2951 2930 2334 2396 2303 2155
leaf_count=2951 2930 2334 2396 2303 2155
internal_value=2.6689e-05 0.000114528 -1.11742e-05 -6.46339e-05 -0.000172409
internal_weight=15069 7681 5347 7388 5085
internal_count=15069 7681 5347 7388 5085
is_linear=0
shrinkage=0.05


Tree=228
num_leaves=5
num_cat=0
split_feature=4 0 15 1
split_gain=0.0578615 0.0621116 0.0601647 0.0703097
threshold=8869.0000000000018 0.16021489700000005 79.365803252464019 46.500000000000007
decision_type=8 2 2 2
left_child=2 -2 -1 -4
right_child=1 -3 3 -5
leaf_value=-0.00013099545494071503 -2.1084347379264571e-05 -0.00036143322809502223 0.00036338375773093036 1.8560887449430073e-05
leaf_weight=2832 3831 2062 2347 3994
leaf_count=2832 3831 2062 2347 3994
internal_value=-1.79235e-05 -0.000140175 6.06143e-05 0.00014619
internal_weight=15066 5893 9173 6341
internal_count=15066 5893 9173 6341
is_linear=0
shrinkage=0.05


Tree=229
num_leaves=5
num_cat=0
split_feature=15 14 3 5
split_gain=0.0433387 0.086321 0.0499707 0.026752
threshold=377.42664495210266 0.029985590778097985 0.4359293265000001 7.5000000000000009
decision_type=2 2 2 2
left_child=1 2 3 -1
right_child=-2 -3 -4 -5
leaf_value=-2.1883451556330255e-05 -0.00016114292321375455 0.00028833977880761213 -0.00015274358341353363 0.00019379916484740472
leaf_weight=2918 2395 3355 3620 2834
leaf_count=2918 2395 3355 3620 2834
internal_value=3.39824e-05 7.07016e-05 -7.2088e-06 8.4383e-05
internal_weight=15122 12727 9372 5752
internal_count=15122 12727 9372 5752
is_linear=0
shrinkage=0.05


Tree=230
num_leaves=5
num_cat=0
split_feature=3 15 14 15
split_gain=0.0335157 0.0854867 0.132691 0.066137
threshold=0.90373875200000009 169.21485183072988 0.019940076820947557 264.2879124784871
decision_type=2 2 2 2
left_child=1 2 -1 -3
right_child=-2 3 -4 -5
leaf_value=-1.3901826530458104e-05 7.8095368589131483e-05 0.00027317221724394377 -0.00048434179918785961 -8.7948733080587667e-05
leaf_weight=3382 3757 2068 2692 3277
leaf_count=3382 3757 2068 2692 3277
internal_value=-5.14462e-05 -9.40671e-05 -0.000222401 5.17703e-05
internal_weight=15176 11419 6074 5345
internal_count=15176 11419 6074 5345
is_linear=0
shrinkage=0.05


Tree=231
num_leaves=6
num_cat=0
split_feature=5 0 5 0 0
split_gain=0.0280274 0.121991 0.0526771 0.105072 0.0456033
threshold=4.5000000000000009 0.41234090650000005 8.5000000000000018 0.12462733150000001 0.038389040000000006
decision_type=2 2 2 2 2
left_child=-1 2 4 -4 -2
right_child=1 -3 3 -5 -6
leaf_value=0.0001321556417503564 8.3902895399051301e-05 -0.00038489756158129203 -2.6470569440966798e-05 0.00042537503814719712 -0.00023636248351214791
leaf_weight=3027 2013 2096 3553 2017 2482
leaf_count=3027 2013 2096 3553 2017 2482
internal_value=-3.98563e-06 -3.78726e-05 3.43941e-05 0.000137151 -9.29377e-05
internal_weight=15188 12161 10065 5570 4495
internal_count=15188 12161 10065 5570 4495
is_linear=0
shrinkage=0.05


Tree=232
num_leaves=6
num_cat=0
split_feature=15 14 3 3 15
split_gain=0.051746 0.0974281 0.0281146 0.0903779 0.0304498
threshold=377.42664495210266 0.040665281546811406 0.30700602800000004 0.53716577900000007 143.37006943406206
decision_type=2 2 2 2 2
left_child=1 2 4 -4 -1
right_child=-2 -3 3 -5 -6
leaf_value=1.3388220832030371e-05 -0.00020054135504226253 0.00036083568175509644 0.00030894791703271502 -9.5991320368436447e-05 -0.00023848358186478015
leaf_weight=2692 2423 2122 2282 3478 2165
leaf_count=2692 2423 2122 2282 3478 2165
internal_value=1.12562e-05 5.15408e-05 -1.02773e-05 6.44377e-05 -9.88832e-05
internal_weight=15162 12739 10617 5760 4857
internal_count=15162 12739 10617 5760 4857
is_linear=0
shrinkage=0.05


Tree=233
num_leaves=5
num_cat=0
split_feature=3 0 4 15
split_gain=0.0510825 0.0586984 0.0400318 0.0947294
threshold=0.093535735000000023 0.39924481000000006 6249.5000000000009 107.77605053768961
decision_type=2 2 10 2
left_child=-1 2 3 -2
right_child=1 -3 -4 -5
leaf_value=0.00020521575281276752 0.00031111737494090154 -0.00025247693701857071 -0.00012835164556644486 -7.504368238659125e-05
leaf_weight=2414 2681 2702 3429 3896
leaf_count=2414 2681 2702 3429 3896
internal_value=-5.63313e-06 -4.56858e-05 1.01557e-05 8.23682e-05
internal_weight=15122 12708 10006 6577
internal_count=15122 12708 10006 6577
is_linear=0
shrinkage=0.05


Tree=234
num_leaves=5
num_cat=0
split_feature=3 1 5 14
split_gain=0.0407369 0.0808687 0.0512715 0.0487997
threshold=0.15885799300000003 51.500000000000007 8.5000000000000018 0.018368184544794424
decision_type=2 2 2 2
left_child=-1 3 -3 -2
right_child=1 2 -4 -5
leaf_value=-0.00015327091433989687 3.6185010559543693e-06 -0.00022605413487300957 5.6906249403016753e-05 0.00031624405877923119
leaf_weight=3441 2098 3016 3412 3082
leaf_count=3441 2098 3016 3412 3082
internal_value=-2.17719e-06 4.2612e-05 -7.5858e-05 0.000189625
internal_weight=15049 11608 6428 5180
internal_count=15049 11608 6428 5180
is_linear=0
shrinkage=0.05


Tree=235
num_leaves=6
num_cat=0
split_feature=1 0 0 4 14
split_gain=0.0223902 0.132663 0.107438 0.0621289 0.0284611
threshold=56.500000000000007 0.15473972750000003 0.31808832200000003 5500.5000000000009 0.0061485369884320016
decision_type=2 2 2 8 2
left_child=2 4 3 -1 -2
right_child=1 -3 -4 -5 -6
leaf_value=-0.00029309122740425519 -6.0791142420087328e-05 -0.00042270154580223212 0.0003104693095251682 3.9828309093773152e-05 0.00018634351477596505
leaf_weight=2281 2557 2146 2360 3634 2140
leaf_count=2281 2557 2146 2360 3634 2140
internal_value=-3.00888e-05 -9.70021e-05 2.5245e-05 -8.85554e-05 5.18059e-05
internal_weight=15118 6843 8275 5915 4697
internal_count=15118 6843 8275 5915 4697
is_linear=0
shrinkage=0.05


Tree=236
num_leaves=6
num_cat=0
split_feature=15 3 3 15 4
split_gain=0.0808323 0.0900957 0.101507 0.0661765 0.0731726
threshold=129.82476475483753 0.27259833800000005 0.65905319950000008 212.35251810277796 6912.0000000000009
decision_type=2 2 2 2 10
left_child=1 -1 -3 -2 -5
right_child=3 2 -4 4 -6
leaf_value=8.5896677283741479e-05 0.0002804724242870149 -0.00054027472798620559 -4.067429155381007e-05 0.00012282584271443645 -0.0002549705249454624
leaf_weight=2568 2906 2049 2018 3537 2010
leaf_count=2568 2906 2049 2018 3537 2010
internal_value=-1.53449e-05 -0.000145972 -0.000292379 8.71876e-05 -1.40717e-05
internal_weight=15088 6635 4067 8453 5547
internal_count=15088 6635 4067 8453 5547
is_linear=0
shrinkage=0.05


Tree=237
num_leaves=5
num_cat=0
split_feature=3 15 9 0
split_gain=0.0581559 0.0448703 0.0384217 0.0726795
threshold=0.43940500900000007 134.30654473169639 1.0000000180025095e-35 0.038389040000000006
decision_type=2 2 8 2
left_child=2 -2 3 -1
right_child=1 -3 -4 -5
leaf_value=-7.3491358730124224e-05 -0.00027729810421412381 -6.2309115288940469e-06 -5.3823274193238301e-05 0.00031333035198270113
leaf_weight=2041 2895 3230 3806 2998
leaf_count=2041 2895 3230 3806 2998
internal_value=-1.59243e-05 -0.000134352 6.60845e-05 0.000156652
internal_weight=14970 6125 8845 5039
internal_count=14970 6125 8845 5039
is_linear=0
shrinkage=0.05


Tree=238
num_leaves=6
num_cat=0
split_feature=5 3 15 0 3
split_gain=0.0519849 0.0582964 0.0635042 0.0475336 0.0445614
threshold=5.5000000000000009 0.24395180550000004 131.90649323674015 0.067454713500000013 0.45915941750000006
decision_type=2 2 2 2 2
left_child=3 -2 -3 -1 -4
right_child=1 2 4 -5 -6
leaf_value=-5.2320092918444268e-05 9.9785592725921642e-05 -0.00032179295609236673 -0.00020321171999079362 0.00027725986873227885 0.00011611707191548004
leaf_weight=2124 3016 3388 2057 2256 2330
leaf_count=2124 3016 3388 2057 2256 2330
internal_value=-2.78403e-05 -8.68071e-05 -0.000159188 0.000117436 -3.36115e-05
internal_weight=15171 10791 7775 4380 4387
internal_count=15171 10791 7775 4380 4387
is_linear=0
shrinkage=0.05


Tree=239
num_leaves=5
num_cat=0
split_feature=4 14 7 4
split_gain=0.0541864 0.0613308 0.0591303 0.0192456
threshold=5750.5000000000009 0.024683041463863385 1.0000000180025095e-35 13545.500000000002
decision_type=8 2 2 8
left_child=2 3 -1 -2
right_child=1 -3 -4 -5
leaf_value=-5.1109085576036662e-05 8.7507339048627729e-05 -0.00027943052638228102 0.00026254703730962069 -8.5811992066597202e-05
leaf_weight=2791 3467 2621 3255 2977
leaf_count=2791 3467 2621 3255 2977
internal_value=1.81877e-06 -7.5506e-05 0.000117755 7.43725e-06
internal_weight=15111 9065 6046 6444
internal_count=15111 9065 6046 6444
is_linear=0
shrinkage=0.05


Tree=240
num_leaves=6
num_cat=0
split_feature=14 3 4 14 15
split_gain=0.12375 0.0588286 0.0640145 0.063863 0.0129733
threshold=0.046476333403236529 0.30700602800000004 5459.0000000000009 0.018368184544794424 156.92697154722825
decision_type=2 2 10 2 2
left_child=1 2 -1 4 -3
right_child=-2 3 -4 -5 -6
leaf_value=-0.00025554378016424137 -0.00036807233770566508 0.000109623530524642 7.5942140924481786e-05 0.00033112787799485571 -6.5706717080170563e-05
leaf_weight=2540 2045 2175 3414 2842 2049
leaf_count=2540 2045 2175 3414 2842 2049
internal_value=-6.48252e-06 5.0311e-05 -6.54711e-05 0.000147872 2.45734e-05
internal_weight=15065 13020 5954 7066 4224
internal_count=15065 13020 5954 7066 4224
is_linear=0
shrinkage=0.05


Tree=241
num_leaves=6
num_cat=0
split_feature=15 3 15 15 15
split_gain=0.0574655 0.0641058 0.0923655 0.0372878 0.0469222
threshold=377.42664495210266 0.48256165150000002 134.30654473169639 203.31429327690594 116.72236812471165
decision_type=2 2 2 2 2
left_child=1 3 -3 4 -1
right_child=-2 2 -4 -5 -6
leaf_value=-5.6777093484457848e-05 -0.00019642069146550675 1.7778934650953944e-05 0.00046007792659597902 -0.00019267310249073235 0.00024200276204812169
leaf_weight=3670 2398 2646 2131 2184 2047
leaf_count=3670 2398 2646 2131 2184 2047
internal_value=2.80354e-05 7.04905e-05 0.000215087 -1.69333e-05 5.02025e-05
internal_weight=15076 12678 4777 7901 5717
internal_count=15076 12678 4777 7901 5717
is_linear=0
shrinkage=0.05


Tree=242
num_leaves=6
num_cat=0
split_feature=1 3 1 15 3
split_gain=0.0639605 0.0595307 0.0833532 0.0614706 0.0177466
threshold=39.500000000000007 0.48256165150000002 57.500000000000007 170.88216973423687 0.21905440650000002
decision_type=2 2 2 2 2
left_child=-1 3 -3 4 -2
right_child=1 2 -4 -5 -6
leaf_value=-0.0002535350931019021 -0.00010154034588360337 0.00038415342564835497 -3.791376841659873e-05 7.7125219147372427e-05 -0.00031206897606041834
leaf_weight=2714 2001 2147 2570 3636 2003
leaf_count=2714 2001 2147 2570 3636 2003
internal_value=-3.37459e-05 1.4527e-05 0.000154195 -7.17054e-05 -0.000206857
internal_weight=15071 12357 4717 7640 4004
internal_count=15071 12357 4717 7640 4004
is_linear=0
shrinkage=0.05


Tree=243
num_leaves=6
num_cat=0
split_feature=4 1 14 4 14
split_gain=0.0411474 0.0401372 0.0737483 0.0595386 0.0186956
threshold=3452.0000000000005 48.500000000000007 0.021861494210487501 8869.0000000000018 0.0086638047098293435
decision_type=8 2 2 8 2
left_child=-1 2 -2 -3 -5
right_child=1 3 -4 4 -6
leaf_value=0.00023253686581710338 9.5253054817874013e-05 0.00022616030049106502 -0.0003218758094109803 5.2072317613923903e-05 -0.00015678999471005896
leaf_weight=2708 2182 3819 2060 2305 2002
leaf_count=2708 2182 3819 2060 2305 2002
internal_value=5.60047e-05 1.73526e-05 -0.000107313 8.24316e-05 -4.5012e-05
internal_weight=15076 12368 4242 8126 4307
internal_count=15076 12368 4242 8126 4307
is_linear=0
shrinkage=0.05


Tree=244
num_leaves=7
num_cat=0
split_feature=0 3 3 3 3 0
split_gain=0.034618 0.0431356 0.12849 0.0396121 0.0387494 0.0109737
threshold=0.0050317810000000008 0.53716577900000007 0.36070582950000002 0.24395180550000004 116.50000000000001 0.083342923000000013
decision_type=2 2 2 2 2 2
left_child=-1 2 3 5 -3 -2
right_child=1 4 -4 -5 -6 -7
leaf_value=0.00019859889407868424 -5.8381960475790876e-05 -0.00029510973731329462 0.00038323843513242222 -0.00023750583642899849 2.3296669499965319e-06 0.00010151290440269964
leaf_weight=2123 2093 2198 2125 2195 2182 2202
leaf_count=2123 2093 2198 2125 2195 2182 2202
internal_value=1.14071e-05 -1.91746e-05 4.578e-05 -6.4713e-05 -0.000146933 2.35944e-05
internal_weight=15118 12995 8615 6490 4380 4295
internal_count=15118 12995 8615 6490 4380 4295
is_linear=0
shrinkage=0.05


Tree=245
num_leaves=6
num_cat=0
split_feature=15 15 14 9 14
split_gain=0.0329033 0.0862045 0.0811393 0.0463782 0.0204143
threshold=131.90649323674015 212.35251810277796 0.024944268232627843 1.0000000180025095e-35 0.0098511074846314734
decision_type=2 2 2 8 2
left_child=2 -2 4 -3 -1
right_child=1 3 -4 -5 -6
leaf_value=-3.0631806609071641e-05 0.00032374016582204467 0.00010372034805956742 -0.00030117380093896962 -0.00018956144062852218 0.00018146818177245259
leaf_weight=2387 2822 3323 2174 2268 2162
leaf_count=2387 2822 3323 2174 2268 2162
internal_value=3.25579e-05 9.84586e-05 -4.99086e-05 -1.525e-05 7.01728e-05
internal_weight=15136 8413 6723 5591 4549
internal_count=15136 8413 6723 5591 4549
is_linear=0
shrinkage=0.05


Tree=246
num_leaves=6
num_cat=0
split_feature=1 3 1 1 1
split_gain=0.0344287 0.0842194 0.0591706 0.0477482 0.0891546
threshold=37.500000000000007 0.90373875200000009 48.500000000000007 56.500000000000007 66.500000000000014
decision_type=2 2 2 2 2
left_child=-1 2 -2 -4 -5
right_child=1 -3 3 4 -6
leaf_value=0.00016855260785996487 -0.00032211186937576678 0.00016813520220257367 0.00015328382448368281 -0.00032435590331864224 0.00010838314345325814
leaf_weight=2182 2663 3390 2114 2674 2145
leaf_count=2182 2663 3390 2114 2674 2145
internal_value=-1.52181e-05 -4.60965e-05 -0.000121779 -4.48296e-05 -0.000131738
internal_weight=15168 12986 9596 6933 4819
internal_count=15168 12986 9596 6933 4819
is_linear=0
shrinkage=0.05


Tree=247
num_leaves=6
num_cat=0
split_feature=14 14 4 3 1
split_gain=0.0642517 0.0302978 0.0399394 0.0264956 0.0196716
threshold=0.03753454587747914 0.024360157499692388 8302.5000000000018 0.5793450160000001 58.500000000000007
decision_type=2 2 10 2 2
left_child=1 2 3 4 -1
right_child=-2 -3 -4 -5 -6
leaf_value=-0.00024245161421252508 -0.00024501961503103036 0.00018618288242306044 0.00016215208500088186 4.1751422958624661e-05 -4.1377336471688965e-05
leaf_weight=2614 3061 2058 2230 2906 2275
leaf_count=2614 3061 2058 2230 2906 2275
internal_value=-4.03998e-05 1.14368e-05 -2.44362e-05 -7.78156e-05 -0.000148886
internal_weight=15144 12083 10025 7795 4889
internal_count=15144 12083 10025 7795 4889
is_linear=0
shrinkage=0.05


Tree=248
num_leaves=6
num_cat=0
split_feature=3 3 12 3 14
split_gain=0.025228 0.123025 0.102827 0.0438234 0.0570827
threshold=0.54627344550000012 0.36070582950000002 1.0000000180025095e-35 0.12417520950000001 0.010695651869624911
decision_type=2 2 2 2 2
left_child=1 3 -2 -1 -5
right_child=2 -3 -4 4 -6
leaf_value=0.00013734548088091252 -0.00032845433524944035 0.00039197498998229526 0.0001335246487726714 7.7923087774103516e-05 -0.00026952561757342144
leaf_weight=2882 2039 2429 2943 2189 2570
leaf_count=2882 2039 2429 2943 2189 2570
internal_value=3.64785e-05 8.20089e-05 -5.55511e-05 -1.65263e-05 -0.000109709
internal_weight=15052 10070 4982 7641 4759
internal_count=15052 10070 4982 7641 4759
is_linear=0
shrinkage=0.05


Tree=249
num_leaves=6
num_cat=0
split_feature=1 4 4 4 3
split_gain=0.0516445 0.0977969 0.0324386 0.107185 0.0552712
threshold=48.500000000000007 5395.0000000000009 2901.5000000000005 5395.0000000000009 0.26016005050000007
decision_type=2 10 10 10 2
left_child=1 -1 -2 -4 -5
right_child=2 -3 3 4 -6
leaf_value=-0.00035064983001639586 -9.6409794121707674e-05 7.5509042018149958e-05 0.00038975950011608753 0.00013059328146153529 -0.00023974361710033706
leaf_weight=3120 3463 2368 2049 2017 2013
leaf_count=3120 3463 2368 2049 2017 2013
internal_value=-4.45555e-05 -0.000166768 2.57339e-05 9.5315e-05 -5.43914e-05
internal_weight=15030 5488 9542 6079 4030
internal_count=15030 5488 9542 6079 4030
is_linear=0
shrinkage=0.05


Tree=250
num_leaves=6
num_cat=0
split_feature=14 0 4 1 4
split_gain=0.0650477 0.0702344 0.0562261 0.0215002 0.0374281
threshold=0.040665281546811406 0.27155806900000007 7767.5000000000009 59.500000000000007 5459.0000000000009
decision_type=2 2 10 2 8
left_child=1 2 3 4 -1
right_child=-2 -3 -4 -5 -6
leaf_value=-0.00029053584493274597 0.00022332271682053498 -0.00031000006886668541 0.00020513005860837072 2.5114524505276014e-05 3.3637842367349136e-06
leaf_weight=2136 2496 2239 2504 3501 2198
leaf_count=2136 2496 2239 2504 3501 2198
internal_value=-9.83787e-06 -5.61067e-05 -1.12384e-06 -6.70408e-05 -0.000141484
internal_weight=15074 12578 10339 7835 4334
internal_count=15074 12578 10339 7835 4334
is_linear=0
shrinkage=0.05


Tree=251
num_leaves=6
num_cat=0
split_feature=14 0 3 3 0
split_gain=0.0548943 0.0428328 0.0321427 0.0592495 0.036535
threshold=0.041158150674328181 0.18422227450000003 0.84211192650000011 0.29436216700000006 0.032521304500000008
decision_type=2 2 2 2 2
left_child=1 2 3 4 -1
right_child=-2 -3 -4 -5 -6
leaf_value=-6.585462583222614e-05 0.00022318048227606046 -0.00019369189695826809 0.00016666064978577527 -0.00023937296714561184 0.0002247319818187087
leaf_weight=2322 2392 3274 2579 2415 2025
leaf_count=2322 2392 3274 2579 2415 2025
internal_value=3.57169e-06 -3.80695e-05 1.64757e-05 -4.08042e-05 6.95118e-05
internal_weight=15007 12615 9341 6762 4347
internal_count=15007 12615 9341 6762 4347
is_linear=0
shrinkage=0.05


Tree=252
num_leaves=6
num_cat=0
split_feature=14 15 15 4 1
split_gain=0.0683134 0.0840572 0.0566076 0.0459188 0.0149916
threshold=0.04497342737474317 298.77886537015098 166.70579075901585 10999.500000000002 57.500000000000007
decision_type=2 2 2 8 2
left_child=1 2 3 4 -1
right_child=-2 -3 -4 -5 -6
leaf_value=-0.00014676122443886075 -0.00030635637217083585 0.00023736429398446809 -0.00024669689529357519 0.00020681180175146168 3.0094429072983805e-05
leaf_weight=2803 2033 3002 2985 2133 2093
leaf_count=2803 2033 3002 2985 2133 2093
internal_value=-3.68064e-05 5.29524e-06 -6.42745e-05 1.31947e-05 -7.11569e-05
internal_weight=15049 13016 10014 7029 4896
internal_count=15049 13016 10014 7029 4896
is_linear=0
shrinkage=0.05


Tree=253
num_leaves=6
num_cat=0
split_feature=0 14 15 15 15
split_gain=0.0434281 0.0612615 0.0244506 0.0168816 0.012004
threshold=0.31808832200000003 0.021861494210487501 79.365803252464019 155.82226869549024 296.22966935742687
decision_type=2 2 2 2 2
left_child=1 2 -1 -4 -5
right_child=-2 -3 3 4 -6
leaf_value=-0.00013093218788284155 0.00013839457219777995 -0.00029237814620762374 0.00017111025003982468 -8.0236550364856833e-05 8.3039655539171369e-05
leaf_weight=2579 3734 2241 2018 2375 2140
leaf_count=2579 3734 2241 2018 2375 2140
internal_value=-9.52374e-06 -5.81741e-05 -5.74031e-07 5.08868e-05 -2.84761e-06
internal_weight=15087 11353 9112 6533 4515
internal_count=15087 11353 9112 6533 4515
is_linear=0
shrinkage=0.05


Tree=254
num_leaves=6
num_cat=0
split_feature=4 4 4 5 0
split_gain=0.0575211 0.0996963 0.0420431 0.0312096 0.0473976
threshold=1600.5000000000002 3500.5000000000005 9992.5000000000018 10.500000000000002 0.073897308000000009
decision_type=10 10 10 2 2
left_child=-1 -2 3 4 -3
right_child=1 2 -4 -5 -6
leaf_value=-0.00013765788147208761 0.00039525789227743031 5.4513684744622641e-05 0.00020207779617238241 0.00011086008806741543 -0.00026234656215783628
leaf_weight=3967 2091 2149 2212 2126 2618
leaf_count=3967 2091 2149 2212 2126 2618
internal_value=2.59452e-05 8.39135e-05 1.2412e-05 -4.84528e-05 -0.000119504
internal_weight=15163 11196 9105 6893 4767
internal_count=15163 11196 9105 6893 4767
is_linear=0
shrinkage=0.05


Tree=255
num_leaves=6
num_cat=0
split_feature=4 4 14 5 0
split_gain=0.0395535 0.0538427 0.0484022 0.0379563 0.0223102
threshold=9152.0000000000018 4495.5000000000009 0.010695651869624911 6.5000000000000009 0.11395827000000001
decision_type=8 10 2 2 2
left_child=1 4 -3 -2 -1
right_child=3 2 -4 -5 -6
leaf_value=2.2035699273296099e-05 4.613712308454374e-05 -3.3666081640072136e-05 0.00027847339812300218 -0.00022156661962030697 -0.0002073932804656371
leaf_weight=2241 2111 2069 3107 3552 2010
leaf_count=2241 2111 2069 3107 3552 2010
internal_value=-1.73311e-05 4.54103e-05 0.000153702 -0.000121775 -8.64452e-05
internal_weight=15090 9427 5176 5663 4251
internal_count=15090 9427 5176 5663 4251
is_linear=0
shrinkage=0.05


Tree=256
num_leaves=5
num_cat=0
split_feature=0 15 3 14
split_gain=0.040293 0.0552335 0.0616697 0.0195528
threshold=0.48991772250000004 143.37006943406206 0.40945176600000005 0.010159559682860938
decision_type=2 2 2 2
left_child=1 3 -3 -1
right_child=-2 2 -4 -5
leaf_value=-5.1613006968471564e-07 0.00021427291205045165 -0.00023914427041127207 6.6405097389711488e-05 0.00017956477489144523
leaf_weight=2841 2255 3987 2819 3211
leaf_count=2841 2255 3987 2819 3211
internal_value=1.93231e-05 -1.48667e-05 -0.000112588 9.50291e-05
internal_weight=15113 12858 6806 6052
internal_count=15113 12858 6806 6052
is_linear=0
shrinkage=0.05


Tree=257
num_leaves=6
num_cat=0
split_feature=0 14 0 0 5
split_gain=0.106826 0.0447096 0.0297915 0.0350648 0.036609
threshold=0.48231752950000001 0.027063978065641408 0.0054305020000000011 0.028599708500000005 7.5000000000000009
decision_type=2 2 2 2 2
left_child=1 2 -1 -4 -5
right_child=-2 -3 3 4 -6
leaf_value=0.00016253269116576683 0.00031903844891296431 -0.00026350159922679093 -0.00021980437789392154 -0.00011865032945824524 0.00011956508464805434
leaf_weight=2019 2290 2086 2267 3018 3464
leaf_count=2019 2290 2086 2267 3018 3464
internal_value=4.4161e-06 -5.16353e-05 -1.05921e-05 -5.0544e-05 8.65269e-06
internal_weight=15144 12854 10768 8749 6482
internal_count=15144 12854 10768 8749 6482
is_linear=0
shrinkage=0.05


Tree=258
num_leaves=5
num_cat=0
split_feature=14 3 14 14
split_gain=0.0619414 0.0740041 0.105597 0.0507964
threshold=0.046476333403236529 0.30700602800000004 0.012176588331232857 0.011232086651081066
decision_type=2 2 2 2
left_child=1 3 -3 -1
right_child=-2 2 -4 -5
leaf_value=2.3491096028538544e-05 -0.0002552473899872813 -4.6636640923059239e-05 0.00033748874615227727 -0.0002777630082680638
leaf_weight=3762 2036 3502 3658 2228
leaf_count=3762 2036 3502 3658 2228
internal_value=1.38589e-06 4.11201e-05 0.000149611 -8.85613e-05
internal_weight=15186 13150 7160 5990
internal_count=15186 13150 7160 5990
is_linear=0
shrinkage=0.05


Tree=259
num_leaves=6
num_cat=0
split_feature=14 1 15 14 5
split_gain=0.0803904 0.126491 0.0734681 0.120947 0.026997
threshold=0.046476333403236529 41.500000000000007 319.62507219034143 0.019940076820947557 8.5000000000000018
decision_type=2 2 2 2 2
left_child=1 -1 3 4 -3
right_child=-2 2 -4 -5 -6
leaf_value=0.00033263206532335661 -0.0003236644553505436 -9.9382475281876103e-05 0.00019357125172996524 -0.00043930582715726848 0.00011654999102948121
leaf_weight=2520 2032 3591 2223 2290 2425
leaf_count=2520 2032 3591 2223 2290 2425
internal_value=-3.11255e-05 1.44289e-05 -6.17295e-05 -0.000130058 -1.23419e-05
internal_weight=15081 13049 10529 8306 6016
internal_count=15081 13049 10529 8306 6016
is_linear=0
shrinkage=0.05


Tree=260
num_leaves=5
num_cat=0
split_feature=4 5 4 1
split_gain=0.0493655 0.0570069 0.0567291 0.0164533
threshold=1600.5000000000002 11.500000000000002 5166.5000000000009 53.500000000000007
decision_type=10 2 10 2
left_child=-1 2 -2 -4
right_child=1 -3 3 -5
leaf_value=-0.00013744311660405205 -0.00014294365996251639 0.00026193748067864382 0.00020534682844468383 1.4159382779757306e-05
leaf_weight=3922 3703 2845 2536 2023
leaf_count=3922 3703 2845 2536 2023
internal_value=1.50538e-05 6.89021e-05 2.43084e-06 0.00012051
internal_weight=15029 11107 8262 4559
internal_count=15029 11107 8262 4559
is_linear=0
shrinkage=0.05


Tree=261
num_leaves=6
num_cat=0
split_feature=4 4 4 15 15
split_gain=0.041973 0.061325 0.0511804 0.0148988 0.0105627
threshold=6801.5000000000009 11303.500000000002 4648.5000000000009 117.81813322133476 180.84890930598294
decision_type=8 8 10 2 2
left_child=2 -2 3 -1 -3
right_child=1 4 -4 -5 -6
leaf_value=5.6298482806595188e-05 -0.00026543414712424187 9.0529907727712861e-05 0.00023471095053873578 -0.00012574401176594847 -6.2697063095148084e-05
leaf_weight=2174 3268 2406 2791 2327 2112
leaf_count=2174 3268 2406 2791 2327 2112
internal_value=-1.97092e-05 -0.000100442 6.64927e-05 -3.78168e-05 1.89019e-05
internal_weight=15078 7786 7292 4501 4518
internal_count=15078 7786 7292 4501 4518
is_linear=0
shrinkage=0.05


Tree=262
num_leaves=5
num_cat=0
split_feature=4 4 1 1
split_gain=0.0573129 0.0625823 0.0703467 0.066621
threshold=2901.5000000000005 3250.5000000000005 48.500000000000007 60.500000000000007
decision_type=8 10 2 2
left_child=-1 -2 -3 -4
right_child=1 2 3 -5
leaf_value=-0.00026310082064631284 0.0002006902809933721 -0.0002165279612556117 0.00023300996481098697 -0.00010599436101867248
leaf_weight=2014 3605 3639 2906 2891
leaf_count=2014 3605 3639 2906 2891
internal_value=-1.48552e-05 2.34829e-05 -4.42187e-05 6.39464e-05
internal_weight=15055 13041 9436 5797
internal_count=15055 13041 9436 5797
is_linear=0
shrinkage=0.05


Tree=263
num_leaves=6
num_cat=0
split_feature=15 14 15 0 14
split_gain=0.0569839 0.152658 0.0295172 0.0483678 0.0225191
threshold=377.42664495210266 0.040286726804123721 104.70551943508217 0.10987613850000001 0.010159559682860938
decision_type=2 2 2 2 2
left_child=1 2 4 -4 -1
right_child=-2 -3 3 -5 -6
leaf_value=-5.876684685081705e-05 -0.00022144043080703202 0.00041456442433175926 -3.9613253626466114e-06 -0.00030438757964198235 0.0001652287191210224
leaf_weight=2149 2412 2275 3710 2097 2348
leaf_count=2149 2412 2275 3710 2097 2348
internal_value=1.18001e-06 4.38671e-05 -3.79785e-05 -0.00011245 5.8187e-05
internal_weight=14991 12579 10304 5807 4497
internal_count=14991 12579 10304 5807 4497
is_linear=0
shrinkage=0.05


Tree=264
num_leaves=6
num_cat=0
split_feature=4 3 3 3 14
split_gain=0.035315 0.0429027 0.0927772 0.0517517 0.0789395
threshold=3250.5000000000005 0.42829415300000001 0.90373875200000009 0.15177095500000001 0.015396367575775815
decision_type=8 2 2 2 2
left_child=-1 3 -3 -2 -5
right_child=1 2 -4 4 -6
leaf_value=0.00018243910694387092 -0.00012470680157375519 -0.00039737525408497235 3.4873464813234055e-05 -2.5776160350148092e-05 0.00038457581295431938
leaf_weight=2473 2637 2038 3176 2717 2061
leaf_count=2473 2637 2038 3176 2717 2061
internal_value=9.65464e-06 -2.41799e-05 -0.00013408 5.30985e-05 0.00015123
internal_weight=15102 12629 5214 7415 4778
internal_count=15102 12629 5214 7415 4778
is_linear=0
shrinkage=0.05


Tree=265
num_leaves=6
num_cat=0
split_feature=4 0 1 4 15
split_gain=0.046652 0.0928287 0.0407142 0.0398163 0.0295067
threshold=9000.5000000000018 0.31808832200000003 48.500000000000007 4901.5000000000009 113.11385608012237
decision_type=8 2 2 10 2
left_child=1 2 -1 -4 -2
right_child=4 -3 3 -5 -6
leaf_value=-0.00013225593004649711 8.8907771277061147e-05 0.00038055999877560648 0.00027057577384136756 -4.0157901297343808e-05 -0.00014766409610830254
leaf_weight=2650 2024 2436 2112 2014 3779
leaf_count=2650 2024 2436 2112 2014 3779
internal_value=4.58922e-05 0.000115843 2.06759e-05 0.000118899 -6.51514e-05
internal_weight=15015 9212 6776 4126 5803
internal_count=15015 9212 6776 4126 5803
is_linear=0
shrinkage=0.05


Tree=266
num_leaves=6
num_cat=0
split_feature=15 0 14 4 15
split_gain=0.0390579 0.0957808 0.0400744 0.0340306 0.0559945
threshold=129.82476475483753 0.31291506550000009 0.0091480837449767032 8750.5000000000018 52.09446315601037
decision_type=2 2 2 8 2
left_child=3 2 -2 4 -1
right_child=1 -3 -4 -5 -6
leaf_value=5.231511083683071e-05 0.00014456771776764972 0.00040067506263391614 -0.00010667379474422591 9.9056054347574464e-05 -0.0003085412744344455
leaf_weight=2047 2997 2103 3374 2358 2264
leaf_count=2047 2997 2103 3374 2358 2264
internal_value=3.68551e-05 0.000108092 1.15134e-05 -5.36624e-05 -0.000137195
internal_weight=15143 8474 6371 6669 4311
internal_count=15143 8474 6371 6669 4311
is_linear=0
shrinkage=0.05


Tree=267
num_leaves=5
num_cat=0
split_feature=0 3 14 14
split_gain=0.0345629 0.0294037 0.0441081 0.0296581
threshold=0.39924481000000006 0.40554932900000001 0.016136529671151742 0.0091480837449767032
decision_type=2 2 2 2
left_child=1 3 -3 -1
right_child=-2 2 -4 -5
leaf_value=5.9430055761164795e-05 -0.00017035514119993924 -7.8728146620672064e-06 0.00028683787308808037 -0.00014857777692433771
leaf_weight=3353 2912 3174 2116 3505
leaf_count=3353 2912 3174 2116 3505
internal_value=-1.56447e-05 2.14409e-05 0.000110011 -4.6879e-05
internal_weight=15060 12148 5290 6858
internal_count=15060 12148 5290 6858
is_linear=0
shrinkage=0.05


Tree=268
num_leaves=6
num_cat=0
split_feature=15 15 0 1 3
split_gain=0.0427164 0.0538102 0.0860156 0.0651706 0.0390273
threshold=15.904841817947306 148.2320022013229 0.25879555900000006 54.500000000000007 0.39782667850000003
decision_type=2 2 2 2 2
left_child=-1 3 4 -2 -3
right_child=1 2 -4 -5 -6
leaf_value=-0.00019707426007126847 0.00033743851603619621 -5.0650240707967452e-05 -0.00030555787615350747 -2.2344472339355235e-05 0.00022140016684385006
leaf_weight=2316 2602 3212 2266 2438 2236
leaf_count=2316 2602 3212 2266 2438 2236
internal_value=4.70024e-07 3.63421e-05 -4.66725e-05 0.000163401 6.10063e-05
internal_weight=15070 12754 7714 5040 5448
internal_count=15070 12754 7714 5040 5448
is_linear=0
shrinkage=0.05


Tree=269
num_leaves=5
num_cat=0
split_feature=0 14 3 15
split_gain=0.103341 0.0992623 0.0285878 0.0240679
threshold=0.41234090650000005 0.025810182647400624 0.4359293265000001 150.68450426681036
decision_type=2 2 2 2
left_child=1 2 3 -1
right_child=-2 -3 -4 -5
leaf_value=0.00012664929950183045 -0.00031187033612382924 0.00033983985846354302 -0.00014796547459312718 -6.8083731251092575e-05
leaf_weight=3046 2805 2074 3812 3312
leaf_count=3046 2805 2074 3812 3312
internal_value=-3.81243e-05 2.45887e-05 -3.97015e-05 2.52093e-05
internal_weight=15049 12244 10170 6358
internal_count=15049 12244 10170 6358
is_linear=0
shrinkage=0.05


Tree=270
num_leaves=6
num_cat=0
split_feature=15 0 15 1 0
split_gain=0.0525191 0.149984 0.0407718 0.0414323 0.005164
threshold=377.42664495210266 0.36465769600000003 103.80688602540347 50.500000000000007 0.051658436500000009
decision_type=2 2 2 2 2
left_child=1 2 4 -4 -1
right_child=-2 -3 3 -5 -6
leaf_value=-1.9061873494632825e-05 -0.00024631795511520076 0.00033515201587085044 -0.00034237119748944906 -6.4185580127669315e-05 9.0561693815801594e-05
leaf_weight=2231 2422 2743 2165 3506 2072
leaf_count=2231 2422 2743 2165 3506 2072
internal_value=-3.29224e-05 7.71963e-06 -8.23292e-05 -0.000170388 3.37246e-05
internal_weight=15139 12717 9974 5671 4303
internal_count=15139 12717 9974 5671 4303
is_linear=0
shrinkage=0.05


Tree=271
num_leaves=5
num_cat=0
split_feature=14 15 15 15
split_gain=0.0741174 0.0413413 0.029417 0.0687747
threshold=0.041158150674328181 326.77547547296734 148.2320022013229 79.365803252464019
decision_type=2 2 2 2
left_child=1 2 3 -1
right_child=-2 -3 -4 -5
leaf_value=-8.7552115183732023e-05 0.00032920940949485167 0.00020967491528960016 -0.00012349189066153851 0.00025196365133913715
leaf_weight=3630 2465 2540 3902 2532
leaf_count=3630 2465 2540 3902 2532
internal_value=7.84636e-05 2.94245e-05 -1.60679e-05 5.19568e-05
internal_weight=15069 12604 10064 6162
internal_count=15069 12604 10064 6162
is_linear=0
shrinkage=0.05


Tree=272
num_leaves=6
num_cat=0
split_feature=1 14 4 14 14
split_gain=0.0590667 0.094106 0.0687935 0.0932992 0.0280315
threshold=54.500000000000007 0.021036385489510496 2677.0000000000005 0.02795632717770204 0.0083105465940936964
decision_type=2 2 10 2 2
left_child=2 4 -1 -4 -2
right_child=1 -3 3 -5 -6
leaf_value=-0.00017325479319093206 -0.00010916597306649857 -0.00042224644669904763 3.6719532406761453e-06 0.00042997061981284293 0.00012615693684504568
leaf_weight=2124 3388 2006 3461 2040 2020
leaf_count=2124 3388 2006 3461 2040 2020
internal_value=-2.92698e-05 -0.00012976 6.84401e-05 0.000161761 -2.1268e-05
internal_weight=15039 7414 7625 5501 5408
internal_count=15039 7414 7625 5501 5408
is_linear=0
shrinkage=0.05


Tree=273
num_leaves=5
num_cat=0
split_feature=14 15 1 1
split_gain=0.0536578 0.0484228 0.0771395 0.0881494
threshold=0.041158150674328181 60.110521156736176 46.500000000000007 60.500000000000007
decision_type=2 2 2 2
left_child=1 -1 -3 -4
right_child=-2 2 3 -5
leaf_value=-0.00018620477807188506 0.00024732926619358829 0.0002746425256530349 -0.00023524491634514396 0.00011987216564877076
leaf_weight=2922 2464 2673 3191 3863
leaf_count=2922 2464 2673 3191 3863
internal_value=3.38681e-05 -7.71375e-06 4.59051e-05 -4.07712e-05
internal_weight=15113 12649 9727 7054
internal_count=15113 12649 9727 7054
is_linear=0
shrinkage=0.05


Tree=274
num_leaves=5
num_cat=0
split_feature=15 0 15 15
split_gain=0.0650303 0.036636 0.0172158 0.0382994
threshold=377.42664495210266 0.36465769600000003 92.116750914779743 175.12297003594787
decision_type=2 2 2 2
left_child=1 2 -1 -4
right_child=-2 -3 3 -5
leaf_value=8.3207704299000391e-05 -0.0002360388466263253 0.00020819061312814469 -0.00019179236155809424 6.1941900799316224e-05
leaf_weight=3886 2441 2726 2696 3317
leaf_count=3886 2441 2726 2696 3317
internal_value=2.05164e-07 4.58821e-05 1.18539e-06 -5.18229e-05
internal_weight=15066 12625 9899 6013
internal_count=15066 12625 9899 6013
is_linear=0
shrinkage=0.05


Tree=275
num_leaves=6
num_cat=0
split_feature=0 0 4 15 4
split_gain=0.0562106 0.0839854 0.0603148 0.0671868 0.0186124
threshold=0.41234090650000005 0.21284327450000004 8302.5000000000018 79.365803252464019 3333.5000000000005
decision_type=2 2 10 2 10
left_child=1 2 3 -1 -5
right_child=-2 -3 -4 4 -6
leaf_value=-0.00026757997577792178 -0.00017030384436414654 0.00035990184423962459 0.00025773495148572059 0.00014022133001962428 -4.1552587211989582e-05
leaf_weight=2381 2799 2174 2072 2813 2820
leaf_count=2381 2799 2174 2072 2813 2820
internal_value=3.18699e-05 7.80269e-05 1.72698e-05 -4.49019e-05 4.92214e-05
internal_weight=15059 12260 10086 8014 5633
internal_count=15059 12260 10086 8014 5633
is_linear=0
shrinkage=0.05


Tree=276
num_leaves=6
num_cat=0
split_feature=3 15 15 3 1
split_gain=0.0681527 0.128777 0.0694465 0.13586 0.0561635
threshold=0.27259833800000005 310.39347213499281 146.81976723985898 0.76186255900000011 47.500000000000007
decision_type=2 2 2 2 2
left_child=4 2 3 -2 -1
right_child=1 -3 -4 -5 -6
leaf_value=0.00034154339909033796 -0.00036213388360431206 -0.00044044114697836456 0.00021175097414143985 0.00018767400771993958 1.6142481069598015e-05
leaf_weight=2028 2445 2035 2679 2079 3831
leaf_count=2028 2445 2035 2679 2079 3831
internal_value=-4.62132e-06 -8.92249e-05 1.00011e-05 -0.00010947 0.000128775
internal_weight=15097 9238 7203 4524 5859
internal_count=15097 9238 7203 4524 5859
is_linear=0
shrinkage=0.05


Tree=277
num_leaves=6
num_cat=0
split_feature=4 14 4 0 5
split_gain=0.0583486 0.13414 0.054597 0.0424411 0.0249628
threshold=5750.5000000000009 0.024683041463863385 4200.5000000000009 0.083342923000000013 7.5000000000000009
decision_type=8 2 10 2 2
left_child=2 3 -1 4 -2
right_child=1 -3 -4 -5 -6
leaf_value=-3.4509989631780574e-05 2.4957646040026337e-05 -0.00042348379908587331 0.00028132969833551629 0.00017040583915246544 -0.00021930232905652074
leaf_weight=3913 2098 2661 2104 2304 2086
leaf_count=3913 2098 2661 2104 2304 2086
internal_value=-4.50019e-05 -0.000124536 7.59315e-05 -1.92486e-06 -9.68221e-05
internal_weight=15166 9149 6017 6488 4184
internal_count=15166 9149 6017 6488 4184
is_linear=0
shrinkage=0.05


Tree=278
num_leaves=6
num_cat=0
split_feature=9 5 1 1 15
split_gain=0.0453776 0.0900433 0.0713995 0.0265858 0.0137391
threshold=1.0000000180025095e-35 8.5000000000000018 51.500000000000007 61.500000000000007 153.40460572220309
decision_type=10 2 2 2 2
left_child=2 -2 -1 -4 -5
right_child=1 -3 3 4 -6
leaf_value=0.00026706497419792704 9.9312382850084684e-05 -0.00030207581293865157 -0.00016276478820619197 -3.7058623567387162e-05 0.00014765246863195325
leaf_weight=3300 2809 2780 2154 2023 2004
leaf_count=3300 2809 2780 2154 2023 2004
internal_value=1.26638e-05 -0.00010034 7.92791e-05 -2.09787e-05 5.48612e-05
internal_weight=15070 5589 9481 6181 4027
internal_count=15070 5589 9481 6181 4027
is_linear=0
shrinkage=0.05


Tree=279
num_leaves=5
num_cat=0
split_feature=14 12 1 0
split_gain=0.061964 0.0313909 0.0233998 0.0370772
threshold=0.03563441594867215 1.0000000180025095e-35 50.500000000000007 0.032521304500000008
decision_type=2 2 2 2
left_child=1 2 -1 -4
right_child=-2 -3 3 -5
leaf_value=-2.4890404766076969e-05 -0.0002155750696717944 -0.00012049294698639591 -2.4775868243642617e-05 0.00024299223697021524
leaf_weight=3633 3327 2712 2114 3328
leaf_count=3633 3327 2712 2114 3328
internal_value=-2.50179e-05 2.87688e-05 7.33747e-05 0.000138975
internal_weight=15114 11787 9075 5442
internal_count=15114 11787 9075 5442
is_linear=0
shrinkage=0.05


Tree=280
num_leaves=6
num_cat=0
split_feature=15 4 4 15 14
split_gain=0.0563863 0.0859988 0.0261243 0.0754744 0.0436121
threshold=20.714690208943619 3452.0000000000005 6400.5000000000009 148.2320022013229 0.011232086651081066
decision_type=2 8 10 2 2
left_child=-1 -2 3 -3 -4
right_child=1 2 4 -5 -6
leaf_value=-0.00020976305172492896 0.00033660964238023302 0.0002760316312956787 6.6585797861263508e-05 -7.9611956031894025e-05 -0.00025263991558179802
leaf_weight=2341 2265 2483 2074 3737 2210
leaf_count=2341 2265 2483 2074 3737 2210
internal_value=1.58178e-05 5.71746e-05 -3.0806e-06 6.23596e-05 -9.80941e-05
internal_weight=15110 12769 10504 6220 4284
internal_count=15110 12769 10504 6220 4284
is_linear=0
shrinkage=0.05


Tree=281
num_leaves=6
num_cat=0
split_feature=14 4 4 4 0
split_gain=0.0604372 0.0474177 0.0657381 0.0299025 0.0309383
threshold=0.036326522196333956 3452.0000000000005 5459.0000000000009 12163.000000000002 0.075152122500000015
decision_type=2 8 8 8 2
left_child=1 -1 -3 4 -4
right_child=-2 2 3 -5 -6
leaf_value=0.00020676133567712921 -0.00026027858338184307 -0.00030317187281234906 -3.2253008534583994e-05 -9.6322732278760745e-05 0.00024109101796369913
leaf_weight=2008 3175 2167 2139 3643 2006
leaf_count=2008 3175 2167 2139 3643 2006
internal_value=-6.63526e-05 -1.48843e-05 -5.95919e-05 8.18383e-06 0.000100034
internal_weight=15138 11963 9955 7788 4145
internal_count=15138 11963 9955 7788 4145
is_linear=0
shrinkage=0.05


Tree=282
num_leaves=6
num_cat=0
split_feature=3 4 4 3 15
split_gain=0.0716713 0.267902 0.0515459 0.0421042 0.0361628
threshold=0.4359293265000001 3452.0000000000005 3847.0000000000005 753.50000000000011 203.31429327690594
decision_type=2 10 10 2 2
left_child=2 3 -1 -2 -4
right_child=1 -3 4 -5 -6
leaf_value=-0.00015413585342662385 0.00021778518829928761 -0.00063531320376448281 0.00022819256277167635 -9.836996639079003e-05 -5.7580254517736145e-06
leaf_weight=2101 2206 2003 3910 2015 2860
leaf_count=2101 2206 2003 3910 2015 2860
internal_value=-2.90419e-05 -0.000159112 6.22168e-05 6.68606e-05 0.00012936
internal_weight=15095 6224 8871 4221 6770
internal_count=15095 6224 8871 4221 6770
is_linear=0
shrinkage=0.05


Tree=283
num_leaves=6
num_cat=0
split_feature=0 5 3 3 0
split_gain=0.13738 0.131009 0.0581989 0.0376493 0.0248565
threshold=0.18422227450000003 7.5000000000000009 0.84211192650000011 0.29436216700000006 0.033333007000000005
decision_type=2 2 2 2 2
left_child=2 -2 3 4 -1
right_child=1 -3 -4 -5 -6
leaf_value=-2.1957945493114337e-05 -0.00051179382723795454 -1.730574100459072e-05 0.00027234640964851815 -0.00015438445521305009 0.0002155460256832505
leaf_weight=2426 2450 2955 2661 2575 2018
leaf_count=2426 2450 2955 2661 2575 2018
internal_value=-3.95199e-05 -0.000241449 7.3231e-05 -2.25646e-06 8.58915e-05
internal_weight=15085 5405 9680 7019 4444
internal_count=15085 5405 9680 7019 4444
is_linear=0
shrinkage=0.05


Tree=284
num_leaves=6
num_cat=0
split_feature=0 14 15 3 14
split_gain=0.0779383 0.0518593 0.0414876 0.0340642 0.0307727
threshold=0.48991772250000004 0.027063978065641408 336.93442598602138 0.4359293265000001 0.010159559682860938
decision_type=2 2 2 2 2
left_child=1 2 3 4 -1
right_child=-2 -3 -4 -5 -6
leaf_value=-6.484566153043226e-05 0.00027877712227828105 -0.00026874092548309143 0.00020352267317296703 -0.00017087513424848377 0.0001798551397207117
leaf_weight=3206 2240 2090 2088 3309 2144
leaf_count=3206 2240 2090 2088 3309 2144
internal_value=6.63501e-06 -4.08526e-05 3.4655e-06 -4.47756e-05 3.32176e-05
internal_weight=15077 12837 10747 8659 5350
internal_count=15077 12837 10747 8659 5350
is_linear=0
shrinkage=0.05


Tree=285
num_leaves=6
num_cat=0
split_feature=4 4 14 4 14
split_gain=0.0642774 0.0671493 0.136818 0.0300302 0.0254008
threshold=2000.5000000000002 5750.5000000000009 0.023692233564441719 7667.5000000000009 0.010159559682860938
decision_type=10 10 2 10 2
left_child=4 2 -2 -3 -1
right_child=1 3 -4 -5 -6
leaf_value=-5.1356996675570542e-06 2.0529730039409261e-05 -0.00015569343279511047 0.00055649615434393083 7.7827647849829866e-05 -0.00024914757723414315
leaf_weight=2200 2876 2170 2032 3766 2070
leaf_count=2200 2876 2170 2032 3766 2070
internal_value=4.08928e-05 0.000105596 0.000242429 -7.53973e-06 -0.000123427
internal_weight=15114 10844 4908 5936 4270
internal_count=15114 10844 4908 5936 4270
is_linear=0
shrinkage=0.05


Tree=286
num_leaves=6
num_cat=0
split_feature=5 14 0 5 14
split_gain=0.0531078 0.104397 0.037964 0.0397593 0.0362591
threshold=5.5000000000000009 0.038414166067966431 0.12925050850000003 10.500000000000002 0.010695651869624911
decision_type=2 2 2 2 2
left_child=4 2 3 -2 -1
right_child=1 -3 -4 -5 -6
leaf_value=-1.0864194514817864e-05 2.4980594009608033e-05 -0.00039025706972989392 0.0001445886575849922 -0.00024789948575897882 0.00027874954888431919
leaf_weight=2292 3537 2183 2890 2144 2045
leaf_count=2292 3537 2183 2890 2144 2045
internal_value=-2.20044e-05 -8.15706e-05 -2.94935e-06 -7.80039e-05 0.000125696
internal_weight=15091 10754 8571 5681 4337
internal_count=15091 10754 8571 5681 4337
is_linear=0
shrinkage=0.05


Tree=287
num_leaves=6
num_cat=0
split_feature=0 0 0 4 14
split_gain=0.046621 0.0419004 0.0202387 0.0258736 0.013165
threshold=0.0046896650000000008 0.37372477350000005 0.068909522000000015 7502.0000000000009 0.0087396615926057467
decision_type=2 2 2 8 2
left_child=-1 2 4 -4 -2
right_child=1 -3 3 -5 -6
leaf_value=0.00022398886045224553 -7.9150815677175447e-05 0.0001275209389473749 -0.00025507665250838789 -3.0142605801560246e-05 8.9844320529741884e-05
leaf_weight=2086 2685 3168 2741 2396 2019
leaf_count=2086 2685 3168 2741 2396 2019
internal_value=4.55224e-06 -3.06345e-05 -8.15477e-05 -0.000150163 -6.61655e-06
internal_weight=15095 13009 9841 5137 4704
internal_count=15095 13009 9841 5137 4704
is_linear=0
shrinkage=0.05


Tree=288
num_leaves=5
num_cat=0
split_feature=0 4 3 3
split_gain=0.0605583 0.0232093 0.0289842 0.0339351
threshold=0.31808832200000003 2000.5000000000002 0.32670399850000004 0.11345173650000002
decision_type=2 10 2 2
left_child=1 -1 3 -3
right_child=-2 2 -4 -5
leaf_value=-0.00010645635351337325 0.00023546833650238912 0.00013816127328961068 0.00017542465855892322 -0.00012573840108894081
leaf_weight=3406 3707 2003 2906 3109
leaf_count=3406 3707 2003 2906 3109
internal_value=5.98699e-05 2.88954e-06 4.9339e-05 -2.23364e-05
internal_weight=15131 11424 8018 5112
internal_count=15131 11424 8018 5112
is_linear=0
shrinkage=0.05


Tree=289
num_leaves=6
num_cat=0
split_feature=14 15 4 4 14
split_gain=0.0534322 0.0597703 0.0436226 0.0595521 0.112343
threshold=0.046476333403236529 296.22966935742687 8273.5000000000018 3102.0000000000005 0.012070312758673211
decision_type=2 2 10 10 2
left_child=1 2 3 -1 -5
right_child=-2 -3 -4 4 -6
leaf_value=6.8097472310479269e-05 -0.00023741188010076774 0.00022891542819666045 0.00018691198355862821 4.6807890083523563e-05 -0.00047475768319134434
leaf_weight=3825 2030 3129 2004 2133 2001
leaf_count=3825 2030 3129 2004 2133 2001
internal_value=1.27138e-06 3.82808e-05 -2.15903e-05 -7.40892e-05 -0.000205648
internal_weight=15122 13092 9963 7959 4134
internal_count=15122 13092 9963 7959 4134
is_linear=0
shrinkage=0.05


Tree=290
num_leaves=6
num_cat=0
split_feature=4 1 1 5 3
split_gain=0.0506512 0.0328344 0.027984 0.0432515 0.0208675
threshold=9992.5000000000018 55.500000000000007 46.500000000000007 6.5000000000000009 0.90373875200000009
decision_type=10 2 2 2 2
left_child=1 2 3 -1 -3
right_child=-2 4 -4 -5 -6
leaf_value=8.7587507485108407e-05 0.0001786090404787664 -6.5209556989819371e-05 -0.00028891017220313594 -0.00022961448563362281 0.00012817443662875677
leaf_weight=2040 2183 4000 2533 2271 2142
leaf_count=2040 2183 4000 2533 2271 2142
internal_value=-4.4233e-05 -8.16937e-05 -0.000157011 -7.95119e-05 2.2324e-06
internal_weight=15169 12986 6844 4311 6142
internal_count=15169 12986 6844 4311 6142
is_linear=0
shrinkage=0.05


Tree=291
num_leaves=7
num_cat=0
split_feature=5 14 14 4 0 15
split_gain=0.04955 0.074411 0.0650471 0.0607517 0.101944 0.0128063
threshold=5.5000000000000009 0.010695651869624911 0.038414166067966431 12000.500000000002 0.13194229900000001 150.68450426681036
decision_type=2 2 2 8 2 2
left_child=1 -1 3 4 5 -2
right_child=2 -3 -4 -5 -6 -7
leaf_value=-2.7170020250415635e-05 5.2974727063057314e-05 0.00038685762117357173 -0.00027729076547789393 -0.00018329551897359046 0.00039335412772572242 -0.00012479311144537701
leaf_weight=2320 2050 2039 2179 2428 2115 2003
leaf_count=2320 2050 2039 2179 2428 2115 2003
internal_value=2.42561e-05 0.000166499 -3.32878e-05 2.85645e-05 0.000111962 -3.48785e-05
internal_weight=15134 4359 10775 8596 6168 4053
internal_count=15134 4359 10775 8596 6168 4053
is_linear=0
shrinkage=0.05


Tree=292
num_leaves=6
num_cat=0
split_feature=4 14 15 14 15
split_gain=0.0621789 0.0818721 0.0465131 0.0617556 0.0195116
threshold=3710.5000000000005 0.03292270993235185 326.77547547296734 0.01443215099251546 137.91105782069042
decision_type=8 2 2 2 2
left_child=-1 2 3 4 -2
right_child=1 -3 -4 -5 -6
leaf_value=-0.00021103351523487558 9.0129133232525466e-05 0.00028451039855282765 0.00017944004914095086 -0.00031793784112838462 -0.00010436545888199915
leaf_weight=3111 2886 2661 2072 2099 2331
leaf_count=3111 2886 2661 2072 2099 2331
internal_value=-1.17519e-05 3.97018e-05 -2.96884e-05 -8.89167e-05 3.22729e-06
internal_weight=15160 12049 9388 7316 5217
internal_count=15160 12049 9388 7316 5217
is_linear=0
shrinkage=0.05


Tree=293
num_leaves=6
num_cat=0
split_feature=14 3 15 0 14
split_gain=0.0706031 0.0391473 0.0392854 0.0611141 0.0376035
threshold=0.046476333403236529 0.26016005050000007 280.74400872638574 0.068909522000000015 0.0091480837449767032
decision_type=2 2 2 2 2
left_child=1 4 3 -3 -1
right_child=-2 2 -4 -5 -6
leaf_value=6.7252458982246713e-05 -0.0002749913332609756 0.00021814257038796884 0.00030139821768955944 -0.00010138670106448749 -0.00020680196128013975
leaf_weight=2569 2008 2801 2039 3213 2441
leaf_count=2569 2008 2801 2039 3213 2441
internal_value=1.03498e-06 4.34648e-05 0.000111736 4.7433e-05 -6.62739e-05
internal_weight=15071 13063 8053 6014 5010
internal_count=15071 13063 8053 6014 5010
is_linear=0
shrinkage=0.05


Tree=294
num_leaves=5
num_cat=0
split_feature=14 4 4 4
split_gain=0.11206 0.029893 0.0265748 0.0298936
threshold=0.041158150674328181 3452.0000000000005 7055.0000000000009 12163.000000000002
decision_type=2 8 8 8
left_child=1 -1 -3 -4
right_child=-2 2 3 -5
leaf_value=0.00016355466214595097 0.00036149921331720249 -0.00014536104315221002 0.00014046956744741845 -7.3624964758468533e-05
leaf_weight=2112 2444 3940 2862 3789
leaf_count=2112 2444 3940 2862 3789
internal_value=5.1447e-05 -8.20563e-06 -4.24571e-05 1.85023e-05
internal_weight=15147 12703 10591 6651
internal_count=15147 12703 10591 6651
is_linear=0
shrinkage=0.05


Tree=295
num_leaves=6
num_cat=0
split_feature=1 1 0 0 4
split_gain=0.0443941 0.0586806 0.0590876 0.0403873 0.0283627
threshold=40.500000000000007 54.500000000000007 0.14162626750000004 0.20815970900000003 5000.5000000000009
decision_type=2 2 2 2 10
left_child=-1 2 -2 4 -3
right_child=1 3 -4 -5 -6
leaf_value=-0.00013559986051507426 5.1593972976981839e-05 0.00015773964102869646 0.00041035611507521386 -0.00019597377016595296 -7.5429874857580029e-05
leaf_weight=2988 2445 3262 2163 2049 2173
leaf_count=2988 2445 3262 2163 2049 2173
internal_value=3.69803e-05 7.96258e-05 0.000219997 -6.80287e-06 6.45147e-05
internal_weight=15080 12092 4608 7484 5435
internal_count=15080 12092 4608 7484 5435
is_linear=0
shrinkage=0.05


Tree=296
num_leaves=5
num_cat=0
split_feature=5 4 9 15
split_gain=0.0433627 0.0521836 0.0795523 0.0405264
threshold=11.500000000000002 6000.5000000000009 1.0000000180025095e-35 117.81813322133476
decision_type=2 10 8 2
left_child=1 2 3 -1
right_child=-2 -3 -4 -5
leaf_value=0.00015221570233679292 0.0001566960734432755 0.00010899994175208931 -0.00034773997795535516 -0.00012666587470770336
leaf_weight=2270 3479 3749 2543 3057
leaf_count=2270 3479 3749 2543 3057
internal_value=1.84102e-06 -4.45262e-05 -0.000117661 -7.82578e-06
internal_weight=15098 11619 7870 5327
internal_count=15098 11619 7870 5327
is_linear=0
shrinkage=0.05


Tree=297
num_leaves=6
num_cat=0
split_feature=1 0 4 14 14
split_gain=0.117791 0.0728664 0.0438743 0.0387648 0.0105762
threshold=40.500000000000007 0.33320770050000009 3959.0000000000005 0.0091480837449767032 0.0084869873714340047
decision_type=2 2 10 2 2
left_child=-1 2 4 -4 -2
right_child=1 -3 3 -5 -6
leaf_value=-0.0002909688042899065 3.4641848323252522e-05 0.00028929475711953124 3.5654501557087171e-05 -0.00023619151712750994 0.00019462485471801358
leaf_weight=2973 2024 2699 2599 2647 2110
leaf_count=2973 2024 2699 2599 2647 2110
internal_value=-9.03555e-06 6.03566e-05 -5.51805e-06 -0.000101512 0.000116297
internal_weight=15052 12079 9380 5246 4134
internal_count=15052 12079 9380 5246 4134
is_linear=0
shrinkage=0.05


Tree=298
num_leaves=7
num_cat=0
split_feature=14 1 1 4 7 5
split_gain=0.0280656 0.0662149 0.0295473 0.0497129 0.0814077 0.0426053
threshold=0.046476333403236529 41.500000000000007 70.500000000000014 767.50000000000011 1.5000000000000002 7.5000000000000009
decision_type=2 2 2 10 2 2
left_child=1 -1 3 -3 5 -5
right_child=-2 2 -4 4 -6 -7
leaf_value=0.00025179112389207831 -0.00017597792885572404 0.0001439087359399516 0.00013811111821832584 -0.00017576837669448301 -0.00038762399128053804 0.00014211405272971606
leaf_weight=2550 2044 2001 2046 2056 2206 2163
leaf_count=2550 2044 2001 2046 2056 2206 2163
internal_value=-3.72895e-06 2.33081e-05 -3.2329e-05 -7.37152e-05 -0.000141492 -1.27962e-05
internal_weight=15066 13022 10472 8426 6425 4219
internal_count=15066 13022 10472 8426 6425 4219
is_linear=0
shrinkage=0.05


Tree=299
num_leaves=5
num_cat=0
split_feature=0 3 0 4
split_gain=0.0567636 0.0330324 0.0541847 0.0392478
threshold=0.31808832200000003 0.16467678700000002 0.015165319500000001 3382.5000000000005
decision_type=2 2 2 10
left_child=1 -1 -3 -4
right_child=-2 2 3 -5
leaf_value=-0.00015880142025021787 0.00020832663438547037 0.00024906625163447974 0.00010863642719279208 -0.00014611514624919601
leaf_weight=3014 3710 2174 2577 3658
leaf_count=3014 3710 2174 2577 3658
internal_value=3.84062e-05 -1.67811e-05 3.41226e-05 -4.08233e-05
internal_weight=15133 11423 8409 6235
internal_count=15133 11423 8409 6235
is_linear=0
shrinkage=0.05


Tree=300
num_leaves=7
num_cat=0
split_feature=15 5 4 0 3 15
split_gain=0.049196 0.0954723 0.0894582 0.0780659 0.0560312 0.0489259
threshold=79.365803252464019 6.5000000000000009 4252.5000000000009 0.24934852550000003 0.38342380350000005 212.35251810277796
decision_type=2 2 10 2 2 2
left_child=2 5 -1 4 -3 -2
right_child=1 3 -4 -5 -6 -7
leaf_value=-0.00035063112089901271 0.00044015445580335659 -8.9623633222264329e-05 0.00010468319768752015 -0.00029958602024998275 0.00025857189493152009 9.3659905749045216e-05
leaf_weight=2188 2009 2507 2128 2049 2143 2067
leaf_count=2188 2009 2507 2128 2049 2143 2067
internal_value=1.6502e-05 7.36377e-05 -0.000126139 -4.24569e-05 7.08458e-05 0.000264442
internal_weight=15091 10775 4316 6699 4650 4076
internal_count=15091 10775 4316 6699 4650 4076
is_linear=0
shrinkage=0.05


Tree=301
num_leaves=5
num_cat=0
split_feature=14 4 14 14
split_gain=0.106087 0.0681114 0.0899429 0.0271203
threshold=0.046476333403236529 4648.5000000000009 0.018368184544794424 0.0075602986304670718
decision_type=2 8 2 2
left_child=1 -1 3 -3
right_child=-2 2 -4 -5
leaf_value=-0.00018228633273852367 -0.0003894189805782508 -0.00013836715418723104 0.00031150156528778885 6.5538138168634853e-05
leaf_weight=3698 2030 3048 2748 3507
leaf_count=3698 2030 3048 2748 3507
internal_value=-5.32573e-05 -7.68356e-07 7.13862e-05 -2.92755e-05
internal_weight=15031 13001 9303 6555
internal_count=15031 13001 9303 6555
is_linear=0
shrinkage=0.05


Tree=302
num_leaves=6
num_cat=0
split_feature=14 3 14 14 4
split_gain=0.10626 0.0520703 0.0968043 0.016754 0.0270662
threshold=0.038414166067966431 0.15885799300000003 0.022346734223007137 0.006946312513977016 4845.5000000000009
decision_type=2 2 2 2 10
left_child=1 -1 3 -3 -5
right_child=-2 2 -4 4 -6
leaf_value=-0.00015872129988670842 -0.00030995229957351585 -0.00012813881389767316 0.0003752216867436947 0.00015752522948149427 -8.0941329342341616e-05
leaf_weight=3024 3044 2097 2134 2445 2318
leaf_count=3024 3044 2097 2134 2445 2318
internal_value=-4.60712e-05 2.07663e-05 8.11144e-05 -1.03761e-05 4.14712e-05
internal_weight=15062 12018 8994 6860 4763
internal_count=15062 12018 8994 6860 4763
is_linear=0
shrinkage=0.05


Tree=303
num_leaves=6
num_cat=0
split_feature=4 1 0 4 1
split_gain=0.0410967 0.0678928 0.108449 0.0319149 0.0110867
threshold=9152.0000000000018 43.500000000000007 0.29009501300000007 5000.5000000000009 60.500000000000007
decision_type=10 2 2 8 2
left_child=1 -1 3 -3 -5
right_child=-2 2 -4 4 -6
leaf_value=-0.00014773303354635034 -0.00017914655585785295 0.00015705334442418876 0.00042007408704447074 -0.00014924209690174328 1.0128730488371244e-05
leaf_weight=3453 2552 2527 2181 2093 2280
leaf_count=3453 2552 2527 2181 2093 2280
internal_value=3.74394e-06 4.09816e-05 0.000112739 1.55947e-05 -6.61491e-05
internal_weight=15086 12534 9081 6900 4373
internal_count=15086 12534 9081 6900 4373
is_linear=0
shrinkage=0.05


Tree=304
num_leaves=5
num_cat=0
split_feature=3 4 5 4
split_gain=0.0571992 0.0613124 0.0555284 0.0434599
threshold=0.53716577900000007 19815.500000000004 9.5000000000000018 6166.5000000000009
decision_type=2 8 2 10
left_child=2 -2 3 -1
right_child=1 -3 -4 -5
leaf_value=-0.00012985784673725747 -0.00035127458060296853 2.9726588085714626e-06 0.00022518513336803757 0.00013162173448936609
leaf_weight=3836 2066 2988 3499 2713
leaf_count=3836 2066 2988 3499 2713
internal_value=-4.63337e-06 -0.000141838 6.43788e-05 -2.15369e-05
internal_weight=15102 5054 10048 6549
internal_count=15102 5054 10048 6549
is_linear=0
shrinkage=0.05


Tree=305
num_leaves=6
num_cat=0
split_feature=5 14 7 14 9
split_gain=0.0458902 0.130749 0.0452227 0.0244625 0.0433991
threshold=4.5000000000000009 0.038414166067966431 1.0000000180025095e-35 0.0098979294367737818 1.0000000180025095e-35
decision_type=2 2 2 2 8
left_child=-1 2 -2 -4 -5
right_child=1 -3 3 4 -6
leaf_value=0.00014562405134498977 0.00019257915661715741 -0.00040091386697586304 5.2135518277851538e-05 2.8524799879390808e-05 -0.00029975997041989735
leaf_weight=3021 2514 2419 3069 2018 2009
leaf_count=3021 2514 2419 3069 2018 2009
internal_value=-2.85972e-05 -7.23516e-05 1.03531e-05 -5.42067e-05 -0.000135251
internal_weight=15050 12029 9610 7096 4027
internal_count=15050 12029 9610 7096 4027
is_linear=0
shrinkage=0.05


Tree=306
num_leaves=6
num_cat=0
split_feature=4 14 5 5 0
split_gain=0.0463336 0.0769156 0.0739289 0.0584902 0.104998
threshold=6801.5000000000009 0.011232086651081066 10.500000000000002 5.5000000000000009 0.068909522000000015
decision_type=10 2 2 2 2
left_child=2 -2 3 -1 -5
right_child=1 -3 -4 4 -6
leaf_value=0.0001428391162751486 8.2138965657864806e-05 -0.00032309792423190222 0.00030184951991532312 0.00012843477582787855 -0.00035911206463986093
leaf_weight=3579 2326 2358 2545 2092 2339
leaf_count=3579 2326 2358 2545 2092 2339
internal_value=9.01247e-06 -0.000121864 6.70915e-05 -7.49767e-06 -0.000128927
internal_weight=15239 4684 10555 8010 4431
internal_count=15239 4684 10555 8010 4431
is_linear=0
shrinkage=0.05


Tree=307
num_leaves=5
num_cat=0
split_feature=1 14 3 1
split_gain=0.0250138 0.0610562 0.0394874 0.0275531
threshold=56.500000000000007 0.036385701676963818 0.4359293265000001 66.500000000000014
decision_type=2 2 2 2
left_child=1 2 -1 -2
right_child=3 -3 -4 -5
leaf_value=5.8575279349366827e-05 -0.00017417099917672134 0.00026179107701298165 -0.0002114938829106585 2.840963004279459e-05
leaf_weight=3791 3652 2389 2105 3106
leaf_count=3791 3652 2389 2105 3106
internal_value=-9.67553e-06 4.85556e-05 -3.78453e-05 -8.10642e-05
internal_weight=15043 8285 5896 6758
internal_count=15043 8285 5896 6758
is_linear=0
shrinkage=0.05


Tree=308
num_leaves=6
num_cat=0
split_feature=15 14 15 15 4
split_gain=0.0589614 0.0834925 0.054117 0.0710803 0.047442
threshold=377.42664495210266 0.040665281546811406 104.70551943508217 236.3331044627885 6704.0000000000009
decision_type=2 2 2 2 8
left_child=1 2 4 -4 -1
right_child=-2 -3 3 -5 -6
leaf_value=0.00028248276686068121 -0.00021702497174215003 0.00033871862968525777 -0.00022739861965511739 0.00013548883432015226 -3.9619186131154788e-05
leaf_weight=2325 2431 2113 3971 2044 2249
leaf_count=2325 2431 2113 3971 2044 2249
internal_value=8.57285e-06 5.17494e-05 -5.51439e-06 -0.000104083 0.000124108
internal_weight=15133 12702 10589 6015 4574
internal_count=15133 12702 10589 6015 4574
is_linear=0
shrinkage=0.05


Tree=309
num_leaves=6
num_cat=0
split_feature=1 15 15 14 5
split_gain=0.0422458 0.0438888 0.0673846 0.0674263 0.0604129
threshold=41.500000000000007 176.54337841765891 52.09446315601037 0.011232086651081066 9.5000000000000018
decision_type=2 2 2 2 2
left_child=-1 2 -2 -4 -3
right_child=1 4 3 -5 -6
leaf_value=0.00014684515988354875 6.6076614183184626e-05 -8.4340037940141828e-05 -6.8791606758290678e-05 -0.0004740195193795216 0.00026357853210203576
leaf_weight=3274 2431 3193 2109 2000 2048
leaf_count=3274 2431 3193 2109 2000 2048
internal_value=-1.20363e-05 -5.61902e-05 -0.000142582 -0.000266031 5.16144e-05
internal_weight=15055 11781 6540 4109 5241
internal_count=15055 11781 6540 4109 5241
is_linear=0
shrinkage=0.05


Tree=310
num_leaves=5
num_cat=0
split_feature=14 1 7 3
split_gain=0.0431959 0.0687818 0.0343199 0.0427283
threshold=0.046476333403236529 41.500000000000007 1.5000000000000002 0.30700602800000004
decision_type=2 2 2 2
left_child=1 -1 3 -3
right_child=-2 2 -4 -5
leaf_value=0.00024868033566308759 -0.00023567662271682655 -0.00010015803123499927 -0.00018873033230774712 0.00013718433311605744
leaf_weight=2483 2037 4002 2945 3604
leaf_count=2483 2037 4002 2945 3604
internal_value=-2.15534e-05 1.19106e-05 -4.38092e-05 1.23034e-05
internal_weight=15071 13034 10551 7606
internal_count=15071 13034 10551 7606
is_linear=0
shrinkage=0.05


Tree=311
num_leaves=5
num_cat=0
split_feature=1 3 3 9
split_gain=0.0346122 0.0812501 0.0501493 0.0462405
threshold=66.500000000000014 0.52480957100000014 0.34554129250000004 1.0000000180025095e-35
decision_type=2 2 2 8
left_child=1 2 3 -1
right_child=-2 -3 -4 -5
leaf_value=8.2923074708878873e-05 0.00012283978223050576 -0.00024925044008990648 0.00022900397285328364 -0.00020122483718152621
leaf_weight=3052 3117 3965 2229 2697
leaf_count=3052 3117 3965 2229 2697
internal_value=-2.55351e-05 -6.42594e-05 2.76796e-05 -5.03778e-05
internal_weight=15060 11943 7978 5749
internal_count=15060 11943 7978 5749
is_linear=0
shrinkage=0.05


Tree=312
num_leaves=5
num_cat=0
split_feature=0 3 14 15
split_gain=0.0592367 0.0724914 0.141934 0.0338098
threshold=0.41234090650000005 0.15885799300000003 0.015708379919113283 102.6361625387044
decision_type=2 2 2 2
left_child=1 -1 3 -3
right_child=-2 2 -4 -5
leaf_value=-0.00019013129667294637 -0.00023371554810974645 0.00010686762264459134 0.00035471860078532515 -0.00014259714414512138
leaf_weight=3039 2785 2100 3293 3845
leaf_count=3039 2785 2100 3293 3845
internal_value=-2.55267e-05 2.17004e-05 9.13861e-05 -5.44767e-05
internal_weight=15062 12277 9238 5945
internal_count=15062 12277 9238 5945
is_linear=0
shrinkage=0.05


Tree=313
num_leaves=6
num_cat=0
split_feature=15 0 3 0 3
split_gain=0.0397552 0.0794126 0.0393455 0.0365166 0.0283416
threshold=307.46881441459146 0.43209221150000005 0.40554932900000001 0.08778101150000002 13.250000000000002
decision_type=2 2 2 2 2
left_child=1 2 3 -1 -4
right_child=-2 -3 4 -5 -6
leaf_value=3.4936827139466415e-05 -0.00010985075828637232 0.00036509382318209685 0.0002620636646241432 -0.00023386946022329149 3.1122506676431713e-06
leaf_weight=3393 3386 2077 2212 2013 2023
leaf_count=3393 3386 2077 2212 2013 2023
internal_value=4.10545e-05 8.46597e-05 2.42446e-05 -6.5157e-05 0.000138366
internal_weight=15104 11718 9641 5406 4235
internal_count=15104 11718 9641 5406 4235
is_linear=0
shrinkage=0.05


Tree=314
num_leaves=6
num_cat=0
split_feature=1 15 15 4 5
split_gain=0.03428 0.0632067 0.106013 0.0749884 0.0923794
threshold=39.500000000000007 50.783404768141949 120.12259953425534 5897.0000000000009 7.5000000000000009
decision_type=2 2 2 10 2
left_child=-1 -2 -3 4 -4
right_child=1 2 3 -5 -6
leaf_value=-0.00017267316596831367 0.00025126778815586762 -0.000312839549447142 -0.00029840526194445632 0.00024728795232007816 0.00016617062706088069
leaf_weight=2646 2482 2496 2206 3185 2078
leaf_count=2646 2482 2496 2206 3185 2078
internal_value=-9.24014e-06 2.55027e-05 -3.0729e-05 6.3547e-05 -7.30578e-05
internal_weight=15093 12447 9965 7469 4284
internal_count=15093 12447 9965 7469 4284
is_linear=0
shrinkage=0.05


Tree=315
num_leaves=6
num_cat=0
split_feature=1 4 7 3 3
split_gain=0.0382837 0.0599649 0.0433661 0.0463209 0.0140347
threshold=57.500000000000007 5300.5000000000009 1.5000000000000002 0.38062663600000007 0.68493374350000014
decision_type=2 10 2 2 2
left_child=2 4 3 -1 -2
right_child=1 -3 -4 -5 -6
leaf_value=0.00015208710575257778 -2.1774508706430751e-05 -0.00024399579205785488 0.00028275202352630525 -0.00013201557829786733 0.00016429097953342447
leaf_weight=3669 2016 2390 2680 2356 2038
leaf_count=3669 2016 2390 2680 2356 2038
internal_value=4.70349e-05 -4.5348e-05 0.000115423 4.09923e-05 7.17631e-05
internal_weight=15149 6444 8705 6025 4054
internal_count=15149 6444 8705 6025 4054
is_linear=0
shrinkage=0.05


Tree=316
num_leaves=5
num_cat=0
split_feature=14 4 1 4
split_gain=0.119252 0.0192051 0.0328605 0.0458462
threshold=0.041158150674328181 4301.0000000000009 46.500000000000007 9254.0000000000018
decision_type=2 8 2 8
left_child=1 -1 -3 -4
right_child=-2 2 3 -5
leaf_value=-0.00011571456024497957 0.00037215316445371336 0.0001817593987514793 0.00011660490627759836 -0.00014071634487943435
leaf_weight=3186 2440 2501 3055 3994
leaf_count=3186 2440 2501 3055 3994
internal_value=5.19356e-05 -9.41264e-06 2.6051e-05 -2.91947e-05
internal_weight=15176 12736 9550 7049
internal_count=15176 12736 9550 7049
is_linear=0
shrinkage=0.05


Tree=317
num_leaves=6
num_cat=0
split_feature=3 0 5 0 0
split_gain=0.0498216 0.0726209 0.0493992 0.0394544 0.0259056
threshold=0.37712416950000011 0.25422703850000006 10.500000000000002 0.11799435150000001 0.034998853500000003
decision_type=2 2 2 2 2
left_child=1 4 3 -2 -1
right_child=2 -3 -4 -5 -6
leaf_value=-0.00010188370263811832 -4.8007487844338402e-05 0.00034787106171148095 9.7123908645082866e-05 -0.00033716760112389424 0.00010802493545214536
leaf_weight=2892 2575 2091 2418 2177 2989
leaf_count=2892 2575 2091 2418 2177 2989
internal_value=8.77359e-06 9.47864e-05 -8.68602e-05 -0.000180478 4.80171e-06
internal_weight=15142 7972 7170 4752 5881
internal_count=15142 7972 7170 4752 5881
is_linear=0
shrinkage=0.05


Tree=318
num_leaves=6
num_cat=0
split_feature=4 4 14 0 15
split_gain=0.0225381 0.0480429 0.0443433 0.0698226 0.0241389
threshold=2677.0000000000005 4951.0000000000009 0.0098979294367737818 0.23709479950000004 117.81813322133476
decision_type=10 10 2 2 2
left_child=4 -2 -3 -4 -1
right_child=1 2 3 -5 -6
leaf_value=1.396579960626101e-05 0.00018801471235136143 0.00011121089892182652 -0.00035469968240764557 4.2467497494161398e-05 -0.00020767048743467747
leaf_weight=2227 3041 2679 2110 2327 2740
leaf_count=2227 3041 2679 2110 2327 2740
internal_value=-2.10145e-05 2.1669e-05 -4.94183e-05 -0.000146404 -0.000108298
internal_weight=15124 10157 7116 4437 4967
internal_count=15124 10157 7116 4437 4967
is_linear=0
shrinkage=0.05


Tree=319
num_leaves=6
num_cat=0
split_feature=4 14 15 14 14
split_gain=0.0539433 0.0999661 0.112255 0.0620701 0.044657
threshold=2850.5000000000005 0.041158150674328181 296.22966935742687 0.01443215099251546 0.0075602986304670718
decision_type=8 2 2 2 2
left_child=-1 2 3 4 -2
right_child=1 -3 -4 -5 -6
leaf_value=-0.00024193736927029765 -0.00015854023403133921 0.0003551016692442526 0.00025412084553362596 -0.00029279313350765948 0.00013280510408476593
leaf_weight=2003 2581 2075 2748 3076 2682
leaf_count=2003 2581 2075 2748 3076 2682
internal_value=-2.03181e-07 3.65841e-05 -2.30285e-05 -0.000114359 -1.0072e-05
internal_weight=15165 13162 11087 8339 5263
internal_count=15165 13162 11087 8339 5263
is_linear=0
shrinkage=0.05


Tree=320
num_leaves=5
num_cat=0
split_feature=4 1 1 3
split_gain=0.0446475 0.0604845 0.0581949 0.0667263
threshold=3250.5000000000005 45.500000000000007 52.500000000000007 0.43243666650000007
decision_type=8 2 2 2
left_child=-1 -2 -3 -4
right_child=1 2 3 -5
leaf_value=0.00019501992644340032 -0.00021326137163976233 0.00025838031645711475 9.7300158407183401e-05 -0.00021487666647571603
leaf_weight=2509 3481 2161 3931 3032
leaf_count=2509 3481 2161 3931 3032
internal_value=2.40061e-06 -3.59399e-05 3.1712e-05 -3.86355e-05
internal_weight=15114 12605 9124 6963
internal_count=15114 12605 9124 6963
is_linear=0
shrinkage=0.05


Tree=321
num_leaves=7
num_cat=0
split_feature=5 15 0 15 15 0
split_gain=0.0559783 0.159555 0.0926603 0.0693619 0.123183 0.0690571
threshold=8.5000000000000018 94.267278897821015 0.091459408000000006 275.29238425461165 139.32644967377772 0.078557362500000019
decision_type=2 2 2 2 2 2
left_child=3 -2 -3 4 5 -1
right_child=1 2 -4 -5 -6 -7
leaf_value=0.00015103209996845547 0.00019157269166767522 -9.8419678347381394e-05 -0.00055445349864938556 -0.00022002483174273914 0.0004000921893040902 -0.00026077079142631073
leaf_weight=2008 2081 2116 2352 2168 2298 2065
leaf_count=2008 2081 2116 2352 2168 2298 2065
internal_value=-6.00801e-05 -0.000170052 -0.00033848 2.42627e-05 0.000107392 -5.77509e-05
internal_weight=15088 6549 4468 8539 6371 4073
internal_count=15088 6549 4468 8539 6371 4073
is_linear=0
shrinkage=0.05


Tree=322
num_leaves=6
num_cat=0
split_feature=3 0 3 14 3
split_gain=0.0548286 0.129783 0.0658957 0.0589962 0.0110129
threshold=0.12417520950000001 0.41234090650000005 0.40945176600000005 0.015110870123569533 0.27259833800000005
decision_type=2 2 2 2 2
left_child=-1 2 4 -4 -2
right_child=1 -3 3 -5 -6
leaf_value=0.00017260978634108811 -5.4230895048691569e-05 -0.00038958720010033831 -1.5050197943763936e-05 0.00032182015580020239 -0.00021204684250656714
leaf_weight=2930 2387 2499 2936 2332 2059
leaf_count=2930 2387 2499 2936 2332 2059
internal_value=-2.1633e-05 -6.82334e-05 1.44373e-05 0.000134073 -0.000127317
internal_weight=15143 12213 9714 5268 4446
internal_count=15143 12213 9714 5268 4446
is_linear=0
shrinkage=0.05


Tree=323
num_leaves=5
num_cat=0
split_feature=15 0 0 3
split_gain=0.0500041 0.0714596 0.0981968 0.0475627
threshold=377.42664495210266 0.30727947850000009 0.063386936000000019 0.28946954900000005
decision_type=2 2 2 2
left_child=1 2 3 -1
right_child=-2 -3 -4 -5
leaf_value=-5.4486590311699458e-05 -0.00021336721805006415 0.00023794907492134663 -0.00023142448733600381 0.0002381837451243923
leaf_weight=2652 2413 3228 3784 2913
leaf_count=2652 2413 3228 3784 2913
internal_value=-4.87891e-06 3.51213e-05 -3.49106e-05 9.87117e-05
internal_weight=14990 12577 9349 5565
internal_count=14990 12577 9349 5565
is_linear=0
shrinkage=0.05


Tree=324
num_leaves=6
num_cat=0
split_feature=15 1 4 4 14
split_gain=0.0311309 0.0472727 0.0410065 0.0405731 0.0257087
threshold=253.29909621575908 51.500000000000007 5125.5000000000009 4800.5000000000009 0.019504055260196364
decision_type=2 2 8 10 2
left_child=1 4 -3 -2 -1
right_child=3 2 -4 -5 -6
leaf_value=3.2352998080258752e-05 -0.00027647118296276709 0.00013215078904582099 -0.00014261368905297783 2.4165529743442942e-05 0.00027139668152641785
leaf_weight=2027 2068 2066 3962 2454 2527
leaf_count=2027 2068 2066 3962 2454 2527
internal_value=-3.51252e-06 4.34121e-05 -4.84426e-05 -0.000113322 0.000164998
internal_weight=15104 10582 6028 4522 4554
internal_count=15104 10582 6028 4522 4554
is_linear=0
shrinkage=0.05


Tree=325
num_leaves=6
num_cat=0
split_feature=5 4 14 9 14
split_gain=0.0845902 0.111027 0.055198 0.0314889 0.00944914
threshold=9.5000000000000018 4951.0000000000009 0.024944268232627843 1.0000000180025095e-35 0.0084869873714340047
decision_type=2 10 2 10 2
left_child=2 -2 3 4 -1
right_child=1 -3 -4 -5 -6
leaf_value=-2.858782144336528e-05 0.0004251311415379852 -3.6731127558408529e-05 -0.00028275822216182375 0.0001382853835036987 -0.00017069943403344426
leaf_weight=2681 2217 3150 2754 2197 2075
leaf_count=2681 2217 3150 2754 2197 2075
internal_value=-5.23655e-06 0.000154055 -9.33088e-05 -1.82701e-05 -9.05898e-05
internal_weight=15074 5367 9707 6953 4756
internal_count=15074 5367 9707 6953 4756
is_linear=0
shrinkage=0.05


Tree=326
num_leaves=6
num_cat=0
split_feature=4 0 0 5 4
split_gain=0.0394205 0.0748682 0.0673781 0.0594616 0.0441646
threshold=2677.0000000000005 0.31808832200000003 0.11613310200000002 5.5000000000000009 5551.0000000000009
decision_type=10 2 2 2 10
left_child=3 2 4 -1 -2
right_child=1 -3 -4 -5 -6
leaf_value=7.8751124292954027e-05 0.0002375578563422971 0.00027001177707832152 -0.00026913959176900749 -0.00027316698352308522 -5.7879877770383416e-05
leaf_weight=2043 2101 2694 2210 2910 3179
leaf_count=2043 2101 2694 2210 2910 3179
internal_value=-1.23079e-05 4.39633e-05 -3.73417e-05 -0.000128009 5.96797e-05
internal_weight=15137 10184 7490 4953 5280
internal_count=15137 10184 7490 4953 5280
is_linear=0
shrinkage=0.05


Tree=327
num_leaves=6
num_cat=0
split_feature=4 5 4 15 14
split_gain=0.0287927 0.0800779 0.0772156 0.0810877 0.0460966
threshold=9254.0000000000018 11.500000000000002 5166.5000000000009 117.81813322133476 0.0075602986304670718
decision_type=10 2 8 2 2
left_child=1 2 3 -1 -4
right_child=-2 -3 4 -5 -6
leaf_value=6.7733420245848791e-05 -0.00012226807234640136 0.0003123974666049319 -6.9889257899479246e-05 -0.00036421231681158959 0.00022842144254992035
leaf_weight=2074 2498 2572 2016 2282 3621
leaf_count=2074 2498 2572 2016 2282 3621
internal_value=3.27707e-05 6.35933e-05 -4.4392e-07 -0.000158552 0.000121734
internal_weight=15063 12565 9993 4356 5637
internal_count=15063 12565 9993 4356 5637
is_linear=0
shrinkage=0.05


Tree=328
num_leaves=7
num_cat=0
split_feature=0 0 5 9 15 15
split_gain=0.0328976 0.0213988 0.0377841 0.0472443 0.0135995 0.00469464
threshold=0.46512612800000003 0.12925050850000003 10.500000000000002 1.0000000180025095e-35 158.0563934696564 155.82226869549024
decision_type=2 2 2 8 2 2
left_child=1 2 3 4 -1 -3
right_child=-2 5 -4 -5 -6 -7
leaf_value=-0.00015747382307901734 -0.00018809357709057646 0.00016172139304335622 -0.0002029907365855597 0.00022124869679795314 2.5360397598796322e-05 5.420694246707006e-05
leaf_weight=2062 2392 2057 2320 2178 2007 2005
leaf_count=2062 2392 2057 2320 2178 2007 2005
internal_value=-1.80711e-05 1.41321e-05 -3.06842e-05 3.33067e-05 -6.72924e-05 0.000108652
internal_weight=15021 12629 8567 6247 4069 4062
internal_count=15021 12629 8567 6247 4069 4062
is_linear=0
shrinkage=0.05


Tree=329
num_leaves=5
num_cat=0
split_feature=1 1 4 15
split_gain=0.0732995 0.0671904 0.0402669 0.0413389
threshold=39.500000000000007 51.500000000000007 2901.5000000000005 169.21485183072988
decision_type=2 2 10 2
left_child=-1 -2 -3 -4
right_child=1 2 3 -5
leaf_value=-0.00023095838725412487 0.00023103698428729761 -0.00016118451124678341 -7.381973267741187e-05 0.00020470004742164239
leaf_weight=2710 3803 3220 2717 2614
leaf_count=2710 3803 3220 2717 2614
internal_value=4.53001e-06 5.61872e-05 -2.1576e-05 6.27495e-05
internal_weight=15064 12354 8551 5331
internal_count=15064 12354 8551 5331
is_linear=0
shrinkage=0.05


Tree=330
num_leaves=6
num_cat=0
split_feature=15 15 3 3 1
split_gain=0.0418624 0.11546 0.0871094 0.144501 0.0308372
threshold=246.75977024320181 169.21485183072988 0.84211192650000011 0.27259833800000005 54.500000000000007
decision_type=2 2 2 2 2
left_child=1 2 3 -1 -2
right_child=4 -3 -4 -5 -6
leaf_value=0.00011957114349391777 -0.00023850365768780598 0.0003880124986713319 0.00025004040996984061 -0.00037360983983251148 1.9630520553876226e-05
leaf_weight=3104 2325 2248 2229 2848 2303
leaf_count=3104 2325 2248 2229 2848 2303
internal_value=1.51018e-05 7.06396e-05 -1.65691e-05 -0.000116413 -0.00011005
internal_weight=15057 10429 8181 5952 4628
internal_count=15057 10429 8181 5952 4628
is_linear=0
shrinkage=0.05


Tree=331
num_leaves=6
num_cat=0
split_feature=0 4 4 14 14
split_gain=0.0793357 0.0518614 0.0501898 0.0450136 0.0346089
threshold=0.48231752950000001 3710.5000000000005 6362.5000000000009 0.011631852661456764 0.006946312513977016
decision_type=2 8 8 2 2
left_child=1 -1 -3 4 -4
right_child=-2 2 3 -5 -6
leaf_value=-0.00021847193779733472 0.00030184082595928599 0.00020161368065429509 -8.2360135257697313e-05 -0.00021583350000936583 0.00019325241512090256
leaf_weight=2569 2291 3073 2347 2408 2213
leaf_count=2569 2291 3073 2347 2408 2213
internal_value=3.11699e-05 -1.80059e-05 3.32836e-05 -4.09527e-05 5.13966e-05
internal_weight=14901 12610 10041 6968 4560
internal_count=14901 12610 10041 6968 4560
is_linear=0
shrinkage=0.05


Tree=332
num_leaves=6
num_cat=0
split_feature=5 0 14 4 4
split_gain=0.0546518 0.068404 0.066635 0.0573747 0.0341339
threshold=13.500000000000002 0.18106013250000003 0.012070312758673211 6000.5000000000009 4301.0000000000009
decision_type=2 2 2 8 10
left_child=1 2 4 -3 -1
right_child=-2 3 -4 -5 -6
leaf_value=-0.00013143203137541692 0.00024831408094915636 -0.00035849276042555165 0.00031363404628185587 -5.5679368403105345e-06 0.00010210347907294883
leaf_weight=3153 2215 2213 2038 2401 3106
leaf_count=3153 2215 2213 2038 2401 3106
internal_value=1.88561e-05 -2.05095e-05 6.53145e-05 -0.00017484 -1.55411e-05
internal_weight=15126 12911 8297 4614 6259
internal_count=15126 12911 8297 4614 6259
is_linear=0
shrinkage=0.05


Tree=333
num_leaves=5
num_cat=0
split_feature=4 4 1 15
split_gain=0.0532865 0.0405074 0.0498027 0.0584219
threshold=3000.5000000000005 3400.5000000000005 48.500000000000007 238.00601590583901
decision_type=8 10 2 2
left_child=-1 -2 -3 -4
right_child=1 2 3 -5
leaf_value=-0.00026046629865119069 0.00014815713627297961 -0.00019694344857492478 -7.538736644029563e-05 0.00025902213527995171
leaf_weight=2206 3589 3547 3743 2006
leaf_count=2206 3589 3547 3743 2006
internal_value=-3.33966e-05 5.47932e-06 -4.96057e-05 4.12982e-05
internal_weight=15091 12885 9296 5749
internal_count=15091 12885 9296 5749
is_linear=0
shrinkage=0.05


Tree=334
num_leaves=5
num_cat=0
split_feature=15 14 4 14
split_gain=0.0894753 0.117622 0.0774002 0.0760902
threshold=126.11828288186051 0.026258552990754341 5897.0000000000009 0.019940076820947557
decision_type=2 2 10 2
left_child=3 2 -2 -1
right_child=1 -3 -4 -5
leaf_value=1.2734775496712264e-05 -0.00015775601216053766 0.0004032439661059863 0.00020073803655162029 -0.00033601010112286624
leaf_weight=3774 3497 2503 2644 2671
leaf_count=3774 3497 2503 2644 2671
internal_value=9.21044e-06 0.000114345 -3.40684e-06 -0.000131795
internal_weight=15089 8644 6141 6445
internal_count=15089 8644 6141 6445
is_linear=0
shrinkage=0.05


Tree=335
num_leaves=6
num_cat=0
split_feature=4 3 4 3 3
split_gain=0.0421103 0.0505482 0.0661615 0.0534213 0.0911229
threshold=3452.0000000000005 0.90373875200000009 9992.5000000000018 0.37712416950000011 0.15551165700000005
decision_type=8 2 10 2 2
left_child=-1 2 3 4 -2
right_child=1 -3 -4 -5 -6
leaf_value=0.00020519072199776686 -0.00030794690406741091 0.00016095334993384235 0.00017319253196876254 -0.00034859650795977077 0.00013094907036238949
leaf_weight=2731 2028 3155 2132 2207 2837
leaf_count=2731 2028 3155 2132 2207 2837
internal_value=2.75059e-05 -1.17576e-05 -7.09604e-05 -0.000144565 -5.20069e-05
internal_weight=15090 12359 9204 7072 4865
internal_count=15090 12359 9204 7072 4865
is_linear=0
shrinkage=0.05


Tree=336
num_leaves=6
num_cat=0
split_feature=0 9 5 4 4
split_gain=0.0548116 0.0445329 0.0507475 0.0210469 0.0326576
threshold=0.46512612800000003 1.5000000000000002 11.500000000000002 2997.5000000000005 5666.5000000000009
decision_type=2 10 2 10 10
left_child=1 2 3 -1 -5
right_child=-2 -3 -4 4 -6
leaf_value=8.286942002495184e-05 -0.00025675492309859641 -0.00018448844277462709 0.00025321821490200053 -0.00022938519793500207 4.258745749035787e-05
leaf_weight=3412 2385 2506 2375 2040 2405
leaf_count=3412 2385 2506 2375 2040 2405
internal_value=-3.67697e-05 4.41927e-06 5.06862e-05 -1.05349e-05 -8.22324e-05
internal_weight=15123 12738 10232 7857 4445
internal_count=15123 12738 10232 7857 4445
is_linear=0
shrinkage=0.05


Tree=337
num_leaves=6
num_cat=0
split_feature=0 0 5 1 4
split_gain=0.0444119 0.0938763 0.0252911 0.0350689 0.0099124
threshold=0.48991772250000004 0.20815970900000003 9.5000000000000018 47.500000000000007 3499.5000000000005
decision_type=2 2 2 2 10
left_child=1 2 3 -1 -5
right_child=-2 -3 -4 4 -6
leaf_value=0.00023913979256223102 0.00019196444691648945 -0.0003058142402160999 -8.8039366032857468e-05 7.3150934795274285e-05 -7.8283476164423005e-05
leaf_weight=2236 2202 2823 3502 2101 2225
leaf_count=2236 2202 2823 3502 2101 2225
internal_value=-1.55541e-05 -5.10128e-05 2.04603e-05 7.83642e-05 -4.73662e-06
internal_weight=15089 12887 10064 6562 4326
internal_count=15089 12887 10064 6562 4326
is_linear=0
shrinkage=0.05


Tree=338
num_leaves=6
num_cat=0
split_feature=5 15 5 4 4
split_gain=0.0723646 0.0543744 0.0696418 0.150466 0.0260216
threshold=11.500000000000002 77.08303100230215 4.5000000000000009 5395.0000000000009 10284.000000000002
decision_type=2 2 2 8 8
left_child=1 -1 -3 -4 -5
right_child=-2 2 3 4 -6
leaf_value=-0.00021530258448271983 0.00021780736405352895 0.00027585116025291724 -0.00039250127716769002 0.00024709704277679187 -5.1696146941029719e-06
leaf_weight=3261 3479 2084 2187 2050 2039
leaf_count=3261 3479 2084 2187 2050 2039
internal_value=1.77571e-05 -4.21324e-05 2.54165e-05 -5.77425e-05 0.000121303
internal_weight=15100 11621 8360 6276 4089
internal_count=15100 11621 8360 6276 4089
is_linear=0
shrinkage=0.05


Tree=339
num_leaves=6
num_cat=0
split_feature=15 14 4 1 1
split_gain=0.0575947 0.165754 0.044178 0.0310594 0.024211
threshold=377.42664495210266 0.041158150674328181 13545.500000000002 46.500000000000007 61.500000000000007
decision_type=2 2 8 2 2
left_child=1 2 3 -1 -5
right_child=-2 -3 -4 4 -6
leaf_value=0.00021468205243575404 -0.00018012318580250036 0.00049782069756957269 -0.00016122827299624466 -0.00010382547764371583 0.0001095789056952022
leaf_weight=2481 2416 2051 2857 2720 2599
leaf_count=2481 2416 2051 2857 2720 2599
internal_value=4.36551e-05 8.6199e-05 6.98013e-06 6.85919e-05 4.49385e-07
internal_weight=15124 12708 10657 7800 5319
internal_count=15124 12708 10657 7800 5319
is_linear=0
shrinkage=0.05


Tree=340
num_leaves=6
num_cat=0
split_feature=4 0 0 14 4
split_gain=0.0290064 0.0367044 0.101845 0.0273613 0.0130159
threshold=3710.5000000000005 0.41234090650000005 0.12217255300000002 0.010159559682860938 5500.5000000000009
decision_type=8 2 2 2 10
left_child=-1 2 3 4 -2
right_child=1 -3 -4 -5 -6
leaf_value=-0.00012514196386775997 -0.00016563333163791927 -0.00013643501758543188 0.00032978881497434476 0.00013381359180696196 8.9835289980126413e-07
leaf_weight=3091 2452 2228 3019 2027 2250
leaf_count=3091 2452 2228 3019 2027 2250
internal_value=1.14137e-05 4.66586e-05 8.85065e-05 -1.97461e-05 -8.59446e-05
internal_weight=15067 11976 9748 6729 4702
internal_count=15067 11976 9748 6729 4702
is_linear=0
shrinkage=0.05


Tree=341
num_leaves=5
num_cat=0
split_feature=9 14 15 15
split_gain=0.0379873 0.0893699 0.0309147 0.0701135
threshold=1.5000000000000002 0.03563441594867215 240.12868397706561 107.77605053768961
decision_type=8 2 2 2
left_child=1 2 3 -1
right_child=-2 -3 -4 -5
leaf_value=9.5227453861145689e-05 0.0001230582137205079 -0.00033342089307807142 0.00014107294565489026 -0.00024003867352904453
leaf_weight=3451 3457 2459 2898 2845
leaf_count=3451 3457 2459 2898 2845
internal_value=-2.24964e-05 -6.56769e-05 5.93314e-06 -5.62707e-05
internal_weight=15110 11653 9194 6296
internal_count=15110 11653 9194 6296
is_linear=0
shrinkage=0.05


Tree=342
num_leaves=6
num_cat=0
split_feature=3 3 5 3 3
split_gain=0.0604566 0.089298 0.0538061 0.0296621 0.0276962
threshold=0.58894908050000006 0.40201640600000005 8.5000000000000018 0.14835964400000004 0.25226950450000002
decision_type=2 2 2 2 2
left_child=1 3 -2 -1 -5
right_child=2 -3 -4 4 -6
leaf_value=-0.00012973689997086252 -6.127126370658441e-06 0.00035657777840859264 -0.0003466012857206754 0.00020242600417708472 -3.5567079696118987e-05
leaf_weight=3295 2623 2032 2081 2090 2945
leaf_count=3295 2623 2032 2081 2090 2945
internal_value=-8.09375e-06 5.93909e-05 -0.000156749 -1.31042e-05 6.32225e-05
internal_weight=15066 10362 4704 8330 5035
internal_count=15066 10362 4704 8330 5035
is_linear=0
shrinkage=0.05


Tree=343
num_leaves=6
num_cat=0
split_feature=4 5 1 9 1
split_gain=0.0478204 0.0780803 0.072248 0.0380949 0.0505185
threshold=4495.5000000000009 12.500000000000002 52.500000000000007 1.5000000000000002 59.500000000000007
decision_type=8 2 2 8 2
left_child=2 3 -1 4 -2
right_child=1 -3 -4 -5 -6
leaf_value=-0.00034147994054122563 -5.1267529284167407e-05 -0.00019733573261508766 7.3838458811976212e-05 0.00031329202815712524 0.00023219733631892872
leaf_weight=2056 3551 2194 2134 2256 2820
leaf_count=2056 3551 2194 2134 2256 2820
internal_value=1.34612e-05 6.89934e-05 -0.000129955 0.000136726 7.42027e-05
internal_weight=15011 10821 4190 8627 6371
internal_count=15011 10821 4190 8627 6371
is_linear=0
shrinkage=0.05


Tree=344
num_leaves=6
num_cat=0
split_feature=4 14 3 14 0
split_gain=0.0614088 0.075567 0.0504024 0.109581 0.0784057
threshold=6801.5000000000009 0.015396367575775815 0.4359293265000001 0.01729465325404151 0.15473972750000003
decision_type=10 2 2 2 2
left_child=2 -2 3 -1 -4
right_child=1 -3 4 -5 -6
leaf_value=-1.1706229825873542e-05 2.5144458609151497e-05 -0.00038144914337951482 0.00011517330768563044 0.00046565277437353632 -0.00027318514693073273
leaf_weight=2942 2652 2008 3324 2033 2134
leaf_count=2942 2652 2008 3324 2033 2134
internal_value=8.49702e-07 -0.000150057 6.82537e-05 0.000183363 -3.66693e-05
internal_weight=15093 4660 10433 4975 5458
internal_count=15093 4660 10433 4975 5458
is_linear=0
shrinkage=0.05


Tree=345
num_leaves=6
num_cat=0
split_feature=4 4 14 14 1
split_gain=0.0651554 0.0876976 0.0825096 0.0421987 0.00748938
threshold=3847.0000000000005 5601.0000000000009 0.024360157499692388 0.019940076820947557 61.500000000000007
decision_type=10 10 2 2 2
left_child=2 -2 4 -3 -1
right_child=1 3 -4 -5 -6
leaf_value=1.7867709161339224e-05 0.00028810783185975346 4.6261851153761048e-05 -0.00042940496330611043 -0.00022291962159478988 -0.00011430760706310396
leaf_weight=2292 2561 3664 2049 2416 2013
leaf_count=2292 2561 3664 2049 2416 2013
internal_value=-4.66973e-05 4.26772e-05 -0.00016824 -6.07024e-05 -4.39369e-05
internal_weight=14995 8641 6354 6080 4305
internal_count=14995 8641 6354 6080 4305
is_linear=0
shrinkage=0.05


Tree=346
num_leaves=6
num_cat=0
split_feature=4 14 15 15 15
split_gain=0.0727696 0.0852228 0.046406 0.0454298 0.0534246
threshold=6801.5000000000009 0.040286726804123721 200.24264976395406 107.77605053768961 240.12868397706561
decision_type=10 2 2 2 2
left_child=1 3 -2 -1 -5
right_child=2 -3 -4 4 -6
leaf_value=9.8058120517545083e-05 -6.7679384099474788e-05 0.00031837224689548033 -0.00038439299767569461 -0.00029553600758213663 3.1271126345279351e-05
leaf_weight=3369 2548 2013 2118 2617 2395
leaf_count=3369 2548 2013 2118 2617 2395
internal_value=-4.7402e-05 2.6238e-05 -0.000211443 -4.39286e-05 -0.00013937
internal_weight=15060 10394 4666 8381 5012
internal_count=15060 10394 4666 8381 5012
is_linear=0
shrinkage=0.05


Tree=347
num_leaves=6
num_cat=0
split_feature=0 5 14 4 15
split_gain=0.061577 0.0631121 0.115966 0.0508141 0.041396
threshold=0.0046896650000000008 5.5000000000000009 0.038414166067966431 9000.5000000000018 135.38037449547068
decision_type=2 2 2 8 2
left_child=-1 -2 3 4 -3
right_child=1 2 -4 -5 -6
leaf_value=0.0002440031777034869 0.00013116932704036415 -7.342768769588315e-05 -0.00044153430614792363 -0.00018011608129957647 0.00023493253078535667
leaf_weight=2076 3536 2096 2127 3021 2264
leaf_count=2076 3536 2096 2127 3021 2264
internal_value=-8.92368e-06 -4.91779e-05 -0.000116249 -2.25102e-05 8.66933e-05
internal_weight=15120 13044 9508 7381 4360
internal_count=15120 13044 9508 7381 4360
is_linear=0
shrinkage=0.05


Tree=348
num_leaves=5
num_cat=0
split_feature=3 15 3 3
split_gain=0.0292286 0.063566 0.0958439 0.0754397
threshold=0.80926212800000019 176.54337841765891 0.29436216700000006 0.30700602800000004
decision_type=2 2 2 2
left_child=1 2 -1 -3
right_child=-2 3 -4 -5
leaf_value=5.2686035200435025e-05 0.00014780261488806835 -3.9487724583731377e-05 -0.00034755502908925421 0.00035336009770679203
leaf_weight=3470 3907 3015 2629 2055
leaf_count=3470 3907 3015 2629 2055
internal_value=3.00917e-05 -1.10844e-05 -0.00011984 0.000119743
internal_weight=15076 11169 6099 5070
internal_count=15076 11169 6099 5070
is_linear=0
shrinkage=0.05


Tree=349
num_leaves=6
num_cat=0
split_feature=4 1 14 14 15
split_gain=0.0688403 0.0460659 0.103685 0.0967542 0.020283
threshold=3333.5000000000005 48.500000000000007 0.020892460186639806 0.022491581995248623 143.37006943406206
decision_type=8 2 2 2 2
left_child=-1 2 -2 4 -3
right_child=1 3 -4 -5 -6
leaf_value=0.00023576799479884888 8.1002157129305872e-05 2.2247130267452836e-05 -0.00041223917239991434 0.00030843954408853137 -0.00016205346330839949
leaf_weight=2607 2015 2682 2261 2176 3367
leaf_count=2607 2015 2682 2261 2176 3367
internal_value=2.0513e-06 -4.66888e-05 -0.000179807 2.25164e-05 -8.03384e-05
internal_weight=15108 12501 4276 8225 6049
internal_count=15108 12501 4276 8225 6049
is_linear=0
shrinkage=0.05


Tree=350
num_leaves=5
num_cat=0
split_feature=4 5 14 9
split_gain=0.063037 0.0377252 0.0870531 0.0377011
threshold=3452.0000000000005 8.5000000000000018 0.025280486192390764 1.0000000180025095e-35
decision_type=8 2 2 8
left_child=-1 3 -3 -2
right_child=1 2 -4 -5
leaf_value=0.00020616816248549788 -7.6130663037962172e-05 -1.1666707171994431e-05 -0.00041967695611946736 0.00016643370887699959
leaf_weight=2711 4000 3757 2005 2672
leaf_count=2711 4000 3757 2005 2672
internal_value=-1.22928e-05 -5.99241e-05 -0.000153642 2.10114e-05
internal_weight=15145 12434 5762 6672
internal_count=15145 12434 5762 6672
is_linear=0
shrinkage=0.05


Tree=351
num_leaves=5
num_cat=0
split_feature=0 15 15 4
split_gain=0.0621795 0.0335286 0.0663859 0.0465535
threshold=0.39924481000000006 148.2320022013229 296.22966935742687 4252.5000000000009
decision_type=2 2 2 10
left_child=1 3 -3 -1
right_child=-2 2 -4 -5
leaf_value=-3.3777313141664642e-05 -0.00023976224547044098 -0.00021420999646504211 0.00011390103700330682 0.00024702593668832418
leaf_weight=3049 2930 3372 2840 2861
leaf_count=3049 2930 3372 2840 2861
internal_value=-3.30578e-05 1.69046e-05 -6.42043e-05 0.000102158
internal_weight=15052 12122 6212 5910
internal_count=15052 12122 6212 5910
is_linear=0
shrinkage=0.05


Tree=352
num_leaves=5
num_cat=0
split_feature=14 15 15 7
split_gain=0.0358856 0.0604912 0.0613548 0.0527268
threshold=0.041158150674328181 323.48879759797427 149.52353842782932 1.0000000180025095e-35
decision_type=2 2 2 2
left_child=1 2 3 -1
right_child=-2 -3 -4 -5
leaf_value=0.00022516943697826423 0.0002014170302124441 0.00020801461296427587 -0.00022228572913214246 -7.6776396913094119e-05
leaf_weight=2272 2456 2588 3775 3976
leaf_count=2272 2456 2588 3775 3976
internal_value=2.65624e-05 -7.49067e-06 -6.31355e-05 3.30221e-05
internal_weight=15067 12611 10023 6248
internal_count=15067 12611 10023 6248
is_linear=0
shrinkage=0.05


Tree=353
num_leaves=6
num_cat=0
split_feature=3 4 14 14 0
split_gain=0.0460005 0.13482 0.0462232 0.0382137 0.02134
threshold=0.48256165150000002 1600.5000000000002 0.032002048131080395 0.014751980416822496 0.041618829000000003
decision_type=2 10 2 2 2
left_child=2 -2 3 4 -1
right_child=1 -3 -4 -5 -6
leaf_value=-0.00012062422220997576 -2.6494770450037594e-05 0.00048105358765361387 -0.00023068208567109439 0.00021888040196867687 7.9036935950653725e-05
leaf_weight=3011 3527 2080 2025 2111 2409
leaf_count=3011 3527 2080 2025 2111 2409
internal_value=4.80954e-05 0.000161788 -1.86139e-05 3.84088e-05 -3.18818e-05
internal_weight=15163 5607 9556 7531 5420
internal_count=15163 5607 9556 7531 5420
is_linear=0
shrinkage=0.05


Tree=354
num_leaves=6
num_cat=0
split_feature=4 15 4 5 15
split_gain=0.0397294 0.0893544 0.125508 0.0312836 0.02582
threshold=11303.500000000002 86.792488303603264 4845.5000000000009 8.5000000000000018 180.84890930598294
decision_type=8 2 10 2 2
left_child=1 -1 -3 -4 -2
right_child=4 2 3 -5 -6
leaf_value=-0.00023987439173109822 0.00026173936864383961 0.00031854365008532554 3.6252947744702194e-05 -0.00023731982456625734 2.2312534363664743e-05
leaf_weight=3333 2440 3025 2035 2148 2091
leaf_count=3333 2440 3025 2035 2148 2091
internal_value=2.74286e-05 -2.5794e-05 7.31973e-05 -0.000104229 0.000151247
internal_weight=15072 10541 7208 4183 4531
internal_count=15072 10541 7208 4183 4531
is_linear=0
shrinkage=0.05


Tree=355
num_leaves=7
num_cat=0
split_feature=14 15 15 14 14 1
split_gain=0.104196 0.0641175 0.0655092 0.0554619 0.0445792 0.0100864
threshold=0.046476333403236529 323.48879759797427 94.267278897821015 0.011232086651081066 0.017479848937848225 59.500000000000007
decision_type=2 2 2 2 2 2
left_child=1 2 3 -1 5 -4
right_child=-2 -3 4 -5 -6 -7
leaf_value=-3.9230193529789296e-05 -0.00033947024959046313 0.00025649283345579953 -0.00010515842981194844 0.00031860987122819774 -0.00031505987854718196 5.2387563927685404e-05
leaf_weight=2261 2095 2718 2049 2078 2007 2015
leaf_count=2261 2095 2718 2049 2078 2007 2015
internal_value=-1.2015e-05 4.02411e-05 -1.62211e-05 0.000132144 -0.000122259 -2.70445e-05
internal_weight=15223 13128 10410 4339 6071 4064
internal_count=15223 13128 10410 4339 6071 4064
is_linear=0
shrinkage=0.05


Tree=356
num_leaves=5
num_cat=0
split_feature=4 3 4 4
split_gain=0.0382457 0.0564318 0.0790992 0.0647151
threshold=3400.5000000000005 0.90373875200000009 5897.0000000000009 8000.5000000000009
decision_type=8 2 10 10
left_child=-1 2 -2 -4
right_child=1 -3 3 -5
leaf_value=0.00017507297450454251 -0.00027877436182364751 0.00015224961092333471 0.00022344311575398063 -0.00011773059583251222
leaf_weight=2722 3559 3119 2343 3417
leaf_count=2722 3559 3119 2343 3417
internal_value=5.30996e-06 -3.18419e-05 -9.3456e-05 2.10489e-05
internal_weight=15160 12438 9319 5760
internal_count=15160 12438 9319 5760
is_linear=0
shrinkage=0.05


Tree=357
num_leaves=6
num_cat=0
split_feature=15 14 3 3 3
split_gain=0.0416818 0.143075 0.0260413 0.0485783 0.0359637
threshold=304.55962659729863 0.040286726804123721 0.84211192650000011 0.34840434350000005 0.17050805650000003
decision_type=2 2 2 2 2
left_child=1 2 3 4 -1
right_child=-2 -3 -4 -5 -6
leaf_value=-0.00014913157349184794 -0.00017053673922576957 0.00040302535331428012 8.1845792674354093e-05 -0.00030458275628112314 0.00012441292313570396
leaf_weight=2489 3431 2084 2557 2115 2323
leaf_count=2489 3431 2084 2557 2115 2323
internal_value=-1.74876e-05 2.79058e-05 -5.45224e-05 -0.000104861 -1.70776e-05
internal_weight=14999 11568 9484 6927 4812
internal_count=14999 11568 9484 6927 4812
is_linear=0
shrinkage=0.05


Tree=358
num_leaves=6
num_cat=0
split_feature=4 3 1 1 3
split_gain=0.0445434 0.0979301 0.168785 0.0517105 0.0462161
threshold=2677.0000000000005 0.32361857100000008 51.500000000000007 48.500000000000007 116.50000000000001
decision_type=10 2 2 2 2
left_child=4 3 -3 -2 -1
right_child=1 2 -4 -5 -6
leaf_value=-0.00027717426249448338 -0.00025506974710923425 0.0005629635639738523 -7.5885960149456113e-05 4.7377678321194059e-05 2.9648401461924886e-05
leaf_weight=2389 2239 2119 2019 3832 2524
leaf_count=2389 2239 2119 2019 3832 2524
internal_value=4.15417e-06 6.36846e-05 0.000251258 -6.41657e-05 -0.000119547
internal_weight=15122 10209 4138 6071 4913
internal_count=15122 10209 4138 6071 4913
is_linear=0
shrinkage=0.05


Tree=359
num_leaves=6
num_cat=0
split_feature=4 14 0 3 9
split_gain=0.0727842 0.0409313 0.0451683 0.0344708 0.0205308
threshold=2901.5000000000005 0.02795632717770204 0.019453697000000002 0.21331531050000005 1.0000000180025095e-35
decision_type=8 2 2 2 8
left_child=-1 2 -2 -4 -5
right_child=1 -3 3 4 -6
leaf_value=-0.00027266448165518307 -0.0001658667735472646 0.00019939569425677669 0.00024159482973576545 8.5876820698255424e-05 -0.00012502388862000138
leaf_weight=2015 2938 3400 2025 2674 2030
leaf_count=2015 2938 3400 2025 2674 2030
internal_value=7.04651e-06 5.01794e-05 -2.30174e-06 6.91136e-05 -5.13688e-06
internal_weight=15082 13067 9667 6729 4704
internal_count=15082 13067 9667 6729 4704
is_linear=0
shrinkage=0.05


Tree=360
num_leaves=6
num_cat=0
split_feature=4 14 14 4 3
split_gain=0.0725358 0.0786574 0.0530647 0.0520773 0.0167787
threshold=4999.5000000000009 0.034660041604486054 0.014751980416822496 5497.5000000000009 0.21331531050000005
decision_type=8 2 2 10 2
left_child=2 3 -1 -2 -5
right_child=1 -3 -4 4 -6
leaf_value=-2.4227139783712065e-05 -0.00015330329066209479 -0.00034947652856447738 0.00031052649321609165 0.00021283051584289326 2.5367086604630571e-05
leaf_weight=2081 3329 2008 2746 2032 2893
leaf_count=2081 3329 2008 2746 2032 2893
internal_value=6.36571e-06 -6.88206e-05 0.000166209 -5.43744e-07 0.000102712
internal_weight=15089 10262 4827 8254 4925
internal_count=15089 10262 4827 8254 4925
is_linear=0
shrinkage=0.05


Tree=361
num_leaves=5
num_cat=0
split_feature=3 14 3 5
split_gain=0.0369351 0.118666 0.0481517 0.0179832
threshold=0.54627344550000012 0.020892460186639806 0.30462343350000004 6.5000000000000009
decision_type=2 2 2 2
left_child=2 -2 3 -1
right_child=1 -3 -4 -5
leaf_value=-0.00013893353182432329 8.2171991052235974e-05 -0.00040603733668453105 0.00017681964784214784 2.6632536323173262e-05
leaf_weight=3110 2769 2261 3552 3470
leaf_count=3110 2769 2261 3552 3470
internal_value=-2.65216e-05 -0.00013728 2.84638e-05 -5.16213e-05
internal_weight=15162 5030 10132 6580
internal_count=15162 5030 10132 6580
is_linear=0
shrinkage=0.05


Tree=362
num_leaves=6
num_cat=0
split_feature=0 5 5 14 3
split_gain=0.0391073 0.121603 0.0313271 0.0203873 0.0101214
threshold=0.12727918000000002 9.5000000000000018 10.500000000000002 0.0098979294367737818 0.24716158250000003
decision_type=2 2 2 2 2
left_child=2 -2 3 4 -1
right_child=1 -3 -4 -5 -6
leaf_value=1.8282240320141834e-05 -6.6091977078724368e-05 0.00037879819774914373 -0.00021401916423097897 0.00013015730333874106 -0.00013762972216721991
leaf_weight=2004 4001 2493 2339 2041 2166
leaf_count=2004 4001 2493 2339 2041 2166
internal_value=1.21977e-05 0.000104698 -5.80594e-05 6.73432e-07 -6.27022e-05
internal_weight=15044 6494 8550 6211 4170
internal_count=15044 6494 8550 6211 4170
is_linear=0
shrinkage=0.05


Tree=363
num_leaves=6
num_cat=0
split_feature=14 15 14 1 14
split_gain=0.0529113 0.0577249 0.086584 0.0410116 0.0282235
threshold=0.044681210653071006 296.22966935742687 0.024944268232627843 53.500000000000007 0.0061485369884320016
decision_type=2 2 2 2 2
left_child=1 2 3 -1 -5
right_child=-2 -3 -4 4 -6
leaf_value=-0.00017332675785623638 0.00021493743795895819 0.00013757427677052282 -0.00039499600324273447 -8.1164427419248619e-05 0.00016635909541228583
leaf_weight=3145 2178 3087 2101 2020 2679
leaf_count=3145 2178 3087 2101 2020 2679
internal_value=-1.31788e-05 -5.13032e-05 -0.000109932 -3.35784e-05 5.9954e-05
internal_weight=15210 13032 9945 7844 4699
internal_count=15210 13032 9945 7844 4699
is_linear=0
shrinkage=0.05


Tree=364
num_leaves=6
num_cat=0
split_feature=15 15 1 15 15
split_gain=0.037415 0.0477905 0.0233129 0.033385 0.00921819
threshold=133.07709494862223 253.29909621575908 48.500000000000007 57.627737383251578 377.42664495210266
decision_type=2 2 2 2 2
left_child=2 -2 -1 -4 -3
right_child=1 4 3 -5 -6
leaf_value=-0.00018803211825790011 0.00022087998204148817 5.8108215153598544e-05 0.00015110934757073377 -0.00013123521670132794 -8.5239656342512676e-05
leaf_weight=2531 3807 2069 2011 2184 2449
leaf_count=2531 3807 2069 2011 2184 2449
internal_value=1.95148e-05 9.03741e-05 -6.819e-05 4.11518e-06 -1.95941e-05
internal_weight=15051 8325 6726 4195 4518
internal_count=15051 8325 6726 4195 4518
is_linear=0
shrinkage=0.05


Tree=365
num_leaves=6
num_cat=0
split_feature=4 0 14 15 15
split_gain=0.0518 0.116673 0.0762083 0.0547498 0.0332856
threshold=4200.5000000000009 0.23709479950000004 0.02513143585596286 154.65266001324022 154.65266001324022
decision_type=10 2 2 2 2
left_child=1 3 4 -1 -2
right_child=2 -3 -4 -5 -6
leaf_value=-0.00013759468193482791 9.5239859829744107e-05 -0.0004367557269135389 0.00029454614295763306 0.00019266637700044462 -0.00015174180854474507
leaf_weight=2746 2587 2013 2582 2311 2886
leaf_count=2746 2587 2013 2582 2311 2886
internal_value=-1.60526e-05 -0.000114819 7.06365e-05 1.33314e-05 -3.49975e-05
internal_weight=15125 7070 8055 5057 5473
internal_count=15125 7070 8055 5057 5473
is_linear=0
shrinkage=0.05


Tree=366
num_leaves=6
num_cat=0
split_feature=1 3 14 4 15
split_gain=0.0440547 0.0634983 0.0868021 0.0424821 0.020827
threshold=39.500000000000007 0.48731901500000002 0.012353410193981972 5897.0000000000009 160.78120027420934
decision_type=2 2 2 10 2
left_child=-1 3 -3 -2 -5
right_child=1 2 -4 4 -6
leaf_value=-0.00016726123875163547 -0.00016773935071286758 -2.1390587854918806e-05 0.0004076535710600326 -4.6644049013236784e-05 0.0001734268279869942
leaf_weight=2703 3327 2287 2433 2028 2288
leaf_count=2703 3327 2287 2433 2028 2288
internal_value=1.55935e-05 5.55722e-05 0.000199767 -3.34767e-05 7.002e-05
internal_weight=15066 12363 4720 7643 4316
internal_count=15066 12363 4720 7643 4316
is_linear=0
shrinkage=0.05


Tree=367
num_leaves=6
num_cat=0
split_feature=4 0 15 3 1
split_gain=0.0497939 0.13208 0.0445339 0.0379269 0.0488571
threshold=2677.0000000000005 0.37372477350000005 117.81813322133476 0.39782667850000003 53.500000000000007
decision_type=10 2 2 2 2
left_child=2 3 -1 4 -2
right_child=1 -3 -4 -5 -6
leaf_value=4.3694831695511904e-05 -0.0002406288409093794 0.00041199515656940286 -0.00025827720595855138 0.00016321265054301693 4.7919646288501103e-05
leaf_weight=2235 2765 2234 2691 2027 3125
leaf_count=2235 2765 2234 2691 2027 3125
internal_value=9.17115e-06 7.24696e-05 -0.000121268 -2.33368e-05 -8.75365e-05
internal_weight=15077 10151 4926 7917 5890
internal_count=15077 10151 4926 7917 5890
is_linear=0
shrinkage=0.05


Tree=368
num_leaves=6
num_cat=0
split_feature=3 1 3 5 1
split_gain=0.0694785 0.0688563 0.0486606 0.0445856 0.0644253
threshold=0.54627344550000012 41.500000000000007 116.50000000000001 9.5000000000000018 59.500000000000007
decision_type=2 2 2 2 2
left_child=1 -1 -2 4 -3
right_child=2 3 -4 -5 -6
leaf_value=0.00032761722463633876 -0.00029231910699834186 -0.00025225272301324651 2.1185507070175353e-05 0.00017287138695058795 0.00011887622615858256
leaf_weight=2383 2482 2461 2469 2924 2228
leaf_count=2383 2482 2461 2469 2924 2228
internal_value=1.71955e-05 9.30622e-05 -0.000135978 1.96425e-05 -7.59091e-05
internal_weight=14947 9996 4951 7613 4689
internal_count=14947 9996 4951 7613 4689
is_linear=0
shrinkage=0.05


Tree=369
num_leaves=5
num_cat=0
split_feature=4 14 14 15
split_gain=0.0330813 0.0687215 0.0495667 0.0474981
threshold=5601.0000000000009 0.029985590778097985 0.016136529671151742 114.21026222651066
decision_type=10 2 2 2
left_child=1 3 -2 -1
right_child=2 -3 -4 -5
leaf_value=0.00013017671444923146 2.9804396887626786e-05 0.00028833743890648565 -0.0002598416931419822 -0.00014072688728280938
leaf_weight=2842 3518 2401 2546 3757
leaf_count=2842 3518 2401 2546 3757
internal_value=-1.53715e-06 5.92833e-05 -9.18049e-05 -2.40565e-05
internal_weight=15064 9000 6064 6599
internal_count=15064 9000 6064 6599
is_linear=0
shrinkage=0.05


Tree=370
num_leaves=7
num_cat=0
split_feature=15 15 1 3 3 3
split_gain=0.0307629 0.0628938 0.0856786 0.0377021 0.0475064 0.0296367
threshold=126.11828288186051 253.29909621575908 55.500000000000007 0.24395180550000004 0.63348510050000006 0.35438936750000005
decision_type=2 2 2 2 2 2
left_child=3 2 -2 -1 -5 -3
right_child=1 5 -4 4 -6 -7
leaf_value=9.763544867569257e-05 0.00044674664150027329 7.0690829480611695e-05 -9.7782932098728059e-06 -0.00031726632432629441 1.8816949268039206e-05 -0.00018633027874496175
leaf_weight=2243 2049 2333 2062 2193 2020 2160
leaf_count=2243 2049 2333 2062 2193 2020 2160
internal_value=1.45359e-05 7.64376e-05 0.000217762 -6.79614e-05 -0.000156125 -5.28715e-05
internal_weight=15060 8604 4111 6456 4213 4493
internal_count=15060 8604 4111 6456 4213 4493
is_linear=0
shrinkage=0.05


Tree=371
num_leaves=6
num_cat=0
split_feature=3 1 7 0 3
split_gain=0.0291066 0.0531764 0.0605716 0.0536254 0.0330676
threshold=0.53716577900000007 41.500000000000007 1.5000000000000002 0.034998853500000003 594.00000000000011
decision_type=2 2 2 2 2
left_child=1 -1 3 -3 -2
right_child=4 2 -4 -5 -6
leaf_value=0.00024388705360243643 -0.00021965970536938492 -0.00014138054777802027 -0.00025687933459544137 0.0001779551349852955 4.0809748300457062e-05
leaf_weight=2346 2946 2107 2102 3496 2078
leaf_count=2346 2946 2107 2102 3496 2078
internal_value=-1.36566e-05 3.54632e-05 -2.79971e-05 5.78694e-05 -0.000111926
internal_weight=15075 10051 7705 5603 5024
internal_count=15075 10051 7705 5603 5024
is_linear=0
shrinkage=0.05


Tree=372
num_leaves=5
num_cat=0
split_feature=1 1 4 4
split_gain=0.040722 0.0396488 0.0708756 0.0586875
threshold=37.500000000000007 48.500000000000007 5395.0000000000009 10999.500000000002
decision_type=2 2 8 8
left_child=-1 -2 -3 -4
right_child=1 2 3 -5
leaf_value=0.00018763255118396069 -0.00019495703037035816 0.00020004461420119167 -0.00025198159797688982 5.0886125329860924e-05
leaf_weight=2187 3308 3152 2979 3454
leaf_count=2187 3308 3152 2979 3454
internal_value=-1.18645e-05 -4.57046e-05 5.80575e-06 -8.93662e-05
internal_weight=15080 12893 9585 6433
internal_count=15080 12893 9585 6433
is_linear=0
shrinkage=0.05


Tree=373
num_leaves=6
num_cat=0
split_feature=15 9 4 5 5
split_gain=0.0229613 0.0626323 0.0501037 0.0384979 0.0314092
threshold=253.29909621575908 1.5000000000000002 5750.5000000000009 8.5000000000000018 8.5000000000000018
decision_type=2 8 8 2 2
left_child=1 2 -1 -4 -2
right_child=4 -3 3 -5 -6
leaf_value=0.0001127569771033406 -0.00021021538951862797 0.00027017978712520389 3.4764756692829558e-06 -0.00028968534376595665 5.4752113762835537e-05
leaf_weight=3736 2509 2349 2370 2123 2018
leaf_count=3736 2509 2349 2370 2123 2018
internal_value=2.13234e-06 4.24607e-05 -2.25426e-05 -0.000135046 -9.21009e-05
internal_weight=15105 10578 8229 4493 4527
internal_count=15105 10578 8229 4493 4527
is_linear=0
shrinkage=0.05


Tree=374
num_leaves=6
num_cat=0
split_feature=14 15 15 4 3
split_gain=0.0446339 0.0830892 0.0565713 0.0419319 0.0157306
threshold=0.043671839450189077 240.12868397706561 107.77605053768961 3200.5000000000005 0.32361857100000008
decision_type=2 2 2 10 2
left_child=1 2 3 -1 -3
right_child=-2 4 -4 -5 -6
leaf_value=0.00018562441345821009 0.00022545339779105552 6.9722300154623576e-05 -0.00024380900400776113 -0.00011290440644156945 0.00026658700171401883
leaf_weight=2001 2189 2020 4000 2854 2039
leaf_count=2001 2189 2020 4000 2854 2039
internal_value=1.66786e-05 -1.871e-05 -0.000104577 1.0135e-05 0.000168615
internal_weight=15103 12914 8855 4855 4059
internal_count=15103 12914 8855 4855 4059
is_linear=0
shrinkage=0.05


Tree=375
num_leaves=6
num_cat=0
split_feature=14 0 14 15 4
split_gain=0.0423724 0.0751134 0.0362442 0.0154224 0.0217855
threshold=0.046476333403236529 0.31808832200000003 0.020892460186639806 107.77605053768961 5897.0000000000009
decision_type=2 2 2 2 10
left_child=1 2 3 -1 -5
right_child=-2 -3 -4 4 -6
leaf_value=9.4572027265516845e-05 -0.00022787081365046298 0.00028971736296802141 -0.00022111393119505354 -0.00012604772160526023 7.6298309052760468e-05
leaf_weight=3288 2045 2114 2127 3217 2268
leaf_count=3288 2045 2114 2127 3217 2268
internal_value=-1.6292e-05 1.69552e-05 -3.59456e-05 8.94812e-06 -4.23794e-05
internal_weight=15059 13014 10900 8773 5485
internal_count=15059 13014 10900 8773 5485
is_linear=0
shrinkage=0.05


Tree=376
num_leaves=6
num_cat=0
split_feature=1 0 14 4 1
split_gain=0.0588612 0.0963671 0.0558513 0.0196499 0.0170855
threshold=57.500000000000007 0.25422703850000006 0.011631852661456764 8333.5000000000018 67.500000000000014
decision_type=2 2 2 8 2
left_child=1 3 4 -1 -2
right_child=2 -3 -4 -5 -6
leaf_value=-9.9132736493947018e-05 0.00010102570145583462 0.00032705848229148753 -0.00031239049759811946 9.0996839670104965e-05 -9.8965506212869269e-05
leaf_weight=3413 2152 2998 2115 2258 2120
leaf_count=3413 2152 2998 2115 2258 2120
internal_value=1.29215e-05 9.77797e-05 -0.000102255 -2.34296e-05 1.77913e-06
internal_weight=15056 8669 6387 5671 4272
internal_count=15056 8669 6387 5671 4272
is_linear=0
shrinkage=0.05


Tree=377
num_leaves=6
num_cat=0
split_feature=14 1 14 5 3
split_gain=0.0591318 0.0911327 0.0493488 0.0185968 0.0111986
threshold=0.046476333403236529 41.500000000000007 0.019940076820947557 9.5000000000000018 0.21331531050000005
decision_type=2 2 2 2 2
left_child=1 -1 3 4 -3
right_child=-2 2 -4 -5 -6
leaf_value=0.00029589359176324125 -0.00026513815189903588 6.3491249461977611e-05 -0.00021578573997737215 0.00013925009383524439 -8.8521429348683818e-05
leaf_weight=2489 2048 2010 2907 2469 3050
leaf_count=2489 2048 2010 2907 2469 3050
internal_value=-1.55198e-05 2.40329e-05 -4.08062e-05 2.67546e-05 -2.81369e-05
internal_weight=14973 12925 10436 7529 5060
internal_count=14973 12925 10436 7529 5060
is_linear=0
shrinkage=0.05


Tree=378
num_leaves=5
num_cat=0
split_feature=15 14 3 3
split_gain=0.0927651 0.0846653 0.0317536 0.0680908
threshold=406.32708190406623 0.029985590778097985 0.4359293265000001 0.26016005050000007
decision_type=2 2 2 2
left_child=1 2 3 -1
right_child=-2 -3 -4 -5
leaf_value=-6.4014322204873487e-05 -0.00029292075393445312 0.00027867798817779839 -0.00012646217489488114 0.00029254014260584303
leaf_weight=3850 2124 3382 3724 2053
leaf_count=3850 2124 3382 3724 2053
internal_value=1.34481e-05 6.34694e-05 -1.21341e-05 5.99915e-05
internal_weight=15133 13009 9627 5903
internal_count=15133 13009 9627 5903
is_linear=0
shrinkage=0.05


Tree=379
num_leaves=6
num_cat=0
split_feature=14 14 1 9 14
split_gain=0.0483988 0.0711733 0.0198378 0.0421564 0.0369771
threshold=0.042395505382465955 0.025810182647400624 56.500000000000007 1.0000000180025095e-35 0.006946312513977016
decision_type=2 2 2 8 2
left_child=1 2 3 -1 -4
right_child=-2 -3 4 -5 -6
leaf_value=-0.00023026601730342071 -0.00020881190748282881 0.00029032004596346399 -7.1596734439647997e-05 6.314034147044538e-05 0.0001875204106524503
leaf_weight=2485 2223 2385 2874 2413 2643
leaf_count=2485 2223 2385 2874 2413 2643
internal_value=6.53787e-06 4.39381e-05 -1.24826e-05 -8.57194e-05 5.25371e-05
internal_weight=15023 12800 10415 4898 5517
internal_count=15023 12800 10415 4898 5517
is_linear=0
shrinkage=0.05


Tree=380
num_leaves=5
num_cat=0
split_feature=4 15 14 3
split_gain=0.0378939 0.0559737 0.0611239 0.0136551
threshold=8869.0000000000018 79.365803252464019 0.025810182647400624 0.57056976850000007
decision_type=10 2 2 2
left_child=1 -1 3 -3
right_child=-2 2 -4 -5
leaf_value=-0.00013567847748498961 -0.00017638277577491969 -4.8023562990388403e-05 0.00029606222721661243 0.00011017062756387249
leaf_weight=3642 2760 3813 2685 2124
leaf_count=3642 2760 3813 2685 2124
internal_value=-8.99506e-06 2.86754e-05 9.80997e-05 8.57143e-06
internal_weight=15024 12264 8622 5937
internal_count=15024 12264 8622 5937
is_linear=0
shrinkage=0.05


Tree=381
num_leaves=6
num_cat=0
split_feature=4 3 14 14 1
split_gain=0.0344724 0.0549488 0.0779201 0.0415376 0.0118291
threshold=11303.500000000002 0.21331531050000005 0.03563441594867215 0.014751980416822496 57.500000000000007
decision_type=8 2 2 2 2
left_child=1 -1 3 -3 -2
right_child=4 2 -4 -5 -6
leaf_value=8.7364100781858444e-05 0.00018498029479926484 -0.00017764478721297224 -0.00041181271420924622 0.00011856151344490532 2.2378050000274701e-05
leaf_weight=3808 2165 2547 2002 2211 2314
leaf_count=3808 2165 2547 2002 2211 2314
internal_value=-1.52737e-05 -6.45428e-05 -0.000150114 -4.00004e-05 0.000100975
internal_weight=15047 10568 6760 4758 4479
internal_count=15047 10568 6760 4758 4479
is_linear=0
shrinkage=0.05


Tree=382
num_leaves=6
num_cat=0
split_feature=14 1 14 14 4
split_gain=0.113571 0.050166 0.0851808 0.0265995 0.0252084
threshold=0.041158150674328181 41.500000000000007 0.021861494210487501 0.010159559682860938 9992.5000000000018
decision_type=2 2 2 2 8
left_child=1 -1 3 4 -3
right_child=-2 2 -4 -5 -6
leaf_value=0.00015414491214078144 0.00031982968917349799 -0.00017954447326851294 -0.00036609353686897794 0.0001248593596787683 3.0044320557686761e-05
leaf_weight=2394 2450 2990 2327 2218 2758
leaf_count=2394 2450 2990 2327 2218 2758
internal_value=8.16994e-06 -5.2015e-05 -9.99648e-05 -2.22242e-05 -7.89798e-05
internal_weight=15137 12687 10293 7966 5748
internal_count=15137 12687 10293 7966 5748
is_linear=0
shrinkage=0.05


Tree=383
num_leaves=6
num_cat=0
split_feature=1 4 14 4 0
split_gain=0.0783559 0.113603 0.128359 0.0196623 0.0127267
threshold=43.500000000000007 8869.0000000000018 0.026258552990754341 5125.5000000000009 0.039097261000000001
decision_type=2 10 2 8 2
left_child=-1 2 3 -2 -5
right_child=1 -3 -4 4 -6
leaf_value=-0.00022738963935786064 0.00011973122440115439 -0.00027767186261456762 0.00045185854423423924 -0.00014784403333368271 2.517550182124615e-05
leaf_weight=3858 2486 2321 2147 2029 2232
leaf_count=3858 2486 2321 2147 2029 2232
internal_value=-3.30218e-05 3.38415e-05 0.000115135 7.98399e-06 -5.72128e-05
internal_weight=15073 11215 8894 6747 4261
internal_count=15073 11215 8894 6747 4261
is_linear=0
shrinkage=0.05


Tree=384
num_leaves=7
num_cat=0
split_feature=1 1 15 7 15 14
split_gain=0.0570983 0.0480685 0.0335033 0.0260188 0.00965104 0.00473535
threshold=37.500000000000007 50.500000000000007 73.757241183417861 1.0000000180025095e-35 203.31429327690594 0.021446501348364729
decision_type=2 2 2 2 2 2
left_child=-1 5 -3 -4 -5 -2
right_child=1 2 3 4 -6 -7
leaf_value=0.00025052219175707217 -0.0001158956156264187 -0.00012394533862338203 0.00023718627244679694 -5.4650682861085196e-05 9.4010328937540078e-05 -0.00022424380979484105
leaf_weight=2158 2001 2364 2171 2022 2373 2033
leaf_count=2158 2001 2364 2171 2022 2373 2033
internal_value=1.23885e-05 -2.72514e-05 3.74588e-05 9.55702e-05 2.56161e-05 -0.000170499
internal_weight=15122 12964 8930 6566 4395 4034
internal_count=15122 12964 8930 6566 4395 4034
is_linear=0
shrinkage=0.05


Tree=385
num_leaves=6
num_cat=0
split_feature=1 1 14 14 1
split_gain=0.0363986 0.099204 0.13103 0.0461677 0.0185417
threshold=56.500000000000007 43.500000000000007 0.015110870123569533 0.011232086651081066 67.500000000000014
decision_type=2 2 2 2 2
left_child=1 -1 -3 4 -2
right_child=3 2 -4 -5 -6
leaf_value=-0.00010119589450175245 0.00012041197920111376 -4.7023738982223748e-05 0.00049911174289232556 -0.00024943319143906937 -8.420876088729614e-05
leaf_weight=3883 2322 2052 2363 2398 2116
leaf_count=3883 2322 2052 2363 2398 2116
internal_value=1.27683e-05 8.31483e-05 0.000245279 -7.26638e-05 2.28506e-05
internal_weight=15134 8298 4415 6836 4438
internal_count=15134 8298 4415 6836 4438
is_linear=0
shrinkage=0.05


Tree=386
num_leaves=6
num_cat=0
split_feature=4 14 4 5 3
split_gain=0.0335995 0.135959 0.0528344 0.0615165 0.038454
threshold=3452.0000000000005 0.012353410193981972 5000.5000000000009 11.500000000000002 0.26967818800000004
decision_type=10 2 10 2 2
left_child=1 -1 -2 4 -4
right_child=2 -3 3 -5 -6
leaf_value=-0.00014630419672076412 -0.00027044502855606091 0.00033521288685843303 -2.3174988043474272e-05 -0.00022558972953701467 0.00026312662512458011
leaf_weight=3059 2398 2815 2706 2067 2070
leaf_count=3059 2398 2815 2706 2067 2070
internal_value=-9.04934e-06 8.44535e-05 -6.8484e-05 2.28944e-06 0.000100913
internal_weight=15115 5874 9241 6843 4776
internal_count=15115 5874 9241 6843 4776
is_linear=0
shrinkage=0.05


Tree=387
num_leaves=6
num_cat=0
split_feature=15 15 3 14 3
split_gain=0.0229053 0.0340361 0.0450413 0.137512 0.0311121
threshold=100.38455094389785 146.81976723985898 0.65905319950000008 0.014272216359486589 0.32670399850000004
decision_type=2 2 2 2 2
left_child=4 -2 3 -3 -1
right_child=1 2 -4 -5 -6
leaf_value=-4.7896673560529052e-05 -0.0002266581229612898 -0.00016274658168405484 -0.00019271759618930565 0.00032956201198755845 0.00019509544750162579
leaf_weight=2398 2011 2907 2118 2770 2923
leaf_count=2398 2011 2907 2118 2770 2923
internal_value=2.06286e-06 -4.32595e-05 4.05473e-06 7.74674e-05 8.55869e-05
internal_weight=15127 9806 7795 5677 5321
internal_count=15127 9806 7795 5677 5321
is_linear=0
shrinkage=0.05


Tree=388
num_leaves=6
num_cat=0
split_feature=14 3 14 4 5
split_gain=0.0808119 0.0485298 0.0494619 0.0462844 0.0426166
threshold=0.046476333403236529 0.48256165150000002 0.015110870123569533 5395.0000000000009 9.5000000000000018
decision_type=2 2 2 10 2
left_child=1 3 -3 -1 -5
right_child=-2 2 -4 4 -6
leaf_value=-0.00017291636807122639 -0.00029676822355164843 2.9730773730711881e-05 0.0003592628593086312 0.0001878006539126448 -0.00010985071770446469
leaf_weight=3368 2032 2639 2003 2963 2024
leaf_count=3368 2032 2639 2003 2963 2024
internal_value=-3.54228e-06 4.23018e-05 0.000171922 -2.97148e-05 6.69973e-05
internal_weight=15029 12997 4642 8355 4987
internal_count=15029 12997 4642 8355 4987
is_linear=0
shrinkage=0.05


Tree=389
num_leaves=5
num_cat=0
split_feature=0 4 9 14
split_gain=0.0683046 0.0671827 0.0495071 0.0713863
threshold=0.43209221150000005 3680.5000000000005 1.0000000180025095e-35 0.010159559682860938
decision_type=2 8 10 2
left_child=1 -1 3 -3
right_child=-2 2 -4 -5
leaf_value=-0.00026937894756946795 0.00024410631409351011 -2.5029538551901168e-05 -0.00011977988227003105 0.00032624606347680463
leaf_weight=2473 2635 3761 3800 2350
leaf_count=2473 2635 3761 3800 2350
internal_value=1.29452e-05 -3.62399e-05 2.19331e-05 0.000110054
internal_weight=15019 12384 9911 6111
internal_count=15019 12384 9911 6111
is_linear=0
shrinkage=0.05


Tree=390
num_leaves=5
num_cat=0
split_feature=0 3 1 15
split_gain=0.117365 0.0203947 0.0428241 0.0264789
threshold=0.39924481000000006 0.40554932900000001 53.500000000000007 185.62212128545761
decision_type=2 2 2 2
left_child=1 3 -3 -1
right_child=-2 2 -4 -5
leaf_value=7.5063468849441621e-05 -0.00030680535555955413 0.000278087771029722 -8.5932720830395217e-06 -0.00012197889365746138
leaf_weight=3948 2917 2369 2894 3001
leaf_count=3948 2917 2369 2894 3001
internal_value=-2.18612e-05 4.62015e-05 0.000120449 -1.00314e-05
internal_weight=15129 12212 5263 6949
internal_count=15129 12212 5263 6949
is_linear=0
shrinkage=0.05


Tree=391
num_leaves=6
num_cat=0
split_feature=3 1 14 5 14
split_gain=0.0509987 0.0950671 0.047898 0.0261295 0.0178929
threshold=0.48256165150000002 52.500000000000007 0.03070752170261323 8.5000000000000018 0.0091026660247007594
decision_type=2 2 2 2 2
left_child=2 -2 3 4 -1
right_child=1 -3 -4 -5 -6
leaf_value=4.4140971158556e-05 0.00039944433225528046 -1.6933673729943229e-05 -0.00024868265818342911 0.00013534501421984333 -0.00015916607455137481
leaf_weight=2224 2338 3314 2046 3100 2108
leaf_count=2224 2338 3314 2046 3100 2108
internal_value=3.64306e-05 0.000155305 -3.44575e-05 2.45179e-05 -5.47905e-05
internal_weight=15130 5652 9478 7432 4332
internal_count=15130 5652 9478 7432 4332
is_linear=0
shrinkage=0.05


Tree=392
num_leaves=6
num_cat=0
split_feature=4 3 4 4 3
split_gain=0.0320693 0.0578686 0.121257 0.0319485 0.0299469
threshold=2677.0000000000005 0.30700602800000004 5750.5000000000009 6200.5000000000009 594.00000000000011
decision_type=10 2 10 10 2
left_child=4 3 -3 -2 -1
right_child=1 2 -4 -5 -6
leaf_value=-0.00020459769667540686 -0.00018044891445264633 0.00047879039167186463 -4.4934391005912693e-05 5.7625392266292885e-05 4.5767156695531419e-05
leaf_weight=2789 2507 2030 2426 3218 2089
leaf_count=2789 2507 2030 2426 3218 2089
internal_value=8.03316e-06 5.85391e-05 0.000193657 -4.66283e-05 -9.73791e-05
internal_weight=15059 10181 4456 5725 4878
internal_count=15059 10181 4456 5725 4878
is_linear=0
shrinkage=0.05


Tree=393
num_leaves=6
num_cat=0
split_feature=4 1 4 14 0
split_gain=0.044422 0.0883509 0.0546241 0.08846 0.00822871
threshold=3452.0000000000005 45.500000000000007 8869.0000000000018 0.018368184544794424 0.028599708500000005
decision_type=8 2 10 2 2
left_child=-1 -2 3 4 -3
right_child=1 2 -4 -5 -6
leaf_value=0.00014716406471262377 -0.00029709857026205891 -0.0001236750173093756 -0.00021535216966544546 0.00033398143438754927 9.8927026242610983e-06
leaf_weight=2727 3303 2083 2142 2215 2583
leaf_count=2727 3303 2083 2142 2215 2583
internal_value=-3.54466e-05 -7.58473e-05 5.14489e-06 7.37838e-05 -4.97347e-05
internal_weight=15053 12326 9023 6881 4666
internal_count=15053 12326 9023 6881 4666
is_linear=0
shrinkage=0.05


Tree=394
num_leaves=6
num_cat=0
split_feature=0 0 1 15 15
split_gain=0.0664137 0.0283475 0.0398304 0.0813915 0.0148572
threshold=0.46512612800000003 0.0046896650000000008 50.500000000000007 156.92697154722825 116.72236812471165
decision_type=2 2 2 2 2
left_child=1 -1 3 -3 -4
right_child=-2 2 4 -5 -6
leaf_value=0.00016934149555198632 -0.00028793131365317473 5.771973983485784e-05 -4.8046557415352496e-05 -0.00038097719467847935 0.00010679027488590267
leaf_weight=2079 2367 2216 2563 2022 3917
leaf_count=2079 2367 2216 2563 2022 3917
internal_value=-4.46285e-05 3.7401e-07 -3.24011e-05 -0.000151588 4.55485e-05
internal_weight=15164 12797 10718 4238 6480
internal_count=15164 12797 10718 4238 6480
is_linear=0
shrinkage=0.05


Tree=395
num_leaves=6
num_cat=0
split_feature=4 1 4 0 4
split_gain=0.0753729 0.0831871 0.0385002 0.0462425 0.0169109
threshold=1600.5000000000002 41.500000000000007 9254.0000000000018 0.22059224200000002 5250.5000000000009
decision_type=10 2 10 2 10
left_child=-1 -2 3 4 -3
right_child=1 2 -4 -5 -6
leaf_value=-0.00016554091936271621 0.00034025212558120221 7.6683085202489077e-05 -0.00016666038610128474 0.00026918515905836817 -0.00011993031314279587
leaf_weight=3957 2535 2310 2189 2094 2077
leaf_count=3957 2535 2310 2189 2094 2077
internal_value=2.20545e-05 8.83031e-05 1.46363e-05 7.58705e-05 -1.64024e-05
internal_weight=15162 11205 8670 6481 4387
internal_count=15162 11205 8670 6481 4387
is_linear=0
shrinkage=0.05


Tree=396
num_leaves=5
num_cat=0
split_feature=4 14 1 1
split_gain=0.0528705 0.079706 0.0552055 0.0774314
threshold=3452.0000000000005 0.01729465325404151 48.500000000000007 58.500000000000007
decision_type=10 2 2 2
left_child=1 -1 -2 -4
right_child=2 -3 3 -5
leaf_value=-1.0387662796689004e-05 -0.00020519392037016376 0.00036529881108189843 0.00026418998243208459 -0.00010983130857130722
leaf_weight=3460 3514 2385 2382 3302
leaf_count=3460 3514 2385 2382 3302
internal_value=2.53196e-05 0.000142908 -4.94036e-05 4.69102e-05
internal_weight=15043 5845 9198 5684
internal_count=15043 5845 9198 5684
is_linear=0
shrinkage=0.05


Tree=397
num_leaves=6
num_cat=0
split_feature=15 4 4 0 0
split_gain=0.0374284 0.0880277 0.0895972 0.0449233 0.0448238
threshold=253.29909621575908 3400.5000000000005 7499.5000000000009 0.09458221700000001 0.11395827000000001
decision_type=2 8 8 2 2
left_child=1 -1 -3 -2 -4
right_child=3 2 4 -5 -6
leaf_value=0.00038078697533167213 7.715984877890809e-05 -0.00016326766214048131 3.3040715227641058e-05 -0.00023895488212932492 0.00034448476936744393
leaf_weight=2137 2289 3688 2715 2208 2011
leaf_count=2137 2289 3688 2715 2208 2011
internal_value=4.27354e-05 9.42162e-05 2.14325e-05 -7.80506e-05 0.000165566
internal_weight=15048 10551 8414 4497 4726
internal_count=15048 10551 8414 4497 4726
is_linear=0
shrinkage=0.05


Tree=398
num_leaves=6
num_cat=0
split_feature=0 5 0 5 14
split_gain=0.0340516 0.0943247 0.0260914 0.0303948 0.025035
threshold=0.18422227450000003 9.5000000000000018 0.083342923000000013 9.5000000000000018 0.0083105465940936964
decision_type=2 2 2 2 2
left_child=2 -2 3 4 -1
right_child=1 -3 -4 -5 -6
leaf_value=-2.4804878735794648e-05 -0.0002668059379180399 0.00016297080335101095 0.00019368243552915488 -0.00014352226472023218 0.00020179762608343182
leaf_weight=2811 3426 2035 2369 2392 2152
leaf_count=2811 3426 2035 2369 2392 2152
internal_value=-6.74094e-06 -0.000106653 4.93696e-05 2.88739e-06 7.34519e-05
internal_weight=15185 5461 9724 7355 4963
internal_count=15185 5461 9724 7355 4963
is_linear=0
shrinkage=0.05


Tree=399
num_leaves=7
num_cat=0
split_feature=4 14 14 4 0 14
split_gain=0.0813125 0.0461431 0.0353018 0.0571962 0.0184333 0.0119723
threshold=2901.5000000000005 0.041158150674328181 0.011631852661456764 7055.0000000000009 0.060034670000000005 0.0061485369884320016
decision_type=8 2 2 8 2 2
left_child=-1 2 4 -4 5 -2
right_child=1 -3 3 -5 -6 -7
leaf_value=-0.00028886380455838258 -6.0560254996696071e-05 0.00026974139948256773 -0.00027387636907077003 7.8949079488442974e-05 0.00020744505204258119 0.00010534509066423559
leaf_weight=2043 2061 2025 2276 2319 2094 2302
leaf_count=2043 2061 2025 2276 2319 2094 2302
internal_value=4.49058e-06 5.03209e-05 1.01176e-05 -9.58128e-05 8.5501e-05 2.69745e-05
internal_weight=15120 13077 11052 4595 6457 4363
internal_count=15120 13077 11052 4595 6457 4363
is_linear=0
shrinkage=0.05


end of trees

feature_importances:
pd_cal=380
MonthlyIncome=340
spend_pre=318
DebtRatio=236
RevolvingUtilizationOfUnsecuredLines=232
age=209
NumberOfOpenCreditLinesAndLoans=147
NumberOfDependents=37
NumberRealEstateLoansOrLines=17
income_missing_flag=2

parameters:
[boosting: gbdt]
[objective: regression]
[metric: l2]
[tree_learner: serial]
[device_type: cpu]
[data_sample_strategy: bagging]
[data: ]
[valid: ]
[num_iterations: 400]
[learning_rate: 0.05]
[num_leaves: 15]
[num_threads: 8]
[seed: 20260722]
[deterministic: 0]
[force_col_wise: 0]
[force_row_wise: 0]
[histogram_pool_size: -1]
[max_depth: -1]
[min_data_in_leaf: 2000]
[min_sum_hessian_in_leaf: 0.001]
[bagging_fraction: 0.8]
[pos_bagging_fraction: 1]
[neg_bagging_fraction: 1]
[bagging_freq: 1]
[bagging_seed: 22340]
[bagging_by_query: 0]
[feature_fraction: 0.8]
[feature_fraction_bynode: 1]
[feature_fraction_seed: 15416]
[extra_trees: 0]
[extra_seed: 16664]
[early_stopping_round: 0]
[early_stopping_min_delta: 0]
[first_metric_only: 0]
[max_delta_step: 0]
[lambda_l1: 0]
[lambda_l2: 0]
[linear_lambda: 0]
[min_gain_to_split: 0]
[drop_rate: 0.1]
[max_drop: 50]
[skip_drop: 0.5]
[xgboost_dart_mode: 0]
[uniform_drop: 0]
[drop_seed: 24626]
[top_rate: 0.2]
[other_rate: 0.1]
[min_data_per_group: 100]
[max_cat_threshold: 32]
[cat_l2: 10]
[cat_smooth: 10]
[max_cat_to_onehot: 4]
[top_k: 20]
[monotone_constraints: ]
[monotone_constraints_method: basic]
[monotone_penalty: 0]
[feature_contri: ]
[forcedsplits_filename: ]
[refit_decay_rate: 0.9]
[cegb_tradeoff: 1]
[cegb_penalty_split: 0]
[cegb_penalty_feature_lazy: ]
[cegb_penalty_feature_coupled: ]
[path_smooth: 0]
[interaction_constraints: ]
[verbosity: -1]
[saved_feature_importance_type: 0]
[use_quantized_grad: 0]
[num_grad_quant_bins: 4]
[quant_train_renew_leaf: 0]
[stochastic_rounding: 1]
[linear_tree: 0]
[max_bin: 255]
[max_bin_by_feature: ]
[min_data_in_bin: 3]
[bin_construct_sample_cnt: 200000]
[data_random_seed: 4439]
[is_enable_sparse: 1]
[enable_bundle: 1]
[use_missing: 1]
[zero_as_missing: 0]
[feature_pre_filter: 1]
[pre_partition: 0]
[two_round: 0]
[header: 0]
[label_column: ]
[weight_column: ]
[group_column: ]
[ignore_column: ]
[categorical_feature: ]
[forcedbins_filename: ]
[precise_float_parser: 0]
[parser_config_file: ]
[objective_seed: 28388]
[num_class: 1]
[is_unbalance: 0]
[scale_pos_weight: 1]
[sigmoid: 1]
[boost_from_average: 1]
[reg_sqrt: 0]
[alpha: 0.9]
[fair_c: 1]
[poisson_max_delta_step: 0.7]
[tweedie_variance_power: 1.5]
[lambdarank_truncation_level: 30]
[lambdarank_norm: 1]
[label_gain: ]
[lambdarank_position_bias_regularization: 0]
[eval_at: ]
[multi_error_top_k: 1]
[auc_mu_weights: ]
[num_machines: 1]
[local_listen_port: 12400]
[time_out: 120]
[machine_list_filename: ]
[machines: ]
[gpu_platform_id: -1]
[gpu_device_id: -1]
[gpu_device_id_list: ]
[gpu_use_dp: 0]
[num_gpu: 1]

end of parameters

pandas_categorical:[]
